key,name,s_i,seat_turn,corr_size,corr_pool,seat_net,size_neutral_net,pool_turn,T2,T3,dNA,dNB_steady,dNB_first,Tstar_K1,NC6_2_K1,NC6_3_K1,dNC2_K1,dNC3_K1,dNC_exp_K1,dComb_K1,dpoints_K1,Tstar_K2,NC6_2_K2,NC6_3_K2,dNC2_K2,dNC3_K2,dNC_exp_K2,dComb_K2,dpoints_K2,Tstar_K3,NC6_2_K3,NC6_3_K3,dNC2_K3,dNC3_K3,dNC_exp_K3,dComb_K3,dpoints_K3,dpoints_mean,turn_bucket,size_pass,gate_pass
t10_size_plus_impact_downside,T10-ADD-DOWNSIDE-IMPACT-20260911,0.034085006206315,0.2762584551977267,0.6834117184749838,0.8181550503628672,0.2187171092238739,0.070263546947767,0.1748940690261616,0.3497881380523232,0.5246822070784849,0.0311742625481562,0.0415656833975416,-0.0531148893977777,0.3012407605865208,0.8644759271637052,0.5763172847758035,-0.13552407283629475,-0.12578348541240136,-0.11858523939121443,-0.03258051602727569,-1433.5427052001305,0.34080343733333335,0.9757263872458471,0.6504842581638981,-0.02427361275415285,-0.14382510212533373,-0.03539496831663544,0.004855105956284852,213.62466207653347,0.42466909615544246,1.0,0.810556853942821,0.0,-0.17921789933207288,-0.020914728852052904,0.011371213715346995,500.3334034752678,-239.8615465494431,<=30%,False,False
impact_abs_return60,VERIFY10-G260910-13,0.0121418007069564,0.1044853007812934,0.8045641388910239,0.8579281892954664,0.1626813974448477,-0.0302503693616938,0.1332265180126082,0.2664530360252165,0.3996795540378248,-0.0145407489088407,-0.0193876652117876,-0.0531148893977777,0.3012407605865208,1.0,0.8013016448601016,0.0,0.09920087467189675,0.01157674207421035,-0.004484298672499142,-197.30914158996222,0.34080343733333335,1.0,0.9082393296419282,0.0,0.11392996935269639,0.01329562742345967,-0.003710800265336949,-163.27521167482575,0.42466909615544246,1.0,1.0,0.0,0.010225246725106163,0.0011932862928198892,-0.00915685377412485,-402.90156606149344,-254.4953064420938,<=30%,False,False
t10_size_plus_impact_aggregate,T10-ADD-AGG-IMPACT-20260911,0.0347261489275538,0.272199804497401,0.695208916091489,0.8266448511022446,0.2260940820492591,0.0719409104035384,0.1739453647454457,0.3478907294908915,0.5218360942363373,0.0325099765507372,0.043346635400983,-0.0531148893977777,0.3012407605865208,0.8559919995685776,0.5706613330457184,-0.14400800043142237,-0.1314394371424864,-0.12660821616456178,-0.03530037957356131,-1553.2167012366976,0.34080343733333335,0.9667361422286024,0.6444907614857349,-0.03326385777139762,-0.1498185988034969,-0.042987230233698645,0.002329064095327099,102.47882019439236,0.42466909615544246,1.0,0.8030884644305502,0.0,-0.18668628884434368,-0.021786289908134908,0.011869487241830779,522.2574386405543,-309.4934808005837,<=30%,False,False
t10_size_plus_impact_g13,T10-ADD-G13-20260911,0.0330197653655215,0.2703127146326537,0.7105193222518402,0.8328459338508464,0.2261392820395543,0.0714795225348132,0.1740118818517874,0.3480237637035749,0.5220356455553623,0.0289550107965032,0.0386066810620042,-0.0531148893977777,0.3012407605865208,0.8630658930066145,0.5753772620044098,-0.13693410699338548,-0.12672350818379507,-0.11977601323687753,-0.03459586542559279,-1522.2180787260827,0.34080343733333335,0.9757057876539604,0.6504705251026404,-0.024294212346039568,-0.14383883518659146,-0.03541236467198376,0.0033677764286094147,148.18216285881425,0.42466909615544246,1.0,0.8105397414196688,0.0,-0.17923501185522506,-0.020916725883504763,0.009890813883424965,435.1958108706985,-312.9467016655233,<=30%,False,False
t10_size_plus_impact_wc,T10-SIZE-PLUS-IMPACT-WC,0.0353263081259031,0.2826150852672086,0.5863456032947421,0.7314137459522745,0.1973742568012564,0.0647669691466171,0.1780402152189381,0.3560804304378763,0.5341206456568145,0.0337603082139649,0.0450137442852865,-0.0531148893977777,0.3012407605865208,0.8273749249468767,0.5515832832979177,-0.1726250750531233,-0.1505174868902871,-0.15201116421985436,-0.04589815175629121,-2019.5186772768132,0.34080343733333335,0.9334370089793732,0.622291339319582,-0.0665629910206268,-0.1720180209696498,-0.0711083482626727,-0.009491884575559464,-417.6429213246164,0.42466909615544246,1.0,0.7754261596714216,0.0,-0.21434859360347225,-0.025014480873525213,0.011250355749556906,495.0156529805039,-647.3819818736418,<=30%,False,False
fnet01_qfq,F-NET01-PLAT-20260914 (qfq 口径),0.0130075901827923,0.126992838178948,0.6146300473317697,0.8205034133144864,0.1794793682611893,0.1276395766948854,0.1446401486629962,0.2892802973259925,0.4339204459889887,-0.0127370208341825,-0.0169826944455767,-0.0531148893977777,0.3012407605865208,0.9529801480039151,0.658862810093142,-0.04701985199608494,-0.043237960095062866,-0.04657850521123566,-0.029451674567844394,-1295.8736809851532,0.34080343733333335,1.0,0.7214752432740412,0.0,-0.0728341170151906,-0.008499741455672742,-0.012316230877841079,-541.9141586250074,0.42466909615544246,1.0,0.8990174566814669,0.0,-0.0907572965934269,-0.01059137651245292,-0.013257466653392159,-583.328532749255,-807.0387907864718,<=30%,False,False
t10_size_plus_impact,T10-SIZE-PLUS-IMPACT,0.0349436829035825,0.3080090460414191,0.6054679017156352,0.7376287172971366,0.2008359295538057,0.0572785300896048,0.1838091130780682,0.3676182261561365,0.5514273392342047,0.0329631723341302,0.0439508964455069,-0.0531148893977777,0.3012407605865208,0.8102836395348777,0.5401890930232518,-0.1897163604651223,-0.16191167716495303,-0.165176529648923,-0.052353990119261895,-2303.575565247523,0.34080343733333335,0.9129198189827082,0.6086132126551389,-0.08708018101729176,-0.18569614763409292,-0.08843511521485624,-0.017820353623931858,-784.0955594530018,0.42466909615544246,1.0,0.7583820895377996,0.0,-0.23139266373709422,-0.027003523858118893,0.00982386248659995,432.24994941039785,-885.1403917633758,30-40%,False,False
t10_size_plus_impact_fscore,T10-ADD-FSCORE-20260911,0.0341054845035453,0.3186568732130291,0.5574345968935539,0.7022767074516658,0.1961385452564856,0.0600167164184878,0.1857555190316782,0.3715110380633565,0.5572665570950348,0.031216925667386,0.0416225675565147,-0.0531148893977777,0.3012407605865208,0.7982892433559234,0.5321928289039489,-0.20171075664407656,-0.1699079412842559,-0.1758117513526696,-0.05830400433044397,-2565.3761905395345,0.34080343733333335,0.8944945272695032,0.5963296848463354,-0.10550547273049682,-0.1979796754428964,-0.10399527406665793,-0.02598658955173872,-1143.4099402765037,0.42466909615544246,1.0,0.743075804211039,0.0,-0.2466989490638548,-0.028789767355751856,0.007855888468169012,345.6590925994365,-1121.0423460722006,30-40%,False,False
growth_roe,NEW-GROWTH-ROE-TTM,5.354260320461283e-05,0.0946063411289289,-0.1161273712298215,-0.1315436176914539,-0.025345837364929,0.0021699413770207,0.1510288487600855,0.302057697520171,0.4530865462802566,-0.0397246199583237,-0.0529661599444316,-0.0531148893977777,0.3012407605865208,1.0,0.7186258877167845,0.0,0.016525117528579658,0.0019284812155852462,-0.02561526342520244,-1127.0715907089073,0.34080343733333335,1.0,0.8058541908110303,0.0,0.011544830521798444,0.0013472817218938783,-0.025876803197363556,-1138.5793406839964,0.42466909615544246,1.0,1.0,0.0,0.010225246725106163,0.0011932862928198892,-0.02594610114044685,-1141.6284501796615,-1135.7597938575218,<=30%,True,False
asset_growth,F-AG260921-T10,0.0004164229567799,0.0557261276349645,-0.1850682471442706,-0.2063279988647066,-0.0608296683437026,-0.0270897037358503,0.144859009348719,0.2897180186974381,0.4345770280461571,-0.0389686192217084,-0.051958158962278,-0.0531148893977777,0.3012407605865208,1.0,0.6916291292098146,0.0,-0.010471640978390262,-0.0012220405021781437,-0.026528997707119143,-1167.2758991132423,0.34080343733333335,1.0,0.7733986971957382,0.0,-0.020910663093493653,-0.002440274383010709,-0.027077202953493796,-1191.396929953727,0.42466909615544246,1.0,0.9637183482532524,0.0,-0.026056405021641416,-0.0030407824660255533,-0.027347431590850478,-1203.286989997421,-1187.31993968813,<=30%,True,False
quality_net_margin_tsrank378,REPORT-HIST-NETMARGIN-6Q-10D-20260910,7.722337560115373e-08,0.1952297690639394,-0.0844548398390843,-0.1432593908087293,-0.042827378149952,-0.0155173937935048,0.1538302989036332,0.3076605978072664,0.4614908967108997,-0.0398360061663008,-0.0531146748884011,-0.0531148893977777,0.3012407605865208,1.0,0.6962692588573425,0.0,-0.005831511330862349,-0.0006805373723116361,-0.02686357926174078,-1181.9974875165944,0.34080343733333335,1.0,0.7781776149670453,0.0,-0.01613174532218653,-0.001882574679099168,-0.027404496049795172,-1205.7978261909875,0.42466909615544246,1.0,0.9696732726120616,0.0,-0.02010148066283224,-0.002345842793352522,-0.02761296670120918,-1214.9705348532038,-1200.921949520262,<=30%,True,False
growth_revenue,NEW-GROWTH-REV-TTM,3.918294338255119e-05,0.0760952300449054,-0.1468562201502424,-0.1939210157148176,-0.0253722450626663,0.0142546297695445,0.1490972484317449,0.2981944968634899,0.4472917452952348,-0.0397545359162863,-0.0530060478883818,-0.0531148893977777,0.3012407605865208,1.0,0.6986807595346973,0.0,-0.0034200106535074992,-0.00039911524326432515,-0.026682625803659835,-1174.0355353610328,0.34080343733333335,1.0,0.773800801974319,0.0,-0.020508558314912828,-0.002393348755350327,-0.027580030884098536,-1213.5213589003356,0.42466909615544246,1.0,0.9642194038594277,0.0,-0.02555534941546611,-0.002982309276784895,-0.02784506311874409,-1225.18277722474,-1204.246557162036,<=30%,True,False
paper_composite,paper-derived-composite,0.0106335410998721,0.094363359415713,0.537472003904885,0.7232684523572847,0.1160040831515824,-0.0020236011438516,0.1330712360609735,0.2661424721219471,0.3992137081829207,-0.0176829564235996,-0.0235772752314661,-0.0531148893977777,0.3012407605865208,0.8957166159537286,0.6731106153874674,-0.10428338404627135,-0.02899015480073741,-0.09549666419331754,-0.05476213650272595,-2409.5340061199418,0.34080343733333335,1.0,0.7555930126095228,0.0,-0.038716347679708996,-0.00451819777422204,-0.013821826614132973,-608.1603710218508,0.42466909615544246,1.0,0.9415310016735841,0.0,-0.04824375160130978,-0.005630045811872851,-0.014322158231075837,-630.1749621673368,-1215.9564464363766,<=30%,False,False
ev_ebitda_proxy,NEW-VALUE-EVEBITDA,0.0008008593080198,0.0713887252898342,0.0293191664227842,0.1083116924043785,-0.0132877677130588,-0.0469547771806463,0.1447448205205299,0.2894896410410599,0.4342344615615898,-0.0381677101566253,-0.0508902802088337,-0.0531148893977777,0.3012407605865208,0.9923564725435575,0.6855903160989489,-0.007643527456442478,-0.016510454089255888,-0.008678297794491804,-0.029350374111938166,-1291.4164609252794,0.34080343733333335,1.0,0.7708659270166286,0.0,-0.02344343327260323,-0.002735848662912797,-0.026676272002727614,-1173.755968120015,0.42466909615544246,1.0,0.9605623084223516,0.0,-0.029212444852542263,-0.003409092314291682,-0.02697923164584811,-1187.0861924173169,-1217.419540487537,<=30%,True,False
ltmom_exhigh252_21,NONHT-LTMOM-EXHIGH-252-21,0.0030903879122006,0.184958015006715,0.242314306329799,0.2576637135958627,-0.0040750646931667,-0.0871577995711007,0.1325331020806052,0.2650662041612104,0.3975993062418156,-0.0333978588979153,-0.0445304785305537,-0.0531148893977777,0.3012407605865208,0.9407180535427412,0.7097985626040857,-0.059281946457258816,0.007697792415880866,-0.05146541093076342,-0.0454246741841204,-1998.6856641012976,0.34080343733333335,1.0,0.8130568433765405,0.0,0.01874748308730867,0.0021878312762889218,-0.02128071519094684,-936.351468401661,0.42466909615544246,1.0,1.0,0.0,0.010225246725106163,0.0011932862928198892,-0.021728260433507906,-956.0434590743479,-1297.0268638591021,<=30%,True,False
momentum120,HT13-MOMENTUM-120D-D0,0.0123008781294459,0.3565887736029862,0.0706594317703039,0.2536700910310818,0.0279182702519016,-0.0386869933514118,0.1695215342299669,0.3390430684599339,0.5085646026899009,-0.0142093376119877,-0.0189457834826503,-0.0531148893977777,0.3012407605865208,0.8826453551928684,0.5884302367952455,-0.11735464480713165,-0.1136705333929593,-0.10353079586796717,-0.05606174988191037,-2466.7169948040564,0.34080343733333335,0.984815609422362,0.656543739614908,-0.015184390577637985,-0.13776562067432385,-0.027719120188568636,-0.02194649582618103,-965.6458163519653,0.42466909615544246,1.0,0.8181074659058518,0.0,-0.17166728736904202,-0.020033572435967203,-0.018487999337510386,-813.471970850457,-1415.2782606688263,30-40%,True,False
t10_size_plus_impact_dd120,T10-ADD-DD120-20260911,0.0293687738027083,0.3232768864483081,0.5367928144020148,0.6390318433192334,0.1916631139959775,0.0561861754726428,0.1910608592453714,0.3821217184907429,0.5731825777361144,0.0213487783739756,0.0284650378319675,-0.0531148893977777,0.3012407605865208,0.798079692600368,0.5320531284002453,-0.20192030739963196,-0.1700476417879595,-0.1746568594799527,-0.06436306784999496,-2831.9749853997782,0.34080343733333335,0.8920636949806304,0.5947091299870869,-0.10793630501936957,-0.1996002303021449,-0.10604811193461096,-0.03348913145459119,-1473.5217840020123,0.42466909615544246,1.0,0.741056459650631,0.0,-0.2487182936242628,-0.029025424865951468,0.001171077726305583,51.52741995744565,-1417.9897831481148,30-40%,False,False
value_bm,F-B08-260921-T10,0.0036038765657411,0.0567859707722071,0.0560183038953674,0.4392408158943029,0.0294210192839256,0.0210003679500618,0.1361956353220003,0.2723912706440006,0.408586905966001,-0.0323280908697058,-0.0431041211596078,-0.0531148893977777,0.3012407605865208,0.937480566987852,0.6883337816013083,-0.06251943301214802,-0.013766988586896511,-0.056830022747721164,-0.04712557081627841,-2073.52511591625,0.34080343733333335,1.0,0.7373160725966769,0.0,-0.05699328769255496,-0.006651116673721164,-0.024545063082978415,-1079.9827756510504,0.42466909615544246,1.0,0.9187564320962502,0.0,-0.0710183211786436,-0.008287838081547707,-0.02528158771650036,-1112.389859526016,-1421.9659170311054,<=30%,True,False
fnet01_raw,F-NET01-PLAT-20260914 (raw 口径),0.0104598282539182,0.1242392742667739,0.6120633564132248,0.813349670773182,0.1512283755414861,0.1105886022795651,0.1457620289541635,0.2915240579083271,0.4372860868624907,-0.0180448581860036,-0.0240598109146714,-0.0531148893977777,0.3012407605865208,0.8876578516383097,0.6089774257447,-0.11234214836169032,-0.09312334444350479,-0.11009931394443807,-0.06157459673233284,-2709.282256222645,0.34080343733333335,0.9919071214603319,0.6804976087237696,-0.008092878539668114,-0.1138117515654622,-0.020430271021778284,-0.021223527417135936,-933.8352063539812,0.42466909615544246,1.0,0.8479559557669929,0.0,-0.14181879750790094,-0.016550253669172038,-0.019477519608463126,-857.0108627723775,-1500.0427751163345,<=30%,False,False
turn_bias,HT13-TURN-BIAS-1M,0.0167861011265909,0.2618770320046995,0.0728957037946297,0.2598618207866506,0.0537205690203976,0.0330799499807941,0.1658439638202968,0.3316879276405937,0.4975318914608906,-0.0048651230346022,-0.0064868307128029,-0.0531148893977777,0.3012407605865208,0.8501532137833936,0.566768809188929,-0.1498467862166064,-0.1353319609992758,-0.1376823840982763,-0.06520048820062578,-2868.8214808275343,0.34080343733333335,0.9515844811042141,0.634389654069476,-0.04841551889578588,-0.15991970621975582,-0.05578280805324454,-0.0283456789803615,-1247.209875135906,0.42466909615544246,1.0,0.7905016543027047,0.0,-0.19927309897218914,-0.023255170650054474,-0.013708242148925968,-603.1626545527425,-1573.064670172061,<=30%,True,False
quality_roic,REPORT-ROIC-TTM-10D-20260910,0.0003397175131927,0.0863224004778938,-0.3338690912166975,-0.3008719202804814,-0.0969217005413371,-0.0158337392759754,0.1452016704857963,0.2904033409715927,0.4356050114573891,-0.0391284222291818,-0.0521712296389091,-0.0531148893977777,0.3012407605865208,0.953546966412982,0.6567052315739424,-0.04645303358701802,-0.045395538614262376,-0.046329623923697445,-0.04693394558511839,-2065.093605745209,0.34080343733333335,1.0,0.7193972680057229,0.0,-0.07491209228350892,-0.008742241169485491,-0.030019623345723015,-1320.8634272118127,0.42466909615544246,1.0,0.8964281286924802,0.0,-0.0933466245824136,-0.010893551088767668,-0.030987712809399992,-1363.4593636135996,-1583.1387988568738,<=30%,True,False
cash_conversion,NONHT-CASH-CONVERSION,6.753108347216977e-05,0.0690960130391569,-0.1108370441261261,-0.0407062170474297,-0.0041190607534847,0.01874992533256,0.1442674037312581,0.2885348074625162,0.4328022111937744,-0.0396954772910996,-0.0529273030547995,-0.0531148893977777,0.3012407605865208,0.9458013628258143,0.6555890924519976,-0.054198637174185715,-0.046511677736207235,-0.05330156900777363,-0.05044935758089787,-2219.771733559506,0.34080343733333335,1.0,0.7300711735401575,0.0,-0.06423818674907433,-0.007496596393616974,-0.029837119904527382,-1312.8332757992048,0.42466909615544246,1.0,0.9097286923582255,0.0,-0.08004606091666833,-0.009341375308975193,-0.03066727041643858,-1349.3598983232976,-1627.3216358940028,<=30%,True,False
paper_composite_nomcap,PAPER-DERIVED-COMPOSITE-NOMCAP,0.0021971885446367,0.0612057368774633,-0.0499366622581717,0.2759346487210236,0.0042586021568879,-0.0027364741457223,0.1372512806008226,0.2745025612016453,0.411753841802468,-0.0352586909136735,-0.047011587884898,-0.0531148893977777,0.3012407605865208,0.9041699925741336,0.6587698042714758,-0.09583000742586645,-0.043330965916729025,-0.08970336928175011,-0.06387231011923655,-2810.3816452464084,0.34080343733333335,0.9907958887207198,0.7218846224118808,-0.009204111279280225,-0.07242473787735104,-0.016581958403275088,-0.03096767522392279,-1362.5777098526028,0.42466909615544246,1.0,0.8995275767372138,0.0,-0.09024717653768,-0.010531845501947256,-0.028245124418325267,-1242.7854744063118,-1805.2482765017742,<=30%,True,False
t10_size_plus_wc_mcap,T10-SIZE-PLUS-WC-MCAP,0.030048383106818,0.3229184472806254,0.4322414528549345,0.5694033407288264,0.164659040507853,0.057837269837595,0.1879324376622034,0.3758648753244069,0.5637973129866104,0.0227646310908708,0.0303528414544945,-0.0531148893977777,0.3012407605865208,0.7622861617864746,0.5081907745243163,-0.23771383821352543,-0.19390999566388856,-0.2101250470435573,-0.07937985044235356,-3492.7134194635564,0.34080343733333335,0.8572727329051008,0.5715151552700671,-0.14272726709489925,-0.2227942050191647,-0.1354290794073958,-0.04576666500608087,-2013.7332602675583,0.42466909615544246,1.0,0.7121548606632503,0.0,-0.27761989261164355,-0.0323982414677788,0.0005972120667467728,26.277330936858004,-1826.7231162647522,30-40%,True,False
quality_asset_turnover_tsrank378,REPORT-HIST-ASSETTURN-6Q-10D-20260910,0.0001316120412948,0.2999084506845119,-0.0015709788824995,-0.063696683510355,-0.0299738113919812,-0.0489305566675046,0.1654142620141445,0.3308285240282891,0.4962427860424337,-0.0395619752956356,-0.0527493003941808,-0.0531148893977777,0.3012407605865208,0.9176485072212192,0.6117656714808127,-0.08235149277878084,-0.09033509870739209,-0.07368099553264394,-0.05953109818678017,-2619.3683202183274,0.34080343733333335,1.0,0.6836997146056553,0.0,-0.11060964568357656,-0.012908145651273385,-0.03218331574016342,-1416.0658925671905,0.42466909615544246,1.0,0.8519460429013677,0.0,-0.13782871037352618,-0.016084610500590506,-0.033612724922356126,-1478.9598965836694,-1838.1313697897292,<=30%,True,False
book_to_market_lf_div_oper_main_profit_ttm,F-N34-260921-T10,0.0074434090030613,0.062147002051505,0.7572243354545328,0.6879380894068409,0.1035771955167458,0.0401430166860854,0.1312601692110595,0.2625203384221191,0.3937805076331787,-0.0243290649586223,-0.032438753278163,-0.0531148893977777,0.3012407605865208,0.8522295758959253,0.6492674670604639,-0.1477704241040747,-0.05283330312774093,-0.13669126208613655,-0.07773044457784295,-3420.1395614250896,0.34080343733333335,0.9740324484198397,0.7420624659211326,-0.025967551580160286,-0.05224689436809926,-0.029034350883512767,-0.029284834536662255,-1288.5327196131393,0.42466909615544246,1.0,0.9246708283208498,0.0,-0.06510392495404405,-0.00759762804213694,-0.019638309258043135,-864.0856073538979,-1857.5859627973757,<=30%,False,False
t10_nomcap_plus_impact,T10-NOMCAP-PLUS-IMPACT,0.0305883800314532,0.3466206607389558,0.3495413153569772,0.5588320026352996,0.1675585055430357,0.060996910819627,0.1942038935352129,0.3884077870704258,0.5826116806056387,0.0238896246838609,0.0318528329118145,-0.0531148893977777,0.3012407605865208,0.7507537066639078,0.5005024711092718,-0.24924629333609216,-0.201598299078933,-0.2178890042400503,-0.08212363545211539,-3613.4399598930772,0.34080343733333335,0.833591487120484,0.5557276580803227,-0.16640851287951597,-0.23858170220890917,-0.1554278914725046,-0.054016134706719815,-2376.709927095672,0.42466909615544246,1.0,0.6924823414698248,0.0,-0.29729241180506905,-0.03469402445765156,0.0003141054499640524,13.820639798418306,-1992.1097490634436,30-40%,True,False
reversal_chip_turn_paper,COMBO-DIRECT-OSR2-CHIP-TURN-PAPER-EQ,0.028790393072166,0.3602111128891254,0.272306007949268,0.5185169898442898,0.1258423028960593,0.042245426376933,0.1944198653961361,0.3888397307922723,0.5832595961884084,0.0201438185186791,0.0268584246915722,-0.0531148893977777,0.3012407605865208,0.7569147821743112,0.5046098547828741,-0.24308521782568882,-0.1974909154053307,-0.2116288204029288,-0.08180375683553187,-3599.3653007634025,0.34080343733333335,0.837986260092338,0.5586575067282253,-0.162013739907662,-0.23565185356100649,-0.15171650569777392,-0.05484321521821217,-2413.1014696013353,0.42466909615544246,1.0,0.6961331737117549,0.0,-0.29364157956313897,-0.03426797233501832,-0.001991375204972154,-87.62050901877477,-2033.3624264611708,30-40%,True,False
reversal_chip_turn_size_eq,COMBO-DIRECT-OSR2-CHIP-TURN-SIZE-EQ,0.028106175530499,0.3590894832998754,0.4434882475931719,0.5643371698950422,0.167844664499605,0.0343099921721446,0.1950514066213223,0.3901028132426447,0.585154219863967,0.018718365306873,0.0249578204091641,-0.0531148893977777,0.3012407605865208,0.7479298833652865,0.49861992224352436,-0.25207011663471346,-0.20348084794468047,-0.22020727432026493,-0.0866143632395372,-3811.0319825396364,0.34080343733333335,0.8389537327015265,0.5593024884676844,-0.1610462672984735,-0.23500687182154745,-0.15089947507931423,-0.05542585358110937,-2438.7375575688125,0.42466909615544246,1.0,0.6969368739750972,0.0,-0.29283787929979666,-0.03417418051428627,-0.0028994710268467876,-127.57672518125865,-2125.7820884299026,30-40%,True,False
chip250,NONHT-CHIP-COST-250,0.0127060695655824,0.2433674611767964,0.1247164512112263,0.294841806926014,0.0606935862877017,-0.0121568084221175,0.185554626154218,0.371109252308436,0.556663878462654,-0.0133651887867032,-0.0178202517156043,-0.0531148893977777,0.3012407605865208,0.8275446748030921,0.5516964498687281,-0.17245532519690787,-0.1504043203194767,-0.14977368200975222,-0.07630828276219064,-3357.564441536388,0.34080343733333335,0.9107957938262153,0.6071971958841436,-0.08920420617378466,-0.18711216440508827,-0.09022885445951451,-0.049513110364583675,-2178.576856041682,0.42466909615544246,1.0,0.7566176162479032,0.0,-0.2331571370269906,-0.027209437891049803,-0.021154372908774557,-930.7924079860805,-2155.6445685213835,<=30%,True,False
reversal_turn_paper,OSR2-RET40-TURN-BIAS-PAPER-EQ,0.0292151153788063,0.3765147335748439,0.3124912390221525,0.561681839640423,0.116666554618291,0.0422080229647291,0.1935690034054817,0.3871380068109635,0.5807070102164453,0.0210286566575132,0.0280382088766843,-0.0531148893977777,0.3012407605865208,0.7291072891324288,0.48607152608828585,-0.27089271086757116,-0.21602924409991897,-0.2397970020924135,-0.09388954650324394,-4131.140046142733,0.34080343733333335,0.8152097195888311,0.543473146392554,-0.18479028041116885,-0.2508362138966779,-0.17095129415298546,-0.06290897793050132,-2767.995028942058,0.42466909615544246,1.0,0.6772122126149301,0.0,-0.3125625406599637,-0.03647604849501776,-0.0023951173844158485,-105.38516491429733,-2334.8400799996957,30-40%,True,False
skew60_low,NONHT-SKEW-LOW-60D,0.0059852513794682,0.3638101182659855,0.0908007299816149,0.1817970661396672,-0.000754646718998,-0.0195276255924014,0.1738193160084793,0.3476386320169586,0.5214579480254379,-0.0273668933411077,-0.036489191121477,-0.0531148893977777,0.3012407605865208,0.7918208999433672,0.5278805999622449,-0.20817910005663276,-0.17422017022595992,-0.189555094819156,-0.10354438822935869,-4555.953082091783,0.34080343733333335,0.8875860094215922,0.5917240062810615,-0.11241399057840784,-0.20258535400817035,-0.10982951738921878,-0.06766787838588695,-2977.3866489790257,0.42466909615544246,1.0,0.737336750142801,0.0,-0.25243800313209286,-0.029459514965515236,-0.031501377295220345,-1386.060600989695,-2973.1334440201676,30-40%,True,False
reversal_turn_paper_nomcap,OSR2-RET40-TURN-BIAS-PAPER-NOMCAP-EQ,0.01963688154412,0.3735805941322601,0.0261625498353827,0.3476631573357748,0.0483166094756318,0.0344345842423502,0.1961487629187833,0.3922975258375667,0.5884462887563501,0.0010740028352501,0.0014320037803335,-0.0531148893977777,0.3012407605865208,0.7124506381881367,0.47496709212542443,-0.2875493618118633,-0.2271336780627804,-0.25494112993065765,-0.11400750657862921,-5016.330289459685,0.34080343733333335,0.7839916570989609,0.5226611047326405,-0.2160083429010391,-0.27164825555659133,-0.19731494792568088,-0.08807572467638966,-3875.3318857611453,0.42466909615544246,0.9769180470089682,0.6512786980059787,-0.023081952991031773,-0.33849605526891513,-0.05719942300810646,-0.02502373846348116,-1101.0444923931711,-3330.902222538001,30-40%,True,False
reversal_chip_eq,COMBO-DIRECT-OSR2-CHIP-EQ,0.0185114964271027,0.4214475430814905,0.0884170127719447,0.2505445672006687,0.0704839575383834,0.0218103721290624,0.2170981325292447,0.4341962650584894,0.6512943975877342,-0.0012705494918692,-0.0016940659891589,-0.0531148893977777,0.3012407605865208,0.702199227404237,0.46813281826949127,-0.297800772595763,-0.23396795191871356,-0.25562791233808535,-0.11587959354671787,-5098.702116055586,0.34080343733333335,0.781417029308057,0.5209446862053713,-0.218582970691943,-0.27336467408386056,-0.19948922109509926,-0.09061718248737413,-3987.1560294444616,0.42466909615544246,0.9737098491531748,0.6491398994354497,-0.026290150846825178,-0.34063485383944414,-0.059908746097323995,-0.027805968738375254,-1223.4626244885112,-3436.440256662853,>40%,True,False
reversal_chip_turn_eq,COMBO-DIRECT-OSR2-CHIP-TURN-EQ,0.0206625578591517,0.3928377980273773,0.0990269443700071,0.294126281889305,0.082283757602396,0.0424289722268988,0.2057469608463158,0.4114939216926316,0.6172408825389474,0.003210828491566,0.0042811046554213,-0.0531148893977777,0.3012407605865208,0.6980509616758986,0.4653673077839324,-0.30194903832410136,-0.2367334624042724,-0.26408906055576414,-0.11669952492238321,-5134.779096584862,0.34080343733333335,0.7713324872335963,0.5142216581557308,-0.22866751276640374,-0.280087702133501,-0.20800561687698133,-0.09146197526693095,-4024.3269117449618,0.42466909615544246,0.9611436808028418,0.6407624538685611,-0.03885631919715815,-0.3490122994063327,-0.07052087526918019,-0.02959384154342043,-1302.129027910499,-3487.078345413441,30-40%,True,False
drawdown120,OSR2-DD120,0.0034572408311114,0.2737640263875408,0.0922993949350899,0.0585808052669942,0.043194748799497,0.0082271975980383,0.2040900366143083,0.4081800732286167,0.6122701098429251,-0.0326335819835177,-0.0435114426446903,-0.0531148893977777,0.3012407605865208,0.7434471738691915,0.4956314492461277,-0.25655282613080854,-0.20646932094207715,-0.22079402154843134,-0.12111303101913924,-5328.973364842127,0.34080343733333335,0.8195508689176496,0.5463672459450998,-0.1804491310823504,-0.24794211434413205,-0.16728519354479826,-0.09703405841750436,-4269.498570370191,0.42466909615544246,1.0,0.680818498545554,0.0,-0.30895625472933985,-0.03605519492691396,-0.03798055903945642,-1671.1445977360825,-3756.5388443161332,<=30%,True,False
momentum20,WF6AA4-D0-CLOSE20-MOM-20260912,0.0223952271366193,0.704491911210923,0.0278752602487722,0.0876467104678999,-0.0129304485859092,-0.0481360481412704,0.2300746154062746,0.4601492308125493,0.6902238462188239,0.0068205561529569,0.0090940748706092,-0.0531148893977777,0.3012407605865208,0.6463422302306253,0.43089482015375025,-0.3536577697693747,-0.2712059500344546,-0.3038042850592171,-0.13216489084134309,-5815.255197019096,0.34080343733333335,0.7234205575757078,0.4822803717171386,-0.2765794424242922,-0.3120289885720932,-0.24846724147306815,-0.10726322122757606,-4719.581734013346,0.42466909615544246,0.9014414782015874,0.600960985467725,-0.09855852179841262,-0.3888137678071688,-0.12093938536593957,-0.04987568597936821,-2194.5301830922012,-4243.122371374881,>40%,True,False
momentum20_open,WF6AA4-D0-OPEN20-MOM-20260912,0.0198963885306736,0.7132733293461354,0.0222141101705084,0.0813385298675031,-0.0126524766728757,-0.0467895930251987,0.229285375798304,0.4585707515966081,0.6878561273949122,0.0016146423905699,0.0021528565207599,-0.0531148893977777,0.3012407605865208,0.649618530228493,0.4330790201523287,-0.35038146977150697,-0.26902175003587614,-0.3008500433599392,-0.13430609125159268,-5909.468015070078,0.34080343733333335,0.7250128402971184,0.4833418935314123,-0.27498715970288157,-0.3109674667578195,-0.24712255871483685,-0.11012872316129664,-4845.6638190970525,0.42466909615544246,0.9034255933543462,0.6022837289028975,-0.09657440664565375,-0.38749102437199634,-0.11926380011943472,-0.052592281793365676,-2314.0603989080896,-4356.397411025074,>40%,True,False
reversal_turn_eq,OSR2-RET40-TURN-BIAS-EQ,0.0203673756244461,0.4620542399528347,0.0732647665537236,0.2539470220751942,0.0739033192045889,0.046917944292303,0.2123193635861311,0.4246387271722622,0.6369580907583934,0.0025958655025962,0.0034611540034616,-0.0531148893977777,0.3012407605865208,0.643665798745776,0.42911053249718395,-0.356334201254224,-0.2729902376910209,-0.31542691079437507,-0.14021153285573798,-6169.307445652471,0.34080343733333335,0.7201376502688588,0.4800917668459058,-0.2798623497311412,-0.314217593443326,-0.25123965669370213,-0.11132726851043517,-4898.399814459148,0.42466909615544246,0.8973507058500219,0.5982338039000145,-0.10264929414997814,-0.3915409493748794,-0.12439404261683668,-0.05424674217584571,-2386.856655737211,-4484.854638616277,>40%,True,False
fscore_eq,NONHT-FSCORELIKE-REV40,0.009912687824484,0.42507140295121,-0.0578558340665062,0.0540302590688071,0.015375480884896,0.0280505454281415,0.2173845241856204,0.4347690483712409,0.6521535725568613,-0.0191847340806582,-0.0255796454408777,-0.0531148893977777,0.3012407605865208,0.6667713038228322,0.4445142025485549,-0.33322869617716777,-0.25758656763964993,-0.2894756209909621,-0.14305385216637176,-6294.369495320358,0.34080343733333335,0.7391599808860773,0.49277332059071827,-0.26084001911392274,-0.30153603969851356,-0.2351752984874611,-0.11861870703979634,-5219.2231097510385,0.42466909615544246,0.921054093389752,0.6140360622598348,-0.07894590661024803,-0.3757386910150591,-0.10437653183953456,-0.059759262048229386,-2629.407530122093,-4714.33337839783,>40%,True,False
weighted_reversal_lowturn,HT-WREV-LOWTURN-21D,0.0258815132511981,0.555085300069609,0.0805509410354751,0.2613403072512377,0.0519907561221119,0.021899740525348,0.2212651965213001,0.4425303930426003,0.6637955895639005,0.0140836522249961,0.0187782029666615,-0.0531148893977777,0.3012407605865208,0.6162671729328759,0.4108447819552506,-0.3837328270671241,-0.29125598823295423,-0.33880154278450336,-0.14307159276969578,-6295.1500818666145,0.34080343733333335,0.6838540003966763,0.45590266693111753,-0.3161459996033237,-0.3384066933581143,-0.2818811990107602,-0.11745743807151135,-5168.127275146499,0.42466909615544246,0.8521382956789076,0.5680921971192717,-0.14786170432109236,-0.4216825561556221,-0.1625759230063426,-0.06377006386952343,-2805.882810259031,-4756.3867224240485,>40%,True,False
fscore_interact,NONHT-FSCORELIKE-REV40-INTERACT,0.0102110627657412,0.4256684131436923,-0.0417154105609545,0.087509372719437,0.0211520807666373,0.0287001137059234,0.2186393894881268,0.4372787789762536,0.6559181684643804,-0.0185631196197056,-0.0247508261596075,-0.0531148893977777,0.3012407605865208,0.6494877953808575,0.43299186358723835,-0.35051220461914245,-0.2691089066009665,-0.3063585732402546,-0.15023677103791833,-6610.4179256684065,0.34080343733333335,0.7195236459674633,0.47968243064497545,-0.2804763540325367,-0.31462692964425637,-0.2517581833262306,-0.12566659557660753,-5529.330205370731,0.42466909615544246,0.8965856060207787,0.5977237373471859,-0.10341439397922125,-0.39205101592770797,-0.12504016942263246,-0.06864348931998836,-3020.313530079488,-5053.353887039541,>40%,True,False
reversal40,OSR2-RET40,0.0177937648545152,0.5494255803565917,0.046364200930792,0.1670539629931383,0.0411848480276393,0.0153011668522553,0.2388348757021774,0.4776697514043549,0.7165046271065324,-0.0027658236014266,-0.0036877648019021,-0.0531148893977777,0.3012407605865208,0.598548487603519,0.3990323250690126,-0.401451512396481,-0.30306844511919223,-0.3486378556047878,-0.15873091742310558,-6984.160366616646,0.34080343733333335,0.6750858063175535,0.45005720421170226,-0.32491419368244645,-0.34425215607752957,-0.2892859389105794,-0.1320225549107118,-5808.992416071319,0.42466909615544246,0.8412124051314639,0.5608082700876424,-0.1587875948685361,-0.4289664831872514,-0.17180283757365888,-0.07915515930909756,-3482.8270096002925,-5425.326597429419,>40%,True,False
weighted_reversal,HT-WREV-21D,0.0207007781106272,0.7065915223231862,0.0534328271804163,0.1612559826335619,-0.014377971190708,-0.0499205674540969,0.2546570127806505,0.509314025561301,0.7639710383419516,0.0032904540154734,0.0043872720206312,-0.0531148893977777,0.3012407605865208,0.5836396656496405,0.3890931104330937,-0.41636033435035946,-0.31300765975511113,-0.35681801503681243,-0.15837447075625,-6968.476713275,0.34080343733333335,0.6445502675554925,0.4297001783703283,-0.3554497324445075,-0.3646091819189035,-0.31507320139513995,-0.13958930461749738,-6141.929403169885,0.42466909615544246,0.8031626138847264,0.5354417425898176,-0.19683738611527357,-0.45433301068507626,-0.20393588628152864,-0.0895775128163723,-3941.4105639203813,-5683.938893455089,>40%,True,False
max_return21_low,NONHT-MAX-LOW-21D,0.0093129543119555,0.5186389754024963,-0.0263936931674976,0.2127887302849667,-0.0474865525855669,-0.0358896923500797,0.216062428078456,0.4321248561569121,0.6481872842353682,-0.0204341788984258,-0.0272455718645678,-0.0531148893977777,0.3012407605865208,0.596826918976298,0.39788461265086533,-0.403173081023702,-0.3042161575373395,-0.3609762373273472,-0.17606209272959011,-7746.732080101965,0.34080343733333335,0.6602517681310468,0.4401678454206978,-0.3397482318689532,-0.354141514868534,-0.30752233096377857,-0.15200783486598424,-6688.344734103306,0.42466909615544246,0.8227279742281524,0.5484853161521015,-0.17727202577184764,-0.44128943712279234,-0.18741293947150547,-0.09795860869446135,-4310.1787825563,-6248.418532253857,>40%,True,False
exp_weighted_reversal63,HT13-EXPWRET-3M,0.0223082754214286,0.6243359843864419,0.0582423321248521,0.1830007402358649,-0.0231462090892586,-0.0622557754454483,0.2556065776666269,0.5112131553332538,0.7668197329998807,0.0066394067463097,0.0088525423284129,-0.0531148893977777,0.3012407605865208,0.5452998028563463,0.3635332019042309,-0.45470019714365373,-0.33856756828397394,-0.39638303347909715,-0.17394609390138727,-7653.628131661039,0.34080343733333335,0.612320565451944,0.4082137103012961,-0.387679434548056,-0.3860956499879357,-0.3422911848215866,-0.1496047620055075,-6582.60952824233,0.42466909615544246,0.7630017558582678,0.5086678372388452,-0.2369982441417322,-0.4811069160360486,-0.23785173088487296,-0.10260700773398639,-4514.708340295401,-6250.315333399591,>40%,True,False
reversal20,OSR2-RET20,0.0176478507025011,0.704491911210923,0.0278752945536982,0.087646754577771,-0.0129304485859092,-0.0574401920599321,0.2700894402584345,0.540178880516869,0.8102683207753035,-0.0030698114181227,-0.0040930818908302,-0.0531148893977777,0.3012407605865208,0.5357348887037502,0.3571565924691668,-0.4642651112962498,-0.344944177719038,-0.40032976101803464,-0.1821949334035307,-8016.577069755352,0.34080343733333335,0.5965109904626557,0.3976739936417705,-0.40348900953734435,-0.39663536664746135,-0.3556423709000407,-0.16208560785043344,-7131.766745419071,0.42466909615544246,0.7433017259118676,0.4955344839412451,-0.2566982740881324,-0.49424026933364873,-0.2544884061746079,-0.11656632372398866,-5128.918243855501,-6759.087353009974,>40%,True,False
rsi14,OSR-RSI14-20D,0.0087971086189712,0.6755741384697773,0.0140770094391686,0.0823673053510462,-0.0464936730129488,-0.0696661295093573,0.2877873484860724,0.5755746969721449,0.8633620454582174,-0.0215088574254765,-0.0286784765673021,-0.0531148893977777,0.3012407605865208,0.4432338251149361,0.29548921674329076,-0.5567661748850639,-0.40661155344491406,-0.4917698187186208,-0.23563565670703038,-10367.968895109336,0.34080343733333335,0.49492870996601,0.3299524733106734,-0.50507129003399,-0.4643568869785584,-0.44730973888715464,-0.21562862078287062,-9487.659314446308,0.42466909615544246,0.6167218545893673,0.41114790305957827,-0.38327814541063265,-0.5786268502153156,-0.3613851075064594,-0.17696253666155776,-7786.351613108542,-9213.993274221395,>40%,True,False
alpha13,HT13-ALPHA13,0.0065227386252739,0.8565407109493296,-0.0828286055153591,0.0162698163486631,-0.1009941800262037,-0.091941678292167,0.3070016663526015,0.614003332705203,0.9210049990578044,-0.0262471282456792,-0.0349961709942389,-0.0531148893977777,0.3012407605865208,0.3858440049952286,0.2572293366634858,-0.6141559950047715,-0.44487143352471903,-0.5494110756976057,-0.26473306956104203,-11648.25506068585,0.34080343733333335,0.43896332535172405,0.29264221690114944,-0.561036674648276,-0.5016671433880824,-0.5029251266142004,-0.24381439247350964,-10727.833268834424,0.42466909615544246,0.5469843851374536,0.3646562567583025,-0.4530156148625464,-0.6251184965165913,-0.42027840045860054,-0.20662336570348971,-9091.428090953548,-10489.17214015794,>40%,True,False
alpha44,HT13-ALPHA44,0.0034671863900901,0.8755437736302036,-0.0202905904740115,0.0528281809095082,-0.0993921187957153,-0.0848819343631594,0.3332148437632114,0.6664296875264228,0.9996445312896344,-0.0326128620689789,-0.0434838160919718,-0.0531148893977777,0.3012407605865208,0.33458703580067706,0.223058023867118,-0.6654129641993229,-0.4790427463210868,-0.6046507113985738,-0.2938347281753442,-12928.728039715144,0.34080343733333335,0.381270783327481,0.2541805222183206,-0.618729216672519,-0.5401288380709113,-0.5651003791537271,-0.27603707866516314,-12145.631461267178,0.42466909615544246,0.47509473558447113,0.31672982372298064,-0.5249052644155289,-0.6730449295519132,-0.4867971171677956,-0.24080061077149395,-10595.226873945734,-11889.862124976018,>40%,True,False
max5_low21,NONHT-MAX5-LOW-21D,0.0004394663574077,0.8806580555705715,-0.0405596257191701,0.0015165487276176,-0.1206366779152487,-0.0931436363917231,0.3200658923661812,0.6401317847323625,0.960197677098544,-0.0389206121370671,-0.0518941495160895,-0.0531148893977777,0.3012407605865208,0.33638675480791586,0.2242578365386105,-0.6636132451920842,-0.4778429336495943,-0.6027111542244727,-0.2971670941590575,-13075.35214299853,0.34080343733333335,0.3783634440902964,0.25224229606019755,-0.6216365559097037,-0.5420670642290343,-0.5682336186496411,-0.28165220315038325,-12392.696938616864,0.42466909615544246,0.4714719519185163,0.31431463461234416,-0.5285280480814837,-0.6754601186625497,-0.4907013911245951,-0.24676270076411255,-10857.558833620953,-12108.535971745448,>40%,True,False
