field,label,family,tested_platform,tested_local,local_status,in_catalog
a_share_market_val,"A股市值,A股市值 = A股股本 x A股未复权收盘价",fields.md base,,local,local_proxy,0
a_share_market_val_in_circulation,"流通A股市值,流通A股市值 = 流通A股 * A股未复权收盘价",fields.md base,,local,local_proxy,0
accrued_expense,预提费用,fields.md base,,local,unavailable,0
accrued_staff_costs,长期应付职工薪酬,fields.md base,,,unavailable,0
accts_payable,应付账款,fields.md base,,local,unavailable,0
accumulated_depreciation,累计折旧,fields.md base,,local,local_proxy,0
adjust_asset_impairment,资产减值损失,fields.md base,,local,unavailable,0
adjust_credit_asset_impairment,信用减值损失,fields.md base,,local,unavailable,0
advance_from_customers,预收账款,fields.md base,,local,unavailable,0
advance_insurance,预收保费,fields.md base,,local,unavailable,0
amortization_expense,摊回赔付支出,fields.md base,,local,unavailable,0
amortization_premium_reserve,摊回保险责任准备金,fields.md base,,local,unavailable,0
amortization_reinsurance_cost,摊回分保费用,fields.md base,,local,unavailable,0
amount,成交额,fields.md base,platform,local,local_direct,0
asset_impairment,资产减值损失,fields.md base,,local,unavailable,0
assets_depreciation_reserves,资产减值准备,fields.md base,,local,unavailable,0
assets_hold_for_sale,划分为持有待售的资产,fields.md base,,local,unavailable,0
assets_reclassified_other_income,金融资产重分类计入其他综合收益的金额,fields.md base,,local,unavailable,0
bad_debt_reserve,坏账准备,fields.md base,platform,local,unavailable,0
basic_earnings_per_share,基本每股收益,fields.md base,,local,unavailable,0
begin_period_cash_equivalent,期初现金及现金等价物余额,fields.md base,,,unavailable,0
bill_accts_payable,应付票据及应付账款,fields.md base,,local,unavailable,0
bill_accts_receivable,应收票据及应收账款,fields.md base,,local,unavailable,0
bill_receivable,应收票据,fields.md base,,,unavailable,0
bond_payable,应付债券,fields.md base,platform,local,local_direct,0
book_to_market_ratio_lf,"账面市值比lf,归属母公司股东权益合计mrq",fields.md base,platform,local,local_derived,0
book_to_market_ratio_lyr,"账面市值比lyr,归属母公司股东权益合计lyr",fields.md base,platform,local,local_derived,0
book_to_market_ratio_ttm,"账面市值比 ttm,归属母公司股东权益合计ttm",fields.md base,,local,local_derived,0
borrowings_capital,拆入资金,fields.md base,,local,unavailable,0
borrowings_from_central_banks,向中央银行借款,fields.md base,,local,unavailable,0
buy_back_security_proceeds,卖出回购金融资产款,fields.md base,,local,unavailable,0
capital_reserve,资本公积金,fields.md base,,local,unavailable,0
capitalized_biological_assets,生产性生物资产,fields.md base,,local,unavailable,0
cash_equivalent,货币资金,fields.md base,platform,local,local_direct,0
cash_equivalent_increase,现金及现金等价物净增加额,fields.md base,,local,unavailable,0
cash_flow_from_financing_activities,筹资活动产生的现金流量净额,fields.md base,platform,,unavailable,0
cash_flow_from_investing_activities,投资活动产生的现金流量净额,fields.md base,,local,unavailable,0
cash_flow_from_operating_activities,经营活动产生的现金流量净额,fields.md base,platform,local,local_direct,0
cash_flow_hedging_effective_portion,现金流量套期损益的有效部分,fields.md base,,,unavailable,0
cash_from_operating_activities,经营活动现金流入小计,fields.md base,,local,unavailable,0
cash_from_other_operating_activities,收到其它与经营活动有关的现金,fields.md base,,local,unavailable,0
cash_paid_for_asset,购建固定资产、无形资产和其他长期资产所支付的现金,fields.md base,platform,local,unavailable,0
cash_paid_for_comissions,支付手续费及佣金的现金,fields.md base,,local,unavailable,0
cash_paid_for_debt,偿还债务支付的现金,fields.md base,,local,unavailable,0
cash_paid_for_dividend_and_interest,分配股利、利润或偿付利息支付的现金,fields.md base,,local,unavailable,0
cash_paid_for_employee,支付给职工以及为职工支付的现金,fields.md base,platform,local,unavailable,0
cash_paid_for_goods_and_services,购买商品、接受劳务支付的现金,fields.md base,,local,unavailable,0
cash_paid_for_investment_activities,投资活动现金流出小计,fields.md base,,local,unavailable,0
cash_paid_for_operation_activities,经营活动现金流出小计,fields.md base,,local,unavailable,0
cash_paid_for_orignal_insurance,支付原保险合同赔付款项的现金,fields.md base,,local,unavailable,0
cash_paid_for_other_financing_activities,支付其他与筹资活动有关的现金,fields.md base,,local,unavailable,0
cash_paid_for_other_investment_activities,支付其他与投资活动有关的现金,fields.md base,,local,unavailable,0
cash_paid_for_other_operation_activities,支付其他与经营活动有关的现金,fields.md base,,local,unavailable,0
cash_paid_for_policy_dividends,支付保单红利的现金,fields.md base,,local,unavailable,0
cash_paid_for_reinsurance,支付再保业务现金净额,fields.md base,,local,unavailable,0
cash_paid_for_taxes,支付的各项税费,fields.md base,,local,unavailable,0
cash_paid_to_acquire_investment,投资支付的现金,fields.md base,,,unavailable,0
cash_paid_to_financing_activities,筹资活动现金流出小计,fields.md base,,local,unavailable,0
cash_received_from_disposal_of_asset,处置固定资产、无形资产和其他长期资产收回的现金净额,fields.md base,,local,unavailable,0
cash_received_from_financial_institution_borrows,取得借款收到的现金,fields.md base,,local,unavailable,0
cash_received_from_financing_activities,筹资活动现金流入小计,fields.md base,,local,unavailable,0
cash_received_from_interests_and_commissions,收取利息、手续费及佣金的现金,fields.md base,,local,unavailable,0
cash_received_from_investment,取得投资收益收到的现金,fields.md base,platform,local,unavailable,0
cash_received_from_investment_activities,投资活动现金流入小计,fields.md base,,local,unavailable,0
cash_received_from_investors,吸收投资收到的现金,fields.md base,,local,unavailable,0
cash_received_from_issuing_equity_instruments,发行其他权益工具收到的现金,fields.md base,,,unavailable,0
cash_received_from_issuing_security,发行债券收到的现金,fields.md base,,local,unavailable,0
cash_received_from_minority_invest_subsidiaries,子公司吸收少数股东投资收到的现金,fields.md base,,local,unavailable,0
cash_received_from_original_insurance,收到原保险合同保费取得的现金,fields.md base,,,unavailable,0
cash_received_from_other_financing_activities,收到其他与筹资活动有关的现金,fields.md base,,local,unavailable,0
cash_received_from_other_investment_activities,收到其他与投资活动有关的现金,fields.md base,,local,unavailable,0
cash_received_from_proxy_security,代理买卖证券收到的现金净额,fields.md base,,local,unavailable,0
cash_received_from_reinsurance,收到再保业务现金净额,fields.md base,,local,unavailable,0
cash_received_from_sales_of_goods,销售商品、提供劳务收到的现金,fields.md base,platform,local,unavailable,0
cash_received_from_sub_issue_security,代理承销证券收到的现金净额,fields.md base,,local,unavailable,0
classified_by_continuity_operation,按经营持续性分类,fields.md base,,,unavailable,0
classified_by_ownership,按所有权归属分类,fields.md base,,,unavailable,0
client_deposits,客户资金存款,fields.md base,,local,unavailable,0
client_provision,客户备付金,fields.md base,,local,unavailable,0
close,收盘价,fields.md base,platform,local,local_direct,0
comission_payable,应付手续费及佣金,fields.md base,,local,unavailable,0
commission_expense,手续费及佣金支出,fields.md base,,local,unavailable,0
commission_income,手续费及佣金收入,fields.md base,,local,unavailable,0
compensation_expense,赔付支出,fields.md base,,local,unavailable,0
compensation_payable,应付赔付款,fields.md base,,local,unavailable,0
construction_in_progress,在建工程,fields.md base,,local,unavailable,0
consumable_biological_assets,消耗性生物资产,fields.md base,,local,unavailable,0
continuous_operation_net_profit,持续经营净利润,fields.md base,,local,unavailable,0
contract_assets,合同资产,fields.md base,,local,unavailable,0
contract_liabilities,合同负债,fields.md base,,,unknown,0
contract_work,工程施工,fields.md base,,,unavailable,0
corporate_credit_risk_change,企业自身信用风险公允价值变动,fields.md base,,local,unavailable,0
cost_of_goods_sold,营业成本,fields.md base,platform,local,local_direct,0
credit_asset_impairment,信用资产减值损失,fields.md base,,,unavailable,0
current_assets,流动资产合计,fields.md base,platform,local,local_direct,0
current_liabilities,流动负债合计,fields.md base,platform,local,local_direct,0
debt_investment,债权投资,fields.md base,,local,unavailable,0
deferred_expense,待摊费用,fields.md base,,,unavailable,0
deferred_expense_amortization,长期待摊费用摊销,fields.md base,,,local_proxy,0
deferred_income,递延收益,fields.md base,,local,unavailable,0
deferred_income_tax_assets,递延所得税资产,fields.md base,,local,unavailable,0
deferred_income_tax_liabilities,递延所得税负债,fields.md base,,local,unavailable,0
deferred_revenue,递延收益(长期负债),fields.md base,,local,unavailable,0
deposits,吸收存款,fields.md base,,local,unavailable,0
deposits_from_interbank,吸收存款及同业存款,fields.md base,,local,unavailable,0
deposits_of_interbank,同业及其他金融机构存放款项,fields.md base,,,unavailable,0
depreciation_reserve,固定资产减值准备,fields.md base,,local,unavailable,0
derivative_financial_assets,衍生金融资产,fields.md base,,local,unavailable,0
derivative_financial_liabilities,衍生金融负债,fields.md base,,,unavailable,0
discontinued_operation_net_profit,终止经营净利润,fields.md base,,local,unavailable,0
disposal_income_on_asset,资产处置收益,fields.md base,,local,unavailable,0
disposal_loss_on_asset,非流动资产处置净损失,fields.md base,,local,unavailable,0
dividend_payable,应付股利,fields.md base,,local,unavailable,0
dividend_receivable,应收股利,fields.md base,,local,unavailable,0
dividend_yield_ttm,"股息率ttm,连续四季度报表公布股利之和",fields.md base,platform,local,unavailable,0
dividends_paid_to_minority_by_subsidiaries,子公司支付给少数股东的股利、利润或偿付的利息,fields.md base,,local,unavailable,0
draw_back_canceled_loans,收回已核销贷款,fields.md base,,local,unavailable,0
earned_premiums,已赚保费,fields.md base,,local,unavailable,0
end_period_cash_equivalent,期末现金及现金等价物余额,fields.md base,,local,unavailable,0
engineer_material,工程物资,fields.md base,,,unavailable,0
equity_parent_company,归属于母公司所有者权益合计,fields.md base,,local,local_direct,0
equity_preferred_stock,权益部分的优先股,fields.md base,,local,unavailable,0
estimated_liabilities,预计负债,fields.md base,,local,unavailable,0
ev_lf,"企业价值lf,总市值 + 负债合计mrq",fields.md base,,local,local_derived,0
ev_lyr,"企业价值lyr,总市值 + 负债合计lyr",fields.md base,,local,local_derived,0
ev_no_cash_lf,企业价值(不含货币资金)lf,fields.md base,platform,local,local_derived,0
ev_no_cash_lyr,企业价值(不含货币资金)lyr,fields.md base,,local,local_derived,0
ev_no_cash_to_ebit_lyr,"企业倍数(不含货币资金)lyr,企业价值lyr",fields.md base,,,local_derived,0
ev_no_cash_to_ebit_ttm,"企业倍数(不含货币资金)ttm,企业价值ttm",fields.md base,,local,local_derived,0
ev_no_cash_ttm,企业价值(不含货币资金)ttm,fields.md base,platform,local,local_derived,0
ev_to_ebitda_lyr,"企业倍数lyr,企业价值lyr",fields.md base,,,local_derived,0
ev_to_ebitda_ttm,"企业倍数ttm,企业价值ttm",fields.md base,,,unavailable,0
ev_ttm,"企业价值ttm,总市值 + 负债合计ttm",fields.md base,platform,local,local_derived,0
exchange_gains_or_losses,兑汇损益,fields.md base,,local,unavailable,0
exchange_rate_change_effect,汇率变动对现金及现金等价物的影响,fields.md base,,local,unavailable,0
fair_value_change_income,公允价值变动净收益,fields.md base,,local,unavailable,0
financial_asset_available_for_sale,可供出售金融资产,fields.md base,,local,unavailable,0
financial_asset_available_for_sale_change,可供出售金融资产公允价值变动损益,fields.md base,,local,unavailable,0
financial_asset_held_for_trading,交易性金融资产,fields.md base,,local,unavailable,0
financial_asset_hold_to_maturity,持有至到期投资,fields.md base,,local,unavailable,0
financial_asset_hold_to_maturity_change,持有至到期投资重分类为可供出售金融资产损益,fields.md base,,local,unavailable,0
financial_lease_payable,应付融资租赁款,fields.md base,,local,local_proxy,0
financial_lease_receivable,应收融资租赁款,fields.md base,,,unavailable,0
financial_liabilities,交易性金融负债,fields.md base,,local,unavailable,0
financial_receivable,应收款项融资,fields.md base,,local,unavailable,0
financing_expense,财务费用,fields.md base,,local,unavailable,0
financing_interest_expense,利息支出(财务费用),fields.md base,platform,local,unavailable,0
financing_interest_income,利息收入(财务费用),fields.md base,,local,unavailable,0
fixed_asset_depreciation,固定资产折旧,fields.md base,,local,local_proxy,0
fixed_asset_to_be_disposed,固定资产清理,fields.md base,,local,unavailable,0
fixed_deposits,定期存款,fields.md base,,local,unavailable,0
foreign_currency_converted_difference,外币报表折算差额,fields.md base,,local,unavailable,0
foreign_currency_statement_converted_difference,外币财务报表分析折算差额,fields.md base,,local,unavailable,0
fully_diluted_earnings_per_share,稀释每股收益,fields.md base,,local,unavailable,0
fund_providing,融出资金,fields.md base,,local,unavailable,0
ga_expense,管理费用,fields.md base,,local,unavailable,0
general_reserve,一般风险准备,fields.md base,,local,unavailable,0
goodwill,商誉,fields.md base,,,unavailable,0
grants_received,专项应付款,fields.md base,,local,unavailable,0
gross_profit,主营业务利润,fields.md base,,local,local_proxy,0
health_insurance_reserve,长期健康险责任准备金,fields.md base,,local,unavailable,0
health_reserve_receivable,应收分保长期健康险责任准备金,fields.md base,,local,unavailable,0
high,最高价,fields.md base,platform,local,local_direct,0
housing_revolving_funds,住房周转金,fields.md base,,local,unavailable,0
impairment_intangible_assets,开发支出,fields.md base,,local,unavailable,0
income_tax,所得税,fields.md base,,local,unavailable,0
independent_account_assets,独立账户资产,fields.md base,,,unavailable,0
independent_account_liabilities,独立账户负债,fields.md base,,local,unavailable,0
insurance_commission_expense,保险手续费及佣金支出,fields.md base,,local,unavailable,0
insurance_contract_reserve,保险合同准备金,fields.md base,,local,unavailable,0
insurance_receivable,应收保费,fields.md base,,local,unavailable,0
insurer_deposit_investment,保户储金及投资款,fields.md base,,,unavailable,0
insurer_mortgage_loan,保户质押贷款,fields.md base,,local,unavailable,0
intangible_asset_amortization,无形资产摊销,fields.md base,,local,local_proxy,0
intangible_assets,无形资产,fields.md base,,local,unavailable,0
interbank_deposits,存放同业款项,fields.md base,,local,unavailable,0
interest_expense,利息支出,fields.md base,,local,unavailable,0
interest_income,利息收入,fields.md base,,,unavailable,0
interest_payable,应付利息,fields.md base,,local,unavailable,0
interest_receivable,应收利息,fields.md base,,local,unavailable,0
inventory,存货,fields.md base,platform,local,local_direct,0
invest_income_associates,对联营合营企业的投资收益,fields.md base,,local,unavailable,0
investment_income,投资收益,fields.md base,platform,local,unavailable,0
lease_liabilities,租赁负债,fields.md base,,local,local_direct,0
lend_capital,拆出资金,fields.md base,,local,unavailable,0
liabilities_hold_for_sale,划分为持有待售的负债,fields.md base,,local,unavailable,0
life_insurance_reserve,寿险责任准备金,fields.md base,,local,unavailable,0
life_reserve_receivable,应收分保寿险责任准备金,fields.md base,,local,unavailable,0
loan_account_receivables,投资-贷款及应收款项,fields.md base,,local,unavailable,0
loans_advances_to_customers,发放贷款和垫款,fields.md base,,local,unavailable,0
long_term_deferred_expenses,长期待摊费用,fields.md base,,,unavailable,0
long_term_liabilities_due_one_year,一年内到期的长期负债,fields.md base,,local,local_direct,0
long_term_loans,长期借款,fields.md base,platform,local,local_direct,0
long_term_payable,长期应付款,fields.md base,,local,unavailable,0
long_term_receivables,长期应收款,fields.md base,,local,unavailable,0
low,最低价,fields.md base,platform,local,local_direct,0
market_cap,市值,fields.md base,platform,local,local_direct,0
market_cap_3,总市值,fields.md base,,local,local_direct,0
minority_interest,少数股东权益,fields.md base,,local,unavailable,0
minority_profit,少数股东损益,fields.md base,,local,unavailable,0
mortgaged_loan,质押借款,fields.md base,,local,unavailable,0
net_accts_receivable,应收账款净额,fields.md base,platform,local,unavailable,0
net_cash_deal_from_sub,处置子公司及其他营业单位收到的现金净额,fields.md base,,local,unavailable,0
net_cash_payment_from_sub,取得子公司及其他营业单位支付的现金净额,fields.md base,,local,unavailable,0
net_commission_income,手续费及佣金净收入,fields.md base,,,unavailable,0
net_deposit_increase,客户存款和同业存放款项净增加额,fields.md base,,local,unavailable,0
net_fixed_assets,固定资产净额,fields.md base,,local,unavailable,0
net_inc_cash_and_equivalents,现金及现金等价物净增加额,fields.md base,,local,unavailable,0
net_increase_from__financing_buy_back,回购业务资金净增加额(筹资),fields.md base,,local,unavailable,0
net_increase_from_central_bank,向中央银行借款净增加额,fields.md base,,local,unavailable,0
net_increase_from_central_bank_and_banks,存放中央银行和同业款项净增加额,fields.md base,,local,unavailable,0
net_increase_from_disposing_financial_assets,处置交易性金融资产净增加额,fields.md base,,,unavailable,0
net_increase_from_financial_institutions,拆入资金净增加额,fields.md base,,local,unavailable,0
net_increase_from_insurer_deposit_investment,保户储金及投资款净增加额,fields.md base,,local,unavailable,0
net_increase_from_investing_buy_back,返售业务资金净增加额(投资),fields.md base,,local,unavailable,0
net_increase_from_lending_capital,拆出资金净增加额,fields.md base,,local,unavailable,0
net_increase_from_loans_and_advances,客户贷款及垫款净增加额,fields.md base,,local,unavailable,0
net_increase_from_operating_buy_back,返售业务资金净增加额(经营),fields.md base,,local,unavailable,0
net_increase_from_other_financial_institutions,向其他金融机构拆入资金净增加额,fields.md base,,local,unavailable,0
net_increase_from_repurchasing_business,回购业务资金净增加额,fields.md base,,local,unavailable,0
net_increase_from_trading_financial_assets,为交易目的而持有的金融资产净增加额,fields.md base,,local,unavailable,0
net_increase_in_pledge_loans,质押贷款净增加额,fields.md base,,,unavailable,0
net_interest_income,利息净收入,fields.md base,,,unavailable,0
net_long_term_equity_investment,长期股权投资净额,fields.md base,,local,unavailable,0
net_open_hedge_income,净敞口套期收益,fields.md base,,local,unavailable,0
net_profit,净利润,fields.md base,platform,local,local_direct,0
net_profit_deduct_non_recurring_pnl,扣除非经常性损益后的净利润,fields.md base,,local,unavailable,0
net_profit_parent_company,归属母公司净利润,fields.md base,,,unknown,0
net_proxy_security_income,代理买卖证券业务净收入,fields.md base,,local,unavailable,0
net_trust_income,受托客户资产管理业务净收入,fields.md base,,local,unavailable,0
non_current_asset_due_one_year,一年内到期的非流动资产,fields.md base,,,unavailable,0
non_current_assets,非流动资产合计,fields.md base,,local,unavailable,0
non_current_liabilities,非流动负债合计,fields.md base,,local,unavailable,0
non_current_liability_due_one_year,一年内到期的非流动负债,fields.md base,,local,local_direct,0
non_operating_expense,营业外支出,fields.md base,,local,unavailable,0
non_operating_revenue,营业外收入,fields.md base,,,unavailable,0
non_recurring_pnl,非经常性损益,fields.md base,,local,unavailable,0
notes_payable,应付票据,fields.md base,,local,unavailable,0
o_n_a_expense,业务及管理费用,fields.md base,,local,unavailable,0
oil_and_gas_assets,油气资产,fields.md base,,local,unavailable,0
open,开盘价,fields.md base,platform,local,local_direct,0
operating_revenue,营业收入,fields.md base,platform,local,local_direct,0
other_accts_receivable,其他应收款(原值),fields.md base,,local,unavailable,0
other_assets,其他资产,fields.md base,,local,unavailable,0
other_current_assets,其他流动资产,fields.md base,,local,unavailable,0
other_current_liabilities,其他流动负债,fields.md base,,local,unavailable,0
other_debt_investment,其他债权投资,fields.md base,,local,unavailable,0
other_debt_investment_change,其他债权投资公允价值变动,fields.md base,,local,unavailable,0
other_debt_investment_reserve,其他债权投资信用减值准备,fields.md base,,local,unavailable,0
other_effecting_cash_equivalent_items,影响现金及现金等价物的其他科目,fields.md base,,local,unavailable,0
other_effecting_net_profits_items,影响净利润的其他科目,fields.md base,,local,unavailable,0
other_effecting_total_profits_items,影响利润总额的其他科目,fields.md base,,local,unavailable,0
other_equity_instruments,其他权益工具,fields.md base,,local,unavailable,0
other_equity_instruments_change,其他权益工具投资公允价值变动,fields.md base,,,unavailable,0
other_equity_investment,其他权益工具投资,fields.md base,,local,unavailable,0
other_fees_payable,其他应交款,fields.md base,,local,unavailable,0
other_illiquidy_financial_assets,其他非流动金融资产,fields.md base,,,unavailable,0
other_income,其他综合收益,fields.md base,,local,unavailable,0
other_income_classified_income_statement,以后能重分类进损益表的其他综合收益,fields.md base,,local,unavailable,0
other_income_equity_classified_income_statement,权益法下在被投资单位能重分类进损益表的其他综合收益中享有的份额,fields.md base,,local,unavailable,0
other_income_equity_unclassified_income_statement,权益法下在被投资单位不能重分类进损益表的其他综合收益中享有的份额,fields.md base,,,unavailable,0
other_income_minority,归属于少数股东的其他综合收益总额,fields.md base,,local,unavailable,0
other_income_unclassified_income_statement,以后不能重分类进损益表的其他综合收益,fields.md base,,local,unavailable,0
other_liabilities,其他负债,fields.md base,,local,unavailable,0
other_net_income,非经营性净收益,fields.md base,,local,unavailable,0
other_non_current_assets,其他非流动资产,fields.md base,,local,unavailable,0
other_non_current_liabilities,其他非流动负债,fields.md base,,local,unavailable,0
other_operating_cost,其他经营成本,fields.md base,,local,unavailable,0
other_operating_revenue,其他经营收入,fields.md base,,local,unavailable,0
other_payable,其他应付款,fields.md base,,local,unavailable,0
other_payable_interest_dividend,其他应付款(含利息和股利),fields.md base,,local,unavailable,0
other_receivables_interest_dividend,其他应收款(含利息和股利),fields.md base,,local,unavailable,0
other_reserves,其他储备,fields.md base,,,unavailable,0
other_revenue,其他收益,fields.md base,,local,unavailable,0
others,其他,fields.md base,,local,unavailable,0
paid_in_capital,实收资本(或股本),fields.md base,,local,unavailable,0
payroll_payable,应付职工薪酬,fields.md base,platform,local,unavailable,0
pb_ratio_lf,"市净率lf,当前股票总市值",fields.md base,,local,local_derived,0
pb_ratio_lyr,"市净率lyr,当前股票总市值",fields.md base,,local,local_derived,0
pb_ratio_ttm,"市净率ttm,当前股票总市值",fields.md base,,local,local_derived,0
peg_ratio_lyr,"PEG值lyr,市盈率lyr",fields.md base,,local,local_proxy,0
peg_ratio_ttm,"PEG值ttm,市盈率ttm",fields.md base,,local,local_proxy,0
perpetual_bond,永续债(应付债券),fields.md base,,local,local_direct,0
perpetual_equity_debt,永续债(其他权益工具),fields.md base,,,unavailable,0
policy_dividend_payable,应付保单红利,fields.md base,,local,unavailable,0
policy_dividend_payout,保单红利支出,fields.md base,,local,unavailable,0
precious_metals,贵金属,fields.md base,,local,unavailable,0
preference_shares,优先股,fields.md base,,local,unavailable,0
premium_reserve,保险责任准备金,fields.md base,,local,unavailable,0
premiums_income,保险业务收入,fields.md base,,local,unavailable,0
prepayment,预付账款,fields.md base,,local,unavailable,0
profit_before_tax,利润总额,fields.md base,,local,local_direct,0
profit_from_operation,营业利润,fields.md base,platform,local,local_direct,0
proxy_security_proceeds,代理买卖证券款,fields.md base,,,unavailable,0
ps_ratio_lyr,"市销率lyr,总市值",fields.md base,,local,local_derived,0
ps_ratio_ttm,"市销率ttm,总市值",fields.md base,platform,local,local_derived,0
r_n_d,研发费用,fields.md base,platform,local,unavailable,0
real_estate_investment,投资性房地产,fields.md base,,local,unavailable,0
refundable_capital_deposits,存出资本保证金,fields.md base,,local,unavailable,0
refundable_deposits,存出保证金,fields.md base,,local,unavailable,0
refunded_premiums,退保金,fields.md base,,local,unavailable,0
refunds_of_taxes,收到的税费返还,fields.md base,,,unavailable,0
reinsurance,分出保费,fields.md base,,local,unavailable,0
reinsurance_cost,分保费用,fields.md base,,,unavailable,0
reinsurance_income,分保费收入,fields.md base,,,unavailable,0
reinsurance_payable,应付分保账款,fields.md base,,local,unavailable,0
reinsurance_receivable,应收分保账款,fields.md base,,local,unavailable,0
reinsurance_reserve_receivable,应收分保合同准备金,fields.md base,,local,unavailable,0
remearsured_other_income,重新计量设定收益计划净负债或净资产的变动,fields.md base,,local,unavailable,0
resale_financial_assets,买入返售金融资产,fields.md base,,local,unavailable,0
revenue,营业总收入,fields.md base,,local,local_direct,0
sales_tax,营业税,fields.md base,,local,local_direct,0
seat_costs,交易席位费,fields.md base,,local,unavailable,0
security_deposits_received,存入保证金,fields.md base,,local,unavailable,0
selling_expense,销售费用,fields.md base,,local,unavailable,0
settlement_provision,结算备付金,fields.md base,,local,unavailable,0
short_term_debt,应付短期债券,fields.md base,,local,local_direct,0
short_term_loans,短期借款,fields.md base,platform,local,local_direct,0
sp_ratio_lyr,"销售收益率lyr,营利收入lyr",fields.md base,,local,local_derived,0
sp_ratio_ttm,"销售收益率ttm,营利收入ttm",fields.md base,platform,local,local_derived,0
specific_reserve,专项储备,fields.md base,,local,unavailable,0
sub_issue_security_income,证券承销业务净收入,fields.md base,,local,unavailable,0
sub_issue_security_proceeds,代理承销证券款,fields.md base,,local,unavailable,0
subrogation_fee_receivable,应收代位追偿款,fields.md base,,,unavailable,0
surplus_reserve,盈余公积,fields.md base,,local,unavailable,0
tax_payable,应交税费,fields.md base,,local,unavailable,0
total_assets,总资产,fields.md base,platform,,local_direct,0
total_construction_in_progress,在建工程合计,fields.md base,,local,unavailable,0
total_equity,股东权益合计,fields.md base,,local,unavailable,0
total_equity_and_liabilities,负债和股东权益总计,fields.md base,,local,unavailable,0
total_expense,营业总成本,fields.md base,,local,unavailable,0
total_fixed_assets,固定资产合计,fields.md base,,local,unavailable,0
total_income,综合收益总额,fields.md base,,local,unavailable,0
total_income_minority,归属于少数股东的综合收益总额,fields.md base,,local,unavailable,0
total_income_parent_company,归属于母公司所有者的综合收益总额,fields.md base,,local,unavailable,0
total_liabilities,负债合计,fields.md base,,local,local_direct,0
trade_risk_allowances,交易风险准备,fields.md base,,local,unavailable,0
treasury_stock,库存股,fields.md base,,local,unavailable,0
turnover,换手率,fields.md base,platform,local,local_direct,0
uncertained_impairment_losses,未确认投资损失,fields.md base,,local,unavailable,0
uncertained_premium_reserve,未到期责任准备金,fields.md base,,local,unavailable,0
unclaimed_indemnity_reserve,未决赔款准备金,fields.md base,,local,unavailable,0
unclaimed_reserve_receivable,应收分保未决赔款准备金,fields.md base,,local,unavailable,0
undistributed_profit,未分配利润,fields.md base,,local,unavailable,0
unearned_premium_reserve,未到期责任准备金,fields.md base,,local,unavailable,0
unearned_reserve_receivable,应收分保未到期责任准备金,fields.md base,,local,unavailable,0
use_right_assets,使用权资产,fields.md base,,local,unavailable,0
volume,成交量,fields.md base,platform,local,local_direct,0
accer,"ACCER = SLOPE (CLOSE, N) / CLOSE",fields-oscillators.md,,local,local_proxy,1
alpha191_001,Alpha191因子第1个,fields-cal-date.md,,,unavailable,1
alpha191_002,Alpha191因子第2个,fields-cal-date.md,,,unavailable,1
alpha191_003,Alpha191因子第3个,fields-cal-date.md,,,unavailable,1
alpha191_004,Alpha191因子第4个,fields-cal-date.md,,,unavailable,1
alpha191_005,Alpha191因子第5个,fields-cal-date.md,,,unavailable,1
alpha191_006,Alpha191因子第6个,fields-cal-date.md,,,unavailable,1
alpha191_007,Alpha191因子第7个,fields-cal-date.md,,,unavailable,1
alpha191_008,Alpha191因子第8个,fields-cal-date.md,,,unavailable,1
alpha191_009,Alpha191因子第9个,fields-cal-date.md,,,unavailable,1
alpha191_010,Alpha191因子第10个,fields-cal-date.md,,,unavailable,1
alpha191_011,Alpha191因子第11个,fields-cal-date.md,,,unavailable,1
alpha191_012,Alpha191因子第12个,fields-cal-date.md,,,unavailable,1
alpha191_013,Alpha191因子第13个,fields-cal-date.md,,,unavailable,1
alpha191_014,Alpha191因子第14个,fields-cal-date.md,,,unavailable,1
alpha191_015,Alpha191因子第15个,fields-cal-date.md,,,unavailable,1
alpha191_016,Alpha191因子第16个,fields-cal-date.md,,,unavailable,1
alpha191_017,Alpha191因子第17个,fields-cal-date.md,,,unavailable,1
alpha191_018,Alpha191因子第18个,fields-cal-date.md,,,unavailable,1
alpha191_019,Alpha191因子第19个,fields-cal-date.md,,,unavailable,1
alpha191_020,Alpha191因子第20个,fields-cal-date.md,,,unavailable,1
alpha191_021,Alpha191因子第21个,fields-cal-date.md,,,unavailable,1
alpha191_022,Alpha191因子第22个,fields-cal-date.md,,,unavailable,1
alpha191_023,Alpha191因子第23个,fields-cal-date.md,,,unavailable,1
alpha191_024,Alpha191因子第24个,fields-cal-date.md,,,unavailable,1
alpha191_025,Alpha191因子第25个,fields-cal-date.md,,,unavailable,1
alpha191_026,Alpha191因子第26个,fields-cal-date.md,,,unavailable,1
alpha191_027,Alpha191因子第27个,fields-cal-date.md,,,unavailable,1
alpha191_028,Alpha191因子第28个,fields-cal-date.md,,,unavailable,1
alpha191_029,Alpha191因子第29个,fields-cal-date.md,,,unavailable,1
alpha191_030,Alpha191因子第30个,fields-cal-date.md,,,unavailable,1
alpha191_031,Alpha191因子第31个,fields-cal-date.md,,,unavailable,1
alpha191_032,Alpha191因子第32个,fields-cal-date.md,,,unavailable,1
alpha191_033,Alpha191因子第33个,fields-cal-date.md,,,unavailable,1
alpha191_034,Alpha191因子第34个,fields-cal-date.md,,,unavailable,1
alpha191_035,Alpha191因子第35个,fields-cal-date.md,,,unavailable,1
alpha191_036,Alpha191因子第36个,fields-cal-date.md,,,unavailable,1
alpha191_037,Alpha191因子第37个,fields-cal-date.md,,,unavailable,1
alpha191_038,Alpha191因子第38个,fields-cal-date.md,,,unavailable,1
alpha191_039,Alpha191因子第39个,fields-cal-date.md,,,unavailable,1
alpha191_040,Alpha191因子第40个,fields-cal-date.md,,,unavailable,1
alpha191_041,Alpha191因子第41个,fields-cal-date.md,,,unavailable,1
alpha191_042,Alpha191因子第42个,fields-cal-date.md,,,unavailable,1
alpha191_043,Alpha191因子第43个,fields-cal-date.md,,,unavailable,1
alpha191_044,Alpha191因子第44个,fields-cal-date.md,,,unavailable,1
alpha191_045,Alpha191因子第45个,fields-cal-date.md,,,unavailable,1
alpha191_046,Alpha191因子第46个,fields-cal-date.md,,,unavailable,1
alpha191_047,Alpha191因子第47个,fields-cal-date.md,,,unavailable,1
alpha191_048,Alpha191因子第48个,fields-cal-date.md,,,unavailable,1
alpha191_049,Alpha191因子第49个,fields-cal-date.md,,,unavailable,1
alpha191_050,Alpha191因子第50个,fields-cal-date.md,,,unavailable,1
alpha191_051,Alpha191因子第51个,fields-cal-date.md,,,unavailable,1
alpha191_052,Alpha191因子第52个,fields-cal-date.md,,,unavailable,1
alpha191_053,Alpha191因子第53个,fields-cal-date.md,,,unavailable,1
alpha191_054,Alpha191因子第54个,fields-cal-date.md,,,unavailable,1
alpha191_055,Alpha191因子第55个,fields-cal-date.md,,,unavailable,1
alpha191_056,Alpha191因子第56个,fields-cal-date.md,,,unavailable,1
alpha191_057,Alpha191因子第57个,fields-cal-date.md,,,unavailable,1
alpha191_058,Alpha191因子第58个,fields-cal-date.md,,,unavailable,1
alpha191_059,Alpha191因子第59个,fields-cal-date.md,,,unavailable,1
alpha191_060,Alpha191因子第60个,fields-cal-date.md,,,unavailable,1
alpha191_061,Alpha191因子第61个,fields-cal-date.md,,,unavailable,1
alpha191_062,Alpha191因子第62个,fields-cal-date.md,,,unavailable,1
alpha191_063,Alpha191因子第63个,fields-cal-date.md,,,unavailable,1
alpha191_064,Alpha191因子第64个,fields-cal-date.md,,,unavailable,1
alpha191_065,Alpha191因子第65个,fields-cal-date.md,,,unavailable,1
alpha191_066,Alpha191因子第66个,fields-cal-date.md,,,unavailable,1
alpha191_067,Alpha191因子第67个,fields-cal-date.md,,,unavailable,1
alpha191_068,Alpha191因子第68个,fields-cal-date.md,,,unavailable,1
alpha191_069,Alpha191因子第69个,fields-cal-date.md,,,unavailable,1
alpha191_070,Alpha191因子第70个,fields-cal-date.md,,,unavailable,1
alpha191_071,Alpha191因子第71个,fields-cal-date.md,,,unavailable,1
alpha191_072,Alpha191因子第72个,fields-cal-date.md,,,unavailable,1
alpha191_073,Alpha191因子第73个,fields-cal-date.md,,,unavailable,1
alpha191_074,Alpha191因子第74个,fields-cal-date.md,,,unavailable,1
alpha191_075,Alpha191因子第75个,fields-cal-date.md,,,unavailable,1
alpha191_076,Alpha191因子第76个,fields-cal-date.md,,,unavailable,1
alpha191_077,Alpha191因子第77个,fields-cal-date.md,,,unavailable,1
alpha191_078,Alpha191因子第78个,fields-cal-date.md,,,unavailable,1
alpha191_079,Alpha191因子第79个,fields-cal-date.md,,,unavailable,1
alpha191_080,Alpha191因子第80个,fields-cal-date.md,,,unavailable,1
alpha191_081,Alpha191因子第81个,fields-cal-date.md,,,unavailable,1
alpha191_082,Alpha191因子第82个,fields-cal-date.md,,,unavailable,1
alpha191_083,Alpha191因子第83个,fields-cal-date.md,,,unavailable,1
alpha191_084,Alpha191因子第84个,fields-cal-date.md,,,unavailable,1
alpha191_085,Alpha191因子第85个,fields-cal-date.md,,,unavailable,1
alpha191_086,Alpha191因子第86个,fields-cal-date.md,,,unavailable,1
alpha191_087,Alpha191因子第87个,fields-cal-date.md,,,unavailable,1
alpha191_088,Alpha191因子第88个,fields-cal-date.md,,,unavailable,1
alpha191_089,Alpha191因子第89个,fields-cal-date.md,,,unavailable,1
alpha191_090,Alpha191因子第90个,fields-cal-date.md,,,unavailable,1
alpha191_091,Alpha191因子第91个,fields-cal-date.md,,,unavailable,1
alpha191_092,Alpha191因子第92个,fields-cal-date.md,,,unavailable,1
alpha191_093,Alpha191因子第93个,fields-cal-date.md,,,unavailable,1
alpha191_094,Alpha191因子第94个,fields-cal-date.md,,,unavailable,1
alpha191_095,Alpha191因子第95个,fields-cal-date.md,,,unavailable,1
alpha191_096,Alpha191因子第96个,fields-cal-date.md,,,unavailable,1
alpha191_097,Alpha191因子第97个,fields-cal-date.md,,,unavailable,1
alpha191_098,Alpha191因子第98个,fields-cal-date.md,,,unavailable,1
alpha191_099,Alpha191因子第99个,fields-cal-date.md,,,unavailable,1
alpha191_100,Alpha191因子第100个,fields-cal-date.md,,,unavailable,1
alpha191_101,Alpha191因子第101个,fields-cal-date.md,,,unavailable,1
alpha191_102,Alpha191因子第102个,fields-cal-date.md,,,unavailable,1
alpha191_103,Alpha191因子第103个,fields-cal-date.md,,,unavailable,1
alpha191_104,Alpha191因子第104个,fields-cal-date.md,,,unavailable,1
alpha191_105,Alpha191因子第105个,fields-cal-date.md,,,unavailable,1
alpha191_106,Alpha191因子第106个,fields-cal-date.md,,,unavailable,1
alpha191_107,Alpha191因子第107个,fields-cal-date.md,,,unavailable,1
alpha191_108,Alpha191因子第108个,fields-cal-date.md,,,unavailable,1
alpha191_109,Alpha191因子第109个,fields-cal-date.md,,,unavailable,1
alpha191_110,Alpha191因子第110个,fields-cal-date.md,,,unavailable,1
alpha191_111,Alpha191因子第111个,fields-cal-date.md,,,unavailable,1
alpha191_112,Alpha191因子第112个,fields-cal-date.md,,,unavailable,1
alpha191_113,Alpha191因子第113个,fields-cal-date.md,,,unavailable,1
alpha191_114,Alpha191因子第114个,fields-cal-date.md,,,unavailable,1
alpha191_115,Alpha191因子第115个,fields-cal-date.md,,,unavailable,1
alpha191_116,Alpha191因子第116个,fields-cal-date.md,,,unavailable,1
alpha191_117,Alpha191因子第117个,fields-cal-date.md,,,unavailable,1
alpha191_118,Alpha191因子第118个,fields-cal-date.md,,,unavailable,1
alpha191_119,Alpha191因子第119个,fields-cal-date.md,,,unavailable,1
alpha191_120,Alpha191因子第120个,fields-cal-date.md,,,unavailable,1
alpha191_121,Alpha191因子第121个,fields-cal-date.md,,,unavailable,1
alpha191_122,Alpha191因子第122个,fields-cal-date.md,,,unavailable,1
alpha191_123,Alpha191因子第123个,fields-cal-date.md,,,unavailable,1
alpha191_124,Alpha191因子第124个,fields-cal-date.md,,,unavailable,1
alpha191_125,Alpha191因子第125个,fields-cal-date.md,,,unavailable,1
alpha191_126,Alpha191因子第126个,fields-cal-date.md,,,unavailable,1
alpha191_127,Alpha191因子第127个,fields-cal-date.md,,,unavailable,1
alpha191_128,Alpha191因子第128个,fields-cal-date.md,,,unavailable,1
alpha191_129,Alpha191因子第129个,fields-cal-date.md,,,unavailable,1
alpha191_130,Alpha191因子第130个,fields-cal-date.md,,,unavailable,1
alpha191_131,Alpha191因子第131个,fields-cal-date.md,,,unavailable,1
alpha191_132,Alpha191因子第132个,fields-cal-date.md,,,unavailable,1
alpha191_133,Alpha191因子第133个,fields-cal-date.md,,,unavailable,1
alpha191_134,Alpha191因子第134个,fields-cal-date.md,,,unavailable,1
alpha191_135,Alpha191因子第135个,fields-cal-date.md,,,unavailable,1
alpha191_136,Alpha191因子第136个,fields-cal-date.md,,,unavailable,1
alpha191_137,Alpha191因子第137个,fields-cal-date.md,,,unavailable,1
alpha191_138,Alpha191因子第138个,fields-cal-date.md,,,unavailable,1
alpha191_139,Alpha191因子第139个,fields-cal-date.md,,,unavailable,1
alpha191_140,Alpha191因子第140个,fields-cal-date.md,,,unavailable,1
alpha191_141,Alpha191因子第141个,fields-cal-date.md,,,unavailable,1
alpha191_142,Alpha191因子第142个,fields-cal-date.md,,,unavailable,1
alpha191_143,Alpha191因子第143个,fields-cal-date.md,,,unavailable,1
alpha191_144,Alpha191因子第144个,fields-cal-date.md,,,unavailable,1
alpha191_145,Alpha191因子第145个,fields-cal-date.md,,,unavailable,1
alpha191_146,Alpha191因子第146个,fields-cal-date.md,,,unavailable,1
alpha191_147,Alpha191因子第147个,fields-cal-date.md,,,unavailable,1
alpha191_148,Alpha191因子第148个,fields-cal-date.md,,,unavailable,1
alpha191_149,Alpha191因子第149个,fields-cal-date.md,,,unavailable,1
alpha191_150,Alpha191因子第150个,fields-cal-date.md,,,unavailable,1
alpha191_151,Alpha191因子第151个,fields-cal-date.md,,,unavailable,1
alpha191_152,Alpha191因子第152个,fields-cal-date.md,,,unavailable,1
alpha191_153,Alpha191因子第153个,fields-cal-date.md,,,unavailable,1
alpha191_154,Alpha191因子第154个,fields-cal-date.md,,,unavailable,1
alpha191_155,Alpha191因子第155个,fields-cal-date.md,,,unavailable,1
alpha191_156,Alpha191因子第156个,fields-cal-date.md,,,unavailable,1
alpha191_157,Alpha191因子第157个,fields-cal-date.md,,,unavailable,1
alpha191_158,Alpha191因子第158个,fields-cal-date.md,,,unavailable,1
alpha191_159,Alpha191因子第159个,fields-cal-date.md,,,unavailable,1
alpha191_160,Alpha191因子第160个,fields-cal-date.md,,,unavailable,1
alpha191_161,Alpha191因子第161个,fields-cal-date.md,,,unavailable,1
alpha191_162,Alpha191因子第162个,fields-cal-date.md,,,unavailable,1
alpha191_163,Alpha191因子第163个,fields-cal-date.md,,,unavailable,1
alpha191_164,Alpha191因子第164个,fields-cal-date.md,,,unavailable,1
alpha191_165,Alpha191因子第165个,fields-cal-date.md,,,unavailable,1
alpha191_166,Alpha191因子第166个,fields-cal-date.md,,,unavailable,1
alpha191_167,Alpha191因子第167个,fields-cal-date.md,,,unavailable,1
alpha191_168,Alpha191因子第168个,fields-cal-date.md,,,unavailable,1
alpha191_169,Alpha191因子第169个,fields-cal-date.md,,,unavailable,1
alpha191_170,Alpha191因子第170个,fields-cal-date.md,,,unavailable,1
alpha191_171,Alpha191因子第171个,fields-cal-date.md,,,unavailable,1
alpha191_172,Alpha191因子第172个,fields-cal-date.md,,,unavailable,1
alpha191_173,Alpha191因子第173个,fields-cal-date.md,,,unavailable,1
alpha191_174,Alpha191因子第174个,fields-cal-date.md,,,unavailable,1
alpha191_175,Alpha191因子第175个,fields-cal-date.md,,,unavailable,1
alpha191_176,Alpha191因子第176个,fields-cal-date.md,,,unavailable,1
alpha191_177,Alpha191因子第177个,fields-cal-date.md,,,unavailable,1
alpha191_178,Alpha191因子第178个,fields-cal-date.md,,,unavailable,1
alpha191_179,Alpha191因子第179个,fields-cal-date.md,,,unavailable,1
alpha191_180,Alpha191因子第180个,fields-cal-date.md,,,unavailable,1
alpha191_181,Alpha191因子第181个,fields-cal-date.md,,,unavailable,1
alpha191_182,Alpha191因子第182个,fields-cal-date.md,,,unavailable,1
alpha191_183,Alpha191因子第183个,fields-cal-date.md,,,unavailable,1
alpha191_184,Alpha191因子第184个,fields-cal-date.md,,,unavailable,1
alpha191_185,Alpha191因子第185个,fields-cal-date.md,,,unavailable,1
alpha191_186,Alpha191因子第186个,fields-cal-date.md,,,unavailable,1
alpha191_187,Alpha191因子第187个,fields-cal-date.md,,,unavailable,1
alpha191_188,Alpha191因子第188个,fields-cal-date.md,,,unavailable,1
alpha191_189,Alpha191因子第189个,fields-cal-date.md,,,unavailable,1
alpha191_190,Alpha191因子第190个,fields-cal-date.md,,,unavailable,1
alpha191_191,Alpha191因子第191个,fields-cal-date.md,,,unavailable,1
beta,贝塔,fields-barra.md,platform,local,unknown,1
book_to_market_ratio,账面市值比,fields-barra.md,,,unknown,1
bs_acc_exp,预提费用,fields-balance-sheet.md,,local,unavailable,1
bs_accounts_pay,应付票据及应付账款,fields-balance-sheet.md,,local,unavailable,1
bs_acct_payable,应付账款,fields-balance-sheet.md,,local,unavailable,1
bs_accu_depr,累计折旧,fields-balance-sheet.md,,local,local_proxy,1
bs_acting_trading_sec,代理买卖证券款,fields-balance-sheet.md,,local,unavailable,1
bs_acting_uw_sec,代理承销证券款,fields-balance-sheet.md,,local,unavailable,1
bs_adv_receipts,预收账款,fields-balance-sheet.md,,local,unavailable,1
bs_amor_exp,待摊费用,fields-balance-sheet.md,,local,unavailable,1
bs_bad_debt_reserve,坏账准备,fields-balance-sheet.md,,,unavailable,1
bs_bond_payable,应付债券,fields-balance-sheet.md,,local,local_proxy,1
bs_cap_reserve,资本公积金,fields-balance-sheet.md,,,unavailable,1
bs_cap_stk,实收资本(或股本),fields-balance-sheet.md,,local,unavailable,1
bs_cb_borr,向中央银行借款,fields-balance-sheet.md,,local,unavailable,1
bs_cip,在建工程,fields-balance-sheet.md,,local,unavailable,1
bs_cip_total,在建工程合计,fields-balance-sheet.md,,,unavailable,1
bs_client_depos,客户资金存款,fields-balance-sheet.md,,local,unavailable,1
bs_client_prov,客户备付金,fields-balance-sheet.md,,local,unavailable,1
bs_comm_payable,应付手续费及佣金,fields-balance-sheet.md,,local,unavailable,1
bs_const_materials,工程物资,fields-balance-sheet.md,,local,unavailable,1
bs_consumable_bio_assets,消耗性生物资产,fields-balance-sheet.md,,local,unavailable,1
bs_contract_assets,合同资产,fields-balance-sheet.md,,local,unavailable,1
bs_contract_liab,合同负债,fields-balance-sheet.md,,local,unavailable,1
bs_contract_work,工程施工,fields-balance-sheet.md,,,unavailable,1
bs_debt_invest,债权投资,fields-balance-sheet.md,,local,unavailable,1
bs_decr_in_disbur,发放贷款和垫款,fields-balance-sheet.md,,local,unavailable,1
bs_defer_inc_non_cur_liab,递延收益(长期负债),fields-balance-sheet.md,,local,unavailable,1
bs_defer_tax_assets,递延所得税资产,fields-balance-sheet.md,,local,unavailable,1
bs_defer_tax_liab,递延所得税负债,fields-balance-sheet.md,,local,unavailable,1
bs_deferred_inc,递延收益,fields-balance-sheet.md,,local,unavailable,1
bs_depos,吸收存款,fields-balance-sheet.md,,local,unavailable,1
bs_depos_ib_deposits,同业及其他金融机构存放款项,fields-balance-sheet.md,,local,unavailable,1
bs_depos_oth_bfi,存放同业款项,fields-balance-sheet.md,,local,unavailable,1
bs_depos_received,存入保证金,fields-balance-sheet.md,,local,unavailable,1
bs_deriv_assets,衍生金融资产,fields-balance-sheet.md,,local,unavailable,1
bs_deriv_liab,衍生金融负债,fields-balance-sheet.md,,local,unavailable,1
bs_div_payable,应付股利,fields-balance-sheet.md,,,unavailable,1
bs_div_receive,应收股利,fields-balance-sheet.md,,local,unavailable,1
bs_estimated_liab,预计负债,fields-balance-sheet.md,,local,unavailable,1
bs_fa_avail_sale,可供出售金融资产,fields-balance-sheet.md,,local,unavailable,1
bs_fin_lease_payable,应付融资租赁款,fields-balance-sheet.md,,local,local_proxy,1
bs_fix_asset_impair,固定资产减值准备,fields-balance-sheet.md,,,unavailable,1
bs_fix_assets_disp,固定资产清理,fields-balance-sheet.md,,local,unavailable,1
bs_forex_diff,外币报表折算差额,fields-balance-sheet.md,,local,unavailable,1
bs_goodwill,商誉,fields-balance-sheet.md,,local,unavailable,1
bs_hfs_assets,划分为持有待售的资产,fields-balance-sheet.md,,local,unavailable,1
bs_hfs_sales,划分为持有待售的负债,fields-balance-sheet.md,,local,unavailable,1
bs_housing_revolving,住房周转金,fields-balance-sheet.md,,local,unavailable,1
bs_htm_invest,持有至到期投资,fields-balance-sheet.md,,local,unavailable,1
bs_indem_payable,应付赔付款,fields-balance-sheet.md,,local,unavailable,1
bs_indep_acct_assets,独立账户资产,fields-balance-sheet.md,,local,unavailable,1
bs_indep_acct_liab,独立账户负债,fields-balance-sheet.md,,,unavailable,1
bs_int_payable,应付利息,fields-balance-sheet.md,,,unavailable,1
bs_int_receive,应收利息,fields-balance-sheet.md,,local,unavailable,1
bs_intan_assets,无形资产,fields-balance-sheet.md,,,unavailable,1
bs_inventory,存货,fields-balance-sheet.md,,local,local_proxy,1
bs_invest_as_receive,应收款项类投资,fields-balance-sheet.md,,local,unavailable,1
bs_invest_loss_unconf,未确认投资损失,fields-balance-sheet.md,,local,unavailable,1
bs_invest_real_estate,投资性房地产,fields-balance-sheet.md,,local,unavailable,1
bs_lease_liab,租赁负债,fields-balance-sheet.md,,,local_proxy,1
bs_lease_receive,应收融资租赁款,fields-balance-sheet.md,,,unavailable,1
bs_lending_funds,融出资金,fields-balance-sheet.md,,,unavailable,1
bs_loan_oth_bank,拆入资金,fields-balance-sheet.md,,local,unavailable,1
bs_loan_to_oth_bank_fi,拆出资金,fields-balance-sheet.md,,local,unavailable,1
bs_lt_amor_exp,长期待摊费用,fields-balance-sheet.md,,local,unavailable,1
bs_lt_borr,长期借款,fields-balance-sheet.md,,local,local_proxy,1
bs_lt_payable,长期应付款,fields-balance-sheet.md,,local,unavailable,1
bs_lt_payroll_payable,长期应付职工薪酬,fields-balance-sheet.md,,local,unavailable,1
bs_lt_rec,长期应收款,fields-balance-sheet.md,,local,unavailable,1
bs_minority_int,少数股东权益,fields-balance-sheet.md,,local,unavailable,1
bs_money_cap,货币资金,fields-balance-sheet.md,,local,local_proxy,1
bs_nca_within_1y,一年内到期的非流动资产,fields-balance-sheet.md,,local,unavailable,1
bs_ncl_due_1y,一年内到期的非流动负债,fields-balance-sheet.md,,local,local_proxy,1
bs_net_accts_receive,应收账款净额,fields-balance-sheet.md,,local,unavailable,1
bs_net_fix_assets,固定资产净额,fields-balance-sheet.md,,,unavailable,1
bs_net_lt_eqt_invest,长期股权投资净额,fields-balance-sheet.md,,local,unavailable,1
bs_non_cur_liab_due_1y,一年内到期的非流动负债,fields-balance-sheet.md,,local,local_proxy,1
bs_notes_accts_receiv,应收票据及应收账款,fields-balance-sheet.md,,local,unavailable,1
bs_notes_payable,应付票据,fields-balance-sheet.md,,local,unavailable,1
bs_notes_receive,应收票据,fields-balance-sheet.md,,local,unavailable,1
bs_oil_gas_assets,油气资产,fields-balance-sheet.md,,local,unavailable,1
bs_ordin_risk_reserve,一般风险准备,fields-balance-sheet.md,,local,unavailable,1
bs_oth_assets,其他资产,fields-balance-sheet.md,,local,unavailable,1
bs_oth_cur_assets,其他流动资产,fields-balance-sheet.md,,local,unavailable,1
bs_oth_cur_liab,其他流动负债,fields-balance-sheet.md,,local,unavailable,1
bs_oth_debt_invest,其他债权投资,fields-balance-sheet.md,,local,unavailable,1
bs_oth_eq_invest,其他权益工具投资,fields-balance-sheet.md,,local,unavailable,1
bs_oth_eqt_tools,其他权益工具,fields-balance-sheet.md,,local,unavailable,1
bs_oth_eqt_tools_p_shr,权益部分的优先股,fields-balance-sheet.md,,local,unavailable,1
bs_oth_fees_payable,其他应交款,fields-balance-sheet.md,,local,unavailable,1
bs_oth_illiq_fa,其他非流动金融资产,fields-balance-sheet.md,,,unavailable,1
bs_oth_liab,其他负债,fields-balance-sheet.md,,local,unavailable,1
bs_oth_nca,其他非流动资产,fields-balance-sheet.md,,local,unavailable,1
bs_oth_ncl,其他非流动负债,fields-balance-sheet.md,,local,unavailable,1
bs_oth_payable,其他应付款,fields-balance-sheet.md,,local,unavailable,1
bs_oth_payable_int_div,其他应付款(含利息和股利),fields-balance-sheet.md,,local,unavailable,1
bs_oth_receiv_int_div,其他应收款(含利息和股利),fields-balance-sheet.md,,local,unavailable,1
bs_oth_receive,其他应收款(原值),fields-balance-sheet.md,,local,unavailable,1
bs_oth_reserves,其他储备,fields-balance-sheet.md,,,unavailable,1
bs_payable_to_reinsurer,应付分保账款,fields-balance-sheet.md,,local,unavailable,1
bs_payroll_payable,应付职工薪酬,fields-balance-sheet.md,,local,unavailable,1
bs_perpetual_bond,永续债(应付债券),fields-balance-sheet.md,,local,local_proxy,1
bs_perpetual_equity_debt,永续债(其他权益工具),fields-balance-sheet.md,,,unavailable,1
bs_ph_invest,保户储金及投资款,fields-balance-sheet.md,,local,unavailable,1
bs_ph_pledge_loans,保户质押贷款,fields-balance-sheet.md,,local,unavailable,1
bs_pledge_borr,质押借款,fields-balance-sheet.md,,local,unavailable,1
bs_policy_div_payable,应付保单红利,fields-balance-sheet.md,,local,unavailable,1
bs_prec_metals,贵金属,fields-balance-sheet.md,,,unavailable,1
bs_pref_shares,优先股,fields-balance-sheet.md,,,unavailable,1
bs_prem_receiv_adva,预收保费,fields-balance-sheet.md,,local,unavailable,1
bs_premium_receive,应收保费,fields-balance-sheet.md,,local,unavailable,1
bs_prepayment,预付账款,fields-balance-sheet.md,,local,unavailable,1
bs_prod_bio_assets,生产性生物资产,fields-balance-sheet.md,,local,unavailable,1
bs_pur_resale_fa,买入返售金融资产,fields-balance-sheet.md,,local,unavailable,1
bs_r_and_d,开发支出,fields-balance-sheet.md,,local,unavailable,1
bs_receiv_financing,应收款项融资,fields-balance-sheet.md,,local,unavailable,1
bs_refund_cap_depos,存出资本保证金,fields-balance-sheet.md,,local,unavailable,1
bs_refund_depos,存出保证金,fields-balance-sheet.md,,local,unavailable,1
bs_reinsur_receive,应收分保账款,fields-balance-sheet.md,,,unavailable,1
bs_reinsur_reserve_receive,应收分保合同准备金,fields-balance-sheet.md,,local,unavailable,1
bs_reserve_insur_cont,保险合同准备金,fields-balance-sheet.md,,,unavailable,1
bs_reserve_lins_liab,寿险责任准备金,fields-balance-sheet.md,,,unavailable,1
bs_reserve_lthins_liab,长期健康险责任准备金,fields-balance-sheet.md,,,unavailable,1
bs_reserve_outstd_claims,未决赔款准备金,fields-balance-sheet.md,,,unavailable,1
bs_reserve_une_prem,未到期责任准备金,fields-balance-sheet.md,,,unavailable,1
bs_rr_reins_lins_liab,应收分保寿险责任准备金,fields-balance-sheet.md,,local,unavailable,1
bs_rr_reins_lthins_liab,应收分保长期健康险责任准备金,fields-balance-sheet.md,,local,unavailable,1
bs_rr_reins_outstd_cla,应收分保未决赔款准备金,fields-balance-sheet.md,,local,unavailable,1
bs_rr_reins_une_prem,应收分保未到期责任准备金,fields-balance-sheet.md,,local,unavailable,1
bs_sett_reserve,结算备付金,fields-balance-sheet.md,,local,unavailable,1
bs_sold_for_repur_fa,卖出回购金融资产款,fields-balance-sheet.md,,local,unavailable,1
bs_special_reserve,专项储备,fields-balance-sheet.md,,,unavailable,1
bs_specific_payables,专项应付款,fields-balance-sheet.md,,local,unavailable,1
bs_st_bonds_payable,应付短期债券,fields-balance-sheet.md,,local,local_proxy,1
bs_st_borr,短期借款,fields-balance-sheet.md,,local,local_proxy,1
bs_subrogation_receive,应收代位追偿款,fields-balance-sheet.md,,local,unavailable,1
bs_surplus_reserve,盈余公积,fields-balance-sheet.md,,,unavailable,1
bs_taxes_payable,应交税费,fields-balance-sheet.md,,local,unavailable,1
bs_time_deposits,定期存款,fields-balance-sheet.md,,local,unavailable,1
bs_total_assets,总资产,fields-balance-sheet.md,,local,local_proxy,1
bs_total_cur_assets,流动资产合计,fields-balance-sheet.md,,local,local_proxy,1
bs_total_cur_liab,流动负债合计,fields-balance-sheet.md,,local,local_proxy,1
bs_total_fix_assets,固定资产合计,fields-balance-sheet.md,,local,unavailable,1
bs_total_hldr_eqy_exc_min_int,归属于母公司所有者权益合计,fields-balance-sheet.md,,,local_proxy,1
bs_total_hldr_eqy_inc_min_int,股东权益合计,fields-balance-sheet.md,,local,unavailable,1
bs_total_liab,负债合计,fields-balance-sheet.md,,local,local_proxy,1
bs_total_liab_hldr_eqy,负债和股东权益总计,fields-balance-sheet.md,,local,unavailable,1
bs_total_nca,非流动资产合计,fields-balance-sheet.md,,local,unavailable,1
bs_total_ncl,非流动负债合计,fields-balance-sheet.md,,,unavailable,1
bs_trad_asset,交易性金融资产,fields-balance-sheet.md,,local,unavailable,1
bs_trade_risk_allow,交易风险准备,fields-balance-sheet.md,,local,unavailable,1
bs_trading_fl,交易性金融负债,fields-balance-sheet.md,,local,unavailable,1
bs_transac_seat_fee,交易席位费,fields-balance-sheet.md,,local,unavailable,1
bs_treasury_share,减:库存股,fields-balance-sheet.md,,local,unavailable,1
bs_undistr_profit,未分配利润,fields-balance-sheet.md,,,unavailable,1
bs_use_right_assets,使用权资产,fields-balance-sheet.md,,,unavailable,1
cal_10d_120d_turnover_ratio,10日平均换手率与120日平均换手率之比,fields-cal-date.md,,,local_proxy,1
cal_10d_avg_turnover,10日平均换手率,fields-cal-date.md,,local,local_proxy,1
cal_10d_vol_std,10日成交量标准差,fields-cal-date.md,,local,local_proxy,1
cal_120d_avg_turnover,120日平均换手率,fields-cal-date.md,,local,local_proxy,1
cal_12d_vol_ma,12日成交量的移动平均值,fields-cal-date.md,,local,local_proxy,1
cal_20d_120d_turnover_ratio,20日平均换手率与120日平均换手率之比,fields-cal-date.md,,,local_proxy,1
cal_20d_amt_ma,20日成交金额的移动平均值,fields-cal-date.md,,local,local_proxy,1
cal_20d_amt_std,20日成交金额的标准差,fields-cal-date.md,,local,local_proxy,1
cal_20d_avg_turnover,20日平均换手率,fields-cal-date.md,,local,local_proxy,1
cal_20d_vol_std,20日成交量标准差,fields-cal-date.md,,local,local_proxy,1
cal_30d_avg_vol_ratio,30日成交量平均比今日成交量,fields-cal-date.md,,local,local_proxy,1
cal_30d_close_avg_ratio,30日收盘价均价比今日收盘价,fields-cal-date.md,,local,local_proxy,1
cal_30d_close_std_ratio,30日收盘价标准差比今日收盘价,fields-cal-date.md,,local,local_proxy,1
cal_30d_down_day_ratio,30日收盘价下跌的天数占比,fields-cal-date.md,,local,local_proxy,1
cal_30d_high_low_dist,30日最高最低价的时间距离,fields-cal-date.md,,local,local_proxy,1
cal_30d_max_high_ratio,30日内最大最高价比今日收盘价,fields-cal-date.md,,local,local_proxy,1
cal_30d_price_vol_corr,30日收盘价与成交量的相关性,fields-cal-date.md,,local,local_proxy,1
cal_30d_ret_vol_corr,30日收盘价涨跌幅与成交量变化的相关性,fields-cal-date.md,,,local_proxy,1
cal_30d_up_day_ratio,30日收盘价上涨的天数占比,fields-cal-date.md,,local,local_proxy,1
cal_30d_up_down_diff,30日上涨天数占比与下跌天数占比之差,fields-cal-date.md,,local,local_proxy,1
cal_30d_vol_dec_ratio,30日成交量减少比绝对总成交量变化,fields-cal-date.md,,local,local_proxy,1
cal_5d_close_std_ratio,5日收盘价标准差比今日收盘价,fields-cal-date.md,,local,local_proxy,1
cal_5d_down_day_ratio,5日收盘价下跌的天数占比,fields-cal-date.md,,local,local_proxy,1
cal_5d_high_low_dist,5日最高最低价的时间距离,fields-cal-date.md,,local,local_proxy,1
cal_5d_max_high_idx,5日最高价的相对索引值,fields-cal-date.md,,local,local_proxy,1
cal_5d_min_low_idx,5日最低价的相对索引值,fields-cal-date.md,,local,local_proxy,1
cal_5d_min_low_ratio,5日内最小最低价比今日收盘价,fields-cal-date.md,,local,local_proxy,1
cal_5d_return,5日涨跌幅,fields-cal-date.md,,,local_proxy,1
cal_5d_turnover_sum,5日换手率之和,fields-cal-date.md,,local,local_proxy,1
cal_5d_up_day_ratio,5日收盘价上涨的天数占比,fields-cal-date.md,,local,local_proxy,1
cal_5d_up_down_diff,5日上涨天数占比与下跌天数占比之差,fields-cal-date.md,,local,local_proxy,1
cal_5d_vol_dec_ratio,5日成交量减少比绝对总成交量变化,fields-cal-date.md,,local,local_proxy,1
cal_5d_vol_net_chg,5日成交量增长减少差比总成交量变化,fields-cal-date.md,,local,local_proxy,1
cal_5d_vol_std_ratio,5日成交量标准差比今日成交量,fields-cal-date.md,,local,local_proxy,1
cal_5d_vol_wgt_std,5日成交量加权收盘价的标准差,fields-cal-date.md,,,local_proxy,1
cal_5min_return_kurtosis,全天5分钟收益率峰度,fields-cal-mins.md,,,unavailable,1
cal_5min_return_skewness,全天5分钟收益率偏度,fields-cal-mins.md,,,unavailable,1
cal_5min_vol_kurtosis,全天5分钟成交量峰度,fields-cal-mins.md,,,unavailable,1
cal_5min_vol_skewness,全天5分钟成交量偏度,fields-cal-mins.md,,,unavailable,1
cal_afternoon_return,下午阶段的涨幅,fields-cal-mins.md,,,unavailable,1
cal_afternoon_vol_price_corr,下午阶段的量价相关性,fields-cal-mins.md,,,unavailable,1
cal_close_15min_return,尾盘前15分钟的涨幅,fields-cal-mins.md,,,unavailable,1
cal_close_15min_vol_price_corr,尾盘前15分钟的量价相关性,fields-cal-mins.md,platform,local,unavailable,1
cal_close_15min_vol_ratio,尾盘前15分钟成交量占当日比例,fields-cal-mins.md,platform,local,unavailable,1
cal_close_30min_return,尾盘前30分钟的涨幅,fields-cal-mins.md,platform,local,unavailable,1
cal_close_30min_return_kurtosis,尾盘前30分钟的分钟收益率峰度,fields-cal-mins.md,,,unavailable,1
cal_close_30min_return_skewness,尾盘前30分钟的分钟收益率偏度,fields-cal-mins.md,,,unavailable,1
cal_close_30min_vol_ratio,尾盘前30分钟成交量占当日比例,fields-cal-mins.md,platform,local,unavailable,1
cal_close_5min_return,尾盘前5分钟的涨幅,fields-cal-mins.md,,,unavailable,1
cal_close_5min_vol_price_corr,尾盘前5分钟的量价相关性,fields-cal-mins.md,,,unavailable,1
cal_close_60min_return,尾盘前60分钟的涨幅,fields-cal-mins.md,,,unavailable,1
cal_close_60min_vol_ratio,尾盘前60分钟成交量占当日比例,fields-cal-mins.md,,,unavailable,1
cal_continuous_auction_vol_ratio,连续竞价阶段成交量占当日比例,fields-cal-mins.md,,,unavailable,1
cal_daily_rise,全天的涨幅,fields-cal-date.md,,local,local_proxy,1
cal_early_afternoon_return,下午前一小时的涨幅,fields-cal-mins.md,,,unavailable,1
cal_early_afternoon_vol_price_corr,下午前一小时的量价相关性,fields-cal-mins.md,,,unavailable,1
cal_limit_down,跌停价,fields-cal-date.md,,local,local_proxy,1
cal_limit_up,涨停价,fields-cal-date.md,,local,local_proxy,1
cal_min_return_kurtosis,全天分钟收益率峰度,fields-cal-mins.md,,,unavailable,1
cal_min_return_skewness,全天分钟收益率偏度,fields-cal-mins.md,,,unavailable,1
cal_min_vol_skewness,全天分钟成交量偏度,fields-cal-mins.md,,,unavailable,1
cal_min_vol_variance,全天分钟成交量方差,fields-cal-mins.md,,,unavailable,1
cal_morning10_return,上午后一小时的涨幅,fields-cal-mins.md,,,unavailable,1
cal_morning10_vol_ratio,上午后一小时成交量占当日比例,fields-cal-mins.md,,,unavailable,1
cal_morning_return,上午阶段的涨幅,fields-cal-mins.md,,,unavailable,1
cal_morning_vol_price_corr,上午阶段的量价相关性,fields-cal-mins.md,,,unavailable,1
cal_neg_return_std_ratio,全天小于0的分钟收益率标准差相对值,fields-cal-mins.md,,,unavailable,1
cal_open_15min_return,早盘前15分钟的涨幅,fields-cal-mins.md,,,unavailable,1
cal_open_15min_vol_price_corr,早盘前15分钟的量价相关性,fields-cal-mins.md,,,unavailable,1
cal_open_30min_return_kurtosis,早盘前30分钟的分钟收益率峰度,fields-cal-mins.md,,,unavailable,1
cal_open_30min_return_skewness,早盘前30分钟的分钟收益率偏度,fields-cal-mins.md,,,unavailable,1
cal_open_30min_vol_price_corr,早盘前30分钟的量价相关性,fields-cal-mins.md,,,unavailable,1
cal_open_5min_return,早盘前5分钟的涨幅,fields-cal-mins.md,,,unavailable,1
cal_open_5min_vol_price_corr,早盘前5分钟的量价相关性,fields-cal-mins.md,,,unavailable,1
cal_open_5min_vol_ratio,早盘前5分钟成交量占当日比例,fields-cal-mins.md,platform,local,unavailable,1
cal_open_60min_return,早盘前60分钟的涨幅,fields-cal-mins.md,,,unavailable,1
cal_open_60min_vol_price_corr,早盘前60分钟的量价相关性,fields-cal-mins.md,,,unavailable,1
cal_pos_return_std_ratio,全天大于0的分钟收益率标准差相对值,fields-cal-mins.md,,,unavailable,1
cal_vwap,均价,fields-cal-date.md,,local,local_proxy,1
cci,"CCI = (TYP – MA(TYP, N)) / (0.015 * AVEDEV (TYP, N))<br>TYP = (HIGH + LOW + CLOSE) / 3",fields-oscillators.md,,local,local_proxy,1
cfd_depr_amort_lyr,当期计提折旧与摊销lyr,fields-cashflow-derived.md,,local,unavailable,1
cfd_depr_amort_ttm,当期计提折旧与摊销ttm,fields-cashflow-derived.md,,,unavailable,1
cfd_ebitda_to_int_lyr,现金流量比率lyr,fields-cashflow-derived.md,,,unavailable,1
cfd_ebitda_to_int_ttm,现金流量比率ttm,fields-cashflow-derived.md,,,unavailable,1
cfd_fcfe_lyr,股权自由现金流量lyr,fields-cashflow-derived.md,,local,unavailable,1
cfd_fcfe_per_share_lyr,每股股东自由现金流lyr,fields-cashflow-derived.md,,local,unavailable,1
cfd_fcfe_per_share_ttm,每股股东自由现金流ttm,fields-cashflow-derived.md,,local,unavailable,1
cfd_fcfe_ttm,股权自由现金流量ttm,fields-cashflow-derived.md,,,unavailable,1
cfd_fcff_lyr,企业自由现金流量lyr,fields-cashflow-derived.md,,local,unavailable,1
cfd_fcff_per_share_lyr,每股企业自由现金流lyr,fields-cashflow-derived.md,,local,unavailable,1
cfd_fcff_per_share_ttm,每股企业自由现金流ttm,fields-cashflow-derived.md,,local,unavailable,1
cfd_fcff_ttm,企业自由现金流量ttm,fields-cashflow-derived.md,,local,unavailable,1
cfd_flow_per_share_lyr,每股现金流lyr,fields-cashflow-derived.md,,local,local_proxy,1
cfd_flow_per_share_ttm,每股现金流ttm,fields-cashflow-derived.md,,,local_proxy,1
cfd_ocf_per_share_lyr,每股经营现金流lyr,fields-cashflow-derived.md,,local,local_proxy,1
cfd_ocf_per_share_ttm,每股经营现金流ttm,fields-cashflow-derived.md,,local,local_proxy,1
cfd_ocf_to_cur_liab_lyr,经营活动产生的现金流量净额/流动负债,fields-cashflow-derived.md,,,unavailable,1
cfd_ocf_to_cur_liab_ttm,经营活动产生的现金流量净额/流动负债ttm,fields-cashflow-derived.md,,,unavailable,1
cfd_ocf_to_debt_lyr,经营活动产生的现金流量净额/负债合计lyr,fields-cashflow-derived.md,,,local_proxy,1
cfd_ocf_to_debt_ttm,经营活动产生的现金流量净额/负债合计ttm,fields-cashflow-derived.md,platform,local,local_proxy,1
cfd_ocf_to_int_debt_lyr,经营活动产生的现金流量净额/带息债务lyr,fields-cashflow-derived.md,,local,unavailable,1
cfd_ocf_to_int_debt_ttm,经营活动产生的现金流量净额/带息债务ttm,fields-cashflow-derived.md,,local,unavailable,1
cfd_ocf_to_net_debt_lyr,经营活动产生的现金流量净额/净债务lyr,fields-cashflow-derived.md,,local,unavailable,1
cfd_ocf_to_net_debt_ttm,经营活动产生的现金流量净额/净债务ttm,fields-cashflow-derived.md,,local,unavailable,1
cfd_surplus_cash_multi_lyr,盈余现金保障倍数lyr,fields-cashflow-derived.md,,,unavailable,1
cfd_surplus_cash_multi_ttm,盈余现金保障倍数ttm,fields-cashflow-derived.md,platform,local,unavailable,1
cfs_asset_depr_reserve,资产减值准备,fields-cashflow-statement.md,,,unavailable,1
cfs_begin_cash_equiv,期初现金及现金等价物余额,fields-cashflow-statement.md,,local,unavailable,1
cfs_cash_inflow_financing,筹资活动现金流入小计,fields-cashflow-statement.md,,,unavailable,1
cfs_cash_inflow_investing,投资活动现金流入小计,fields-cashflow-statement.md,,local,unavailable,1
cfs_cash_inflow_operating,经营活动现金流入小计,fields-cashflow-statement.md,,,unavailable,1
cfs_cash_oth_financing,收到其他与筹资活动有关的现金,fields-cashflow-statement.md,,local,unavailable,1
cfs_cash_oth_investing,收到其他与投资活动有关的现金,fields-cashflow-statement.md,,local,unavailable,1
cfs_cash_oth_operating,收到其它与经营活动有关的现金,fields-cashflow-statement.md,,,unavailable,1
cfs_cash_outflow_financing,筹资活动现金流出小计,fields-cashflow-statement.md,,local,unavailable,1
cfs_cash_outflow_investing,投资活动产生的现金流出小计,fields-cashflow-statement.md,,local,unavailable,1
cfs_cash_outflow_operating,经营活动现金流出小计,fields-cashflow-statement.md,,local,unavailable,1
cfs_cash_paid_asset,购建固定资产等所支付的现金,fields-cashflow-statement.md,,,unavailable,1
cfs_cash_paid_commissions,支付手续费及佣金的现金,fields-cashflow-statement.md,,local,unavailable,1
cfs_cash_paid_debt,偿还债务支付的现金,fields-cashflow-statement.md,,local,unavailable,1
cfs_cash_paid_div_interest,分配股利、利润或偿付利息支付的现金,fields-cashflow-statement.md,,local,unavailable,1
cfs_cash_paid_employees,支付给职工以及为职工支付的现金,fields-cashflow-statement.md,,local,unavailable,1
cfs_cash_paid_goods,购买商品、接受劳务支付的现金,fields-cashflow-statement.md,,local,unavailable,1
cfs_cash_paid_invest,投资支付的现金,fields-cashflow-statement.md,,,unavailable,1
cfs_cash_paid_orig_ins,支付原保险合同赔付款项的现金,fields-cashflow-statement.md,,local,unavailable,1
cfs_cash_paid_oth_financing,支付其他与筹资活动有关的现金,fields-cashflow-statement.md,,local,unavailable,1
cfs_cash_paid_oth_investing,支付其他与投资活动有关的现金,fields-cashflow-statement.md,,local,unavailable,1
cfs_cash_paid_oth_operating,支付其他与经营活动有关的现金,fields-cashflow-statement.md,,,unavailable,1
cfs_cash_paid_policy_div,支付保单红利的现金,fields-cashflow-statement.md,,local,unavailable,1
cfs_cash_paid_reins,支付再保业务现金净额,fields-cashflow-statement.md,,,unavailable,1
cfs_cash_paid_taxes,支付的各项税费,fields-cashflow-statement.md,,local,unavailable,1
cfs_cash_received_borr,取得借款收到的现金,fields-cashflow-statement.md,,local,unavailable,1
cfs_cash_received_dispose_asset,处置固定资产等收回的现金净额,fields-cashflow-statement.md,,local,unavailable,1
cfs_cash_received_dispose_inv,收回投资收到的现金,fields-cashflow-statement.md,,,unavailable,1
cfs_cash_received_int_comm,收取利息、手续费及佣金的现金,fields-cashflow-statement.md,,local,unavailable,1
cfs_cash_received_inv_income,取得投资收益收到的现金,fields-cashflow-statement.md,,local,unavailable,1
cfs_cash_received_investors,吸收投资收到的现金,fields-cashflow-statement.md,,local,unavailable,1
cfs_cash_received_issue_bond,发行债券收到的现金,fields-cashflow-statement.md,,local,unavailable,1
cfs_cash_received_issue_equity,发行其他权益工具收到的现金,fields-cashflow-statement.md,,local,unavailable,1
cfs_cash_received_minority,子公司吸收少数股东投资收到的现金,fields-cashflow-statement.md,,,unavailable,1
cfs_cash_received_orig_ins,收到原保险合同保费取得的现金,fields-cashflow-statement.md,,local,unavailable,1
cfs_cash_received_proxy_sec,代理买卖证券收到的现金净额,fields-cashflow-statement.md,,local,unavailable,1
cfs_cash_received_reins,收到再保业务现金净额,fields-cashflow-statement.md,,,unavailable,1
cfs_cash_received_sales,销售商品、提供劳务收到的现金,fields-cashflow-statement.md,,local,unavailable,1
cfs_cash_received_uw_sec,代理承销证券收到的现金净额,fields-cashflow-statement.md,,local,unavailable,1
cfs_defer_exp_amort,长期待摊费用摊销,fields-cashflow-statement.md,,local,local_proxy,1
cfs_div_paid_minority,子公司支付给少数股东的股利等,fields-cashflow-statement.md,,,unavailable,1
cfs_end_cash_equiv,期末现金及现金等价物余额,fields-cashflow-statement.md,,local,unavailable,1
cfs_fix_asset_depr,固定资产折旧,fields-cashflow-statement.md,,,local_proxy,1
cfs_fx_effect,汇率变动对现金及现金等价物的影响,fields-cashflow-statement.md,,local,unavailable,1
cfs_intan_asset_amort,无形资产摊销,fields-cashflow-statement.md,,local,local_proxy,1
cfs_net_cash_acquire_sub,取得子公司支付的现金净额,fields-cashflow-statement.md,,local,unavailable,1
cfs_net_cash_dispose_sub,处置子公司收到的现金净额,fields-cashflow-statement.md,,,unavailable,1
cfs_net_cash_financing,筹资活动产生的现金流量净额,fields-cashflow-statement.md,,local,unavailable,1
cfs_net_cash_investing,投资活动产生的现金流量净额,fields-cashflow-statement.md,,local,unavailable,1
cfs_net_cash_operating,经营活动产生的现金流量净额,fields-cashflow-statement.md,,local,local_proxy,1
cfs_net_deposit_inc,客户存款和同业存放款项净增加额,fields-cashflow-statement.md,,local,unavailable,1
cfs_net_inc_borr_capital,拆入资金净增加额,fields-cashflow-statement.md,,local,unavailable,1
cfs_net_inc_cash_equiv,现金及现金等价物净增加额(主表),fields-cashflow-statement.md,,local,unavailable,1
cfs_net_inc_cash_equiv_note,现金及现金等价物净增加额(附注),fields-cashflow-statement.md,,local,unavailable,1
cfs_net_inc_cb_borr,向中央银行借款净增加额,fields-cashflow-statement.md,,local,unavailable,1
cfs_net_inc_depos_cb,存放中央银行和同业款项净增加额,fields-cashflow-statement.md,,local,unavailable,1
cfs_net_inc_dispose_fa,处置交易性金融资产净增加额,fields-cashflow-statement.md,,local,unavailable,1
cfs_net_inc_financing_repurchase,回购业务资金净增加额(筹资),fields-cashflow-statement.md,,local,unavailable,1
cfs_net_inc_invest_resale,返售业务资金净增加额(投资),fields-cashflow-statement.md,,local,unavailable,1
cfs_net_inc_lend_capital,拆出资金净增加额,fields-cashflow-statement.md,,local,unavailable,1
cfs_net_inc_loans_advances,客户贷款及垫款净增加额,fields-cashflow-statement.md,,,unavailable,1
cfs_net_inc_oper_resale,返售业务资金净增加额(经营),fields-cashflow-statement.md,,local,unavailable,1
cfs_net_inc_oth_fi,向其他金融机构拆入资金净增加额,fields-cashflow-statement.md,,local,unavailable,1
cfs_net_inc_ph_invest,保户储金及投资款净增加额,fields-cashflow-statement.md,,local,unavailable,1
cfs_net_inc_pledge_loans,质押贷款净增加额,fields-cashflow-statement.md,,local,unavailable,1
cfs_net_inc_repurchase,回购业务资金净增加额,fields-cashflow-statement.md,,local,unavailable,1
cfs_net_inc_trad_fa,为交易目的而持有的金融资产净增加额,fields-cashflow-statement.md,,local,unavailable,1
cfs_oth_affecting_cash,影响现金及现金等价物的其他科目,fields-cashflow-statement.md,,local,unavailable,1
cfs_recovery_written_off_loans,收回已核销贷款,fields-cashflow-statement.md,,local,unavailable,1
cfs_tax_refund,收到的税费返还,fields-cashflow-statement.md,,local,unavailable,1
cyf,"CYF = 100 – 100 / (1 + EMA(HSL, N ))",fields-oscillators.md,,local,local_proxy,1
fin_book_leverage_lf,账面杠杆lf,fields-financial-derived.md,,,unavailable,1
fin_book_leverage_lyr,账面杠杆lyr,fields-financial-derived.md,,local,unavailable,1
fin_book_leverage_ttm,账面杠杆ttm,fields-financial-derived.md,,local,unavailable,1
fin_bps_lf,每股净资产lf,fields-financial-derived.md,,local,unavailable,1
fin_bps_lyr,每股净资产lyr,fields-financial-derived.md,,local,unavailable,1
fin_bps_ttm,每股净资产ttm,fields-financial-derived.md,,local,unavailable,1
fin_cap_reserve_per_share_lf,每股资本公积金lf,fields-financial-derived.md,,local,unavailable,1
fin_cap_reserve_per_share_lyr,每股资本公积金lyr,fields-financial-derived.md,,local,unavailable,1
fin_cap_reserve_per_share_ttm,每股资本公积金ttm,fields-financial-derived.md,,local,unavailable,1
fin_cap_to_equity_lf,长期资本固定比率lf,fields-financial-derived.md,,,unavailable,1
fin_cap_to_equity_lyr,长期资本固定比率lyr,fields-financial-derived.md,,,unavailable,1
fin_cap_to_equity_ttm,长期资本固定比率ttm,fields-financial-derived.md,,,unavailable,1
fin_cur_asset_ratio_lf,流动资产比率lf,fields-financial-derived.md,,,unavailable,1
fin_cur_debt_ratio_lf,流动负债率lf,fields-financial-derived.md,,local,unavailable,1
fin_cur_debt_ratio_lyr,流动负债率lyr,fields-financial-derived.md,,local,unavailable,1
fin_cur_debt_ratio_ttm,流动负债率ttm,fields-financial-derived.md,,local,unavailable,1
fin_current_ratio_lf,流动比率lf,fields-financial-derived.md,,local,local_proxy,1
fin_current_ratio_lyr,流动比率lyr,fields-financial-derived.md,platform,local,local_proxy,1
fin_current_ratio_ttm,流动比率ttm,fields-financial-derived.md,platform,local,local_proxy,1
fin_debt_to_asset_lf,资产负债率lf,fields-financial-derived.md,,local,local_proxy,1
fin_debt_to_asset_lyr,资产负债率lyr,fields-financial-derived.md,platform,local,local_proxy,1
fin_debt_to_asset_ttm,资产负债率ttm,fields-financial-derived.md,platform,local,local_proxy,1
fin_debt_to_equity_lf,产权比率lf,fields-financial-derived.md,,local,unavailable,1
fin_debt_to_equity_lyr,产权比率lyr,fields-financial-derived.md,,local,unavailable,1
fin_debt_to_equity_ttm,产权比率ttm,fields-financial-derived.md,,local,unavailable,1
fin_depr_per_share_lyr,每股折旧和摊销lyr,fields-financial-derived.md,,,unavailable,1
fin_depr_per_share_ttm,每股折旧和摊销ttm,fields-financial-derived.md,,,unavailable,1
fin_du_equity_mult_lf,权益乘数(杜邦分析)lf,fields-financial-derived.md,,,unavailable,1
fin_du_equity_mult_lyr,权益乘数(杜邦分析)lyr,fields-financial-derived.md,,local,unavailable,1
fin_du_equity_mult_ttm,权益乘数(杜邦分析)ttm,fields-financial-derived.md,,local,unavailable,1
fin_earned_reserve_per_share_lf,每股盈余公积金lf,fields-financial-derived.md,,local,unavailable,1
fin_earned_reserve_per_share_lyr,每股盈余公积金lyr,fields-financial-derived.md,,local,unavailable,1
fin_earned_reserve_per_share_ttm,每股盈余公积金ttm,fields-financial-derived.md,,local,unavailable,1
fin_equity_mult_lf,权益乘数lf,fields-financial-derived.md,,local,unavailable,1
fin_equity_mult_lyr,权益乘数lyr,fields-financial-derived.md,,local,unavailable,1
fin_equity_mult_ttm,权益乘数ttm,fields-financial-derived.md,,local,unavailable,1
fin_equity_ratio_lf,股东权益比率lf,fields-financial-derived.md,,local,unavailable,1
fin_equity_ratio_lyr,股东权益比率lyr,fields-financial-derived.md,,local,unavailable,1
fin_equity_ratio_ttm,股东权益比率ttm,fields-financial-derived.md,,local,unavailable,1
fin_equity_to_debt_lf,权益负债比率lf,fields-financial-derived.md,,local,unavailable,1
fin_equity_to_debt_lyr,权益负债比率lyr,fields-financial-derived.md,,local,unavailable,1
fin_equity_to_debt_ttm,权益负债比率ttm,fields-financial-derived.md,,local,unavailable,1
fin_equity_to_fix_asset_lf,股东权益与固定资产比率lf,fields-financial-derived.md,,,unavailable,1
fin_equity_to_fix_asset_lyr,股东权益与固定资产比率lyr,fields-financial-derived.md,,,unavailable,1
fin_equity_to_fix_asset_ttm,股东权益与固定资产比率ttm,fields-financial-derived.md,,,unavailable,1
fin_equity_to_int_debt_lf,权益带息负债比率lf,fields-financial-derived.md,,local,unavailable,1
fin_equity_to_int_debt_lyr,权益带息负债比率 lyr,fields-financial-derived.md,,local,unavailable,1
fin_equity_to_int_debt_ttm,权益带息负债比率 ttm,fields-financial-derived.md,,local,unavailable,1
fin_fix_asset_ratio_lf,固定资产比率lf,fields-financial-derived.md,,,unavailable,1
fin_fix_asset_ratio_lyr,固定资产比率lyr,fields-financial-derived.md,,,unavailable,1
fin_fix_asset_ratio_ttm,固定资产比率ttm,fields-financial-derived.md,,,unavailable,1
fin_int_debt_lf,带息债务lf,fields-financial-derived.md,,,unavailable,1
fin_int_debt_lyr,带息债务lyr,fields-financial-derived.md,,local,unavailable,1
fin_int_debt_to_cap_lf,带息债务占企业全部投入成本的比重lf,fields-financial-derived.md,,local,unavailable,1
fin_int_debt_to_cap_lyr,带息债务占企业全部投入成本的比重lyr,fields-financial-derived.md,,local,unavailable,1
fin_int_debt_to_cap_ttm,带息债务占企业全部投入成本的比重ttm,fields-financial-derived.md,,local,unavailable,1
fin_int_debt_ttm,带息债务ttm,fields-financial-derived.md,,local,unavailable,1
fin_intan_asset_ratio_lf,无形资产比率lf,fields-financial-derived.md,,,unavailable,1
fin_intan_asset_ratio_lyr,无形资产比率lyr,fields-financial-derived.md,,,unavailable,1
fin_intan_asset_ratio_ttm,无形资产比率ttm,fields-financial-derived.md,,,unavailable,1
fin_invested_cap_lf,全部投入资本lf,fields-financial-derived.md,,local,unavailable,1
fin_invested_cap_lyr,全部投入资本lyr,fields-financial-derived.md,,local,unavailable,1
fin_invested_cap_ttm,全部投入资本ttm,fields-financial-derived.md,,local,unavailable,1
fin_liab_per_share_lf,每股负债lf,fields-financial-derived.md,,,unavailable,1
fin_liab_per_share_lyr,每股负债lyr,fields-financial-derived.md,,,unavailable,1
fin_liab_per_share_ttm,每股负债ttm,fields-financial-derived.md,,,unavailable,1
fin_lt_debt_to_wc_lf,长期债务与营运资金比率lf,fields-financial-derived.md,,local,unavailable,1
fin_lt_debt_to_wc_lyr,长期债务与营运资金比率lyr,fields-financial-derived.md,,local,unavailable,1
fin_lt_debt_to_wc_ttm,长期债务与营运资金比率ttm,fields-financial-derived.md,,local,unavailable,1
fin_market_leverage_lf,市场杠杆lf,fields-financial-derived.md,,,unavailable,1
fin_market_leverage_lyr,市场杠杆lyr,fields-financial-derived.md,,,unavailable,1
fin_market_leverage_ttm,市场杠杆ttm,fields-financial-derived.md,,,unavailable,1
fin_nca_ratio_lf,非流动资产比率lf,fields-financial-derived.md,,local,unavailable,1
fin_nca_ratio_lyr,非流动资产比率lyr,fields-financial-derived.md,,local,unavailable,1
fin_nca_ratio_ttm,非流动资产比率ttm,fields-financial-derived.md,,,unavailable,1
fin_ncl_ratio_lf,非流动负债率lf,fields-financial-derived.md,,local,unavailable,1
fin_ncl_ratio_lyr,非流动负债率lyr,fields-financial-derived.md,,local,unavailable,1
fin_ncl_ratio_ttm,非流动负债率ttm,fields-financial-derived.md,,local,unavailable,1
fin_net_debt_lf,净债务lf,fields-financial-derived.md,,local,unavailable,1
fin_net_debt_lyr,净债务lyr,fields-financial-derived.md,,local,unavailable,1
fin_net_debt_ttm,净债务ttm,fields-financial-derived.md,,local,unavailable,1
fin_net_working_cap_lf,净营运资本lf,fields-financial-derived.md,,local,unavailable,1
fin_net_working_cap_lyr,净营运资本lyr,fields-financial-derived.md,,local,unavailable,1
fin_net_working_cap_ttm,净营运资本ttm,fields-financial-derived.md,,local,unavailable,1
fin_non_int_cur_liab_lf,无息流动负债lf,fields-financial-derived.md,,local,unavailable,1
fin_non_int_cur_liab_lyr,无息流动负债lyr,fields-financial-derived.md,,local,unavailable,1
fin_non_int_cur_liab_ttm,无息流动负债ttm,fields-financial-derived.md,,local,unavailable,1
fin_non_int_ncl_lf,无息非流动负债lf,fields-financial-derived.md,,local,unavailable,1
fin_non_int_ncl_lyr,无息非流动负债lyr,fields-financial-derived.md,,local,unavailable,1
fin_non_int_ncl_ttm,无息非流动负债ttm,fields-financial-derived.md,,local,unavailable,1
fin_quick_ratio_lf,速动比率lf,fields-financial-derived.md,,local,unavailable,1
fin_quick_ratio_lyr,速动比率lyr,fields-financial-derived.md,,local,unavailable,1
fin_quick_ratio_ttm,速动比率ttm,fields-financial-derived.md,,local,unavailable,1
fin_retained_earn_lf,留存收益lf,fields-financial-derived.md,,local,unavailable,1
fin_retained_earn_lyr,留存收益 lyr,fields-financial-derived.md,,,unavailable,1
fin_retained_earn_per_share_lf,每股留存收益lf,fields-financial-derived.md,,local,unavailable,1
fin_retained_earn_per_share_lyr,每股留存收益lyr,fields-financial-derived.md,,local,unavailable,1
fin_retained_earn_per_share_ttm,每股留存收益ttm,fields-financial-derived.md,,local,unavailable,1
fin_retained_earn_ttm,留存收益ttm,fields-financial-derived.md,,local,unavailable,1
fin_super_quick_ratio_lf,超速动比率lf,fields-financial-derived.md,,local,unavailable,1
fin_super_quick_ratio_lyr,超速动比率lyr,fields-financial-derived.md,,local,unavailable,1
fin_super_quick_ratio_ttm,超速动比率ttm,fields-financial-derived.md,,local,unavailable,1
fin_tangible_per_share_lf,每股有形资产lf,fields-financial-derived.md,,,unavailable,1
fin_tangible_per_share_lyr,每股有形资产lyr,fields-financial-derived.md,,,unavailable,1
fin_tangible_per_share_ttm,每股有形资产ttm,fields-financial-derived.md,,,unavailable,1
fin_undistr_profit_per_share_lf,每股未分配利润lf,fields-financial-derived.md,,local,unavailable,1
fin_undistr_profit_per_share_lyr,每股未分配利润lyr,fields-financial-derived.md,,local,unavailable,1
fin_undistr_profit_per_share_ttm,每股未分配利润ttm,fields-financial-derived.md,,local,unavailable,1
fin_working_cap_lf,营运资本lf,fields-financial-derived.md,,local,unavailable,1
fin_working_cap_lyr,营运资本lyr,fields-financial-derived.md,,local,unavailable,1
fin_working_cap_ttm,营运资本ttm,fields-financial-derived.md,,local,unavailable,1
gr_bps_lf,每股净资产同比增长率lf,fields-growth-derived.md,,local,unavailable,1
gr_bps_lyr,每股净资产同比增长率lyr,fields-growth-derived.md,,local,unavailable,1
gr_bps_ttm,每股净资产同比增长率ttm,fields-growth-derived.md,,local,unavailable,1
gr_fin_cf_lyr,筹资现金流量净额同比增长率lyr,fields-growth-derived.md,,,unavailable,1
gr_fin_cf_ttm,筹资现金流量净额同比增长率ttm,fields-growth-derived.md,,,unavailable,1
gr_gross_profit_lyr,毛利润同比增长率lyr,fields-growth-derived.md,,,unavailable,1
gr_gross_profit_ttm,毛利润同比增长率ttm,fields-growth-derived.md,,,unavailable,1
gr_inv_cf_lyr,投资现金流量净额同比增长率lyr,fields-growth-derived.md,,,unavailable,1
gr_inv_cf_ttm,投资现金流量净额同比增长率ttm,fields-growth-derived.md,,,unavailable,1
gr_net_asset_lf,净资产同比增长率lf,fields-growth-derived.md,,,unavailable,1
gr_net_asset_lyr,净资产同比增长率lyr,fields-growth-derived.md,,local,unavailable,1
gr_net_asset_ttm,净资产同比增长率ttm,fields-growth-derived.md,,,unavailable,1
gr_net_cf_lyr,净现金流增长率,fields-growth-derived.md,,,unavailable,1
gr_net_cf_ttm,净现金流增长率,fields-growth-derived.md,,,unavailable,1
gr_net_profit_lyr,净利润同比增长率lyr,fields-growth-derived.md,,local,local_proxy,1
gr_net_profit_ttm,净利润同比增长率ttm,fields-growth-derived.md,platform,local,local_proxy,1
gr_np_parent_lyr,归属母公司所有者的净利润同比增长率lyr,fields-growth-derived.md,,,local_proxy,1
gr_np_parent_ttm,归属母公司所有者的净利润同比增长率ttm,fields-growth-derived.md,,local,local_proxy,1
gr_ocf_lyr,经营现金流量净额同比增长率lyr,fields-growth-derived.md,,local,local_proxy,1
gr_ocf_ttm,经营现金流量净额同比增长率ttm,fields-growth-derived.md,platform,local,local_proxy,1
gr_oper_profit_lyr,营业利润同比增长率lyr,fields-growth-derived.md,,local,local_proxy,1
gr_oper_profit_ttm,营业利润同比增长率ttm,fields-growth-derived.md,platform,local,local_proxy,1
gr_oper_rev_lyr,营业收入同比增长率lyr,fields-growth-derived.md,,local,unavailable,1
gr_oper_rev_ttm,营业收入同比增长率ttm,fields-growth-derived.md,,local,unavailable,1
gr_revenue_lyr,营业总收入同比增长率lyr,fields-growth-derived.md,,local,unavailable,1
gr_revenue_ttm,营业总收入同比增长率ttm,fields-growth-derived.md,platform,local,unavailable,1
gr_roe_lyr,净资产收益率(摊薄）同比增长率lyr,fields-growth-derived.md,,,unavailable,1
gr_roe_ttm,净资产收益率(摊薄）同比增长率ttm,fields-growth-derived.md,platform,local,unavailable,1
gr_total_asset_lf,总资产同比增长率lf,fields-growth-derived.md,,local,local_proxy,1
gr_total_asset_lyr,总资产同比增长率lyr,fields-growth-derived.md,platform,local,local_proxy,1
gr_total_asset_ttm,总资产同比增长率ttm,fields-growth-derived.md,,,local_proxy,1
gr_total_profit_lyr,利润总额同比增长率lyr,fields-growth-derived.md,,,unavailable,1
gr_total_profit_ttm,利润总额同比增长率ttm,fields-growth-derived.md,,,unavailable,1
growth,成长,fields-barra.md,platform,,unknown,1
is_adj_asset_impair,资产减值损失(调整项),fields-income-statement.md,,,unavailable,1
is_adj_credit_impair,信用减值损失(调整项),fields-income-statement.md,,,unavailable,1
is_admin_exp,管理费用,fields-income-statement.md,,local,unavailable,1
is_ass_invest_income,对联营合营企业的投资收益,fields-income-statement.md,,local,unavailable,1
is_asset_disp_income,资产处置收益,fields-income-statement.md,,local,unavailable,1
is_assets_impair_loss,资产减值损失,fields-income-statement.md,,local,unavailable,1
is_assets_reclass_oci,金融资产重分类计入OCI,fields-income-statement.md,,,unavailable,1
is_basic_eps,基本每股收益,fields-income-statement.md,,local,unavailable,1
is_biz_tax_surchg,营业税,fields-income-statement.md,,local,local_proxy,1
is_cf_hedging_effective,现金流量套期损益的有效部分,fields-income-statement.md,,,unavailable,1
is_class_continuity,按经营持续性分类,fields-income-statement.md,,,unavailable,1
is_class_ownership,按所有权归属分类,fields-income-statement.md,,,unavailable,1
is_comm_exp,手续费及佣金支出,fields-income-statement.md,,local,unavailable,1
is_comm_income,手续费及佣金收入,fields-income-statement.md,,local,unavailable,1
is_compensation_payout,赔付支出,fields-income-statement.md,,local,unavailable,1
is_compensation_payout_refu,减:摊回赔付支出,fields-income-statement.md,,,unavailable,1
is_compr_inc_attr_m_s,归属于少数股东的综合收益总额,fields-income-statement.md,,local,unavailable,1
is_compr_inc_attr_p,归属于母公司的综合收益总额,fields-income-statement.md,,local,unavailable,1
is_continued_net_profit,持续经营净利润,fields-income-statement.md,,local,unavailable,1
is_corp_credit_risk_chg,企业自身信用风险公允价值变动,fields-income-statement.md,,,unavailable,1
is_credit_impair_loss,信用资产减值损失,fields-income-statement.md,,local,unavailable,1
is_diluted_eps,稀释每股收益,fields-income-statement.md,,local,unavailable,1
is_div_payt,保单红利支出,fields-income-statement.md,,local,unavailable,1
is_end_net_profit,终止经营净利润,fields-income-statement.md,,local,unavailable,1
is_fa_avail_sale_chg,可供出售金融资产公允价值变动,fields-income-statement.md,,,unavailable,1
is_fin_exp,财务费用,fields-income-statement.md,,local,unavailable,1
is_fin_exp_int_exp,利息支出(财务费用),fields-income-statement.md,,local,unavailable,1
is_fin_exp_int_inc,利息收入(财务费用),fields-income-statement.md,,local,unavailable,1
is_forex_gain,兑汇损益,fields-income-statement.md,,,unavailable,1
is_forex_stmt_diff,外币财务报表折算差额,fields-income-statement.md,,local,unavailable,1
is_fv_value_chg_gain,公允价值变动净收益,fields-income-statement.md,,local,unavailable,1
is_gross_profit,主营业务利润,fields-income-statement.md,,,unavailable,1
is_htm_reclass_chg,持有至到期投资重分类损益,fields-income-statement.md,,,unavailable,1
is_income_tax,所得税,fields-income-statement.md,,local,unavailable,1
is_insur_comm_exp,保险手续费及佣金支出,fields-income-statement.md,,,unavailable,1
is_insur_reserve_refu,减:摊回保险责任准备金,fields-income-statement.md,,local,unavailable,1
is_int_exp,利息支出,fields-income-statement.md,,local,unavailable,1
is_int_income,利息收入,fields-income-statement.md,,local,unavailable,1
is_invest_income,投资收益,fields-income-statement.md,,local,unavailable,1
is_invest_loss_unconf,未确认的投资损失,fields-income-statement.md,,,unavailable,1
is_minority_gain,少数股东损益,fields-income-statement.md,,local,unavailable,1
is_n_asset_mg_income,受托客户资产管理业务净收入,fields-income-statement.md,,local,unavailable,1
is_n_commis_income,手续费及佣金净收入,fields-income-statement.md,,local,unavailable,1
is_n_income,净利润,fields-income-statement.md,,local,local_proxy,1
is_n_income_attr_p,归属母公司净利润,fields-income-statement.md,,local,local_proxy,1
is_n_oth_income,非经营性净收益,fields-income-statement.md,,local,unavailable,1
is_n_sec_tb_income,代理买卖证券业务净收入,fields-income-statement.md,,,unavailable,1
is_n_sec_uw_income,证券承销业务净收入,fields-income-statement.md,,local,unavailable,1
is_nca_disploss,非流动资产处置净损失,fields-income-statement.md,,local,unavailable,1
is_net_after_nr,扣除非经常性损益后的净利润,fields-income-statement.md,,local,unavailable,1
is_net_expo_hedging,净敞口套期收益,fields-income-statement.md,,local,unavailable,1
is_net_interest_inc,利息净收入,fields-income-statement.md,,local,unavailable,1
is_non_oper_exp,营业外支出,fields-income-statement.md,,local,unavailable,1
is_non_oper_income,营业外收入,fields-income-statement.md,,local,unavailable,1
is_non_recurring_pnl,非经常性损益,fields-income-statement.md,,local,unavailable,1
is_oci_classified,以后能重分类进损益表的OCI,fields-income-statement.md,,,unavailable,1
is_oci_equity_class,权益法下能重分类的OCI份额,fields-income-statement.md,,,unavailable,1
is_oci_equity_unclass,权益法下不能重分类的OCI份额,fields-income-statement.md,,,unavailable,1
is_oci_minority,归属于少数股东的OCI,fields-income-statement.md,,,unavailable,1
is_oci_unclassified,以后不能重分类进损益表的OCI,fields-income-statement.md,,,unavailable,1
is_oper_admin_exp,业务及管理费用,fields-income-statement.md,,local,unavailable,1
is_oper_cost,营业成本,fields-income-statement.md,,local,local_proxy,1
is_oper_exp,营业支出(金融类),fields-income-statement.md,,,unavailable,1
is_operate_profit,营业利润,fields-income-statement.md,,local,local_proxy,1
is_oth_affecting_np,影响净利润的其他科目,fields-income-statement.md,,local,local_proxy,1
is_oth_affecting_tp,影响利润总额的其他科目,fields-income-statement.md,,local,local_proxy,1
is_oth_b_income,其他经营收入,fields-income-statement.md,,,unavailable,1
is_oth_compr_income,其他综合收益,fields-income-statement.md,,local,unavailable,1
is_oth_debt_invest_chg,其他债权投资公允价值变动,fields-income-statement.md,,,unavailable,1
is_oth_debt_invest_reserve,其他债权投资信用减值准备,fields-income-statement.md,,,unavailable,1
is_oth_eqt_instruments_chg,其他权益工具投资公允价值变动,fields-income-statement.md,,,unavailable,1
is_oth_income,其他收益,fields-income-statement.md,,,unavailable,1
is_oth_oci,其他OCI,fields-income-statement.md,,,unavailable,1
is_other_bus_cost,其他经营成本,fields-income-statement.md,,local,unavailable,1
is_out_prem,减:分出保费,fields-income-statement.md,,local,unavailable,1
is_prem_earned,已赚保费,fields-income-statement.md,,local,unavailable,1
is_prem_income,保险业务收入,fields-income-statement.md,,,unavailable,1
is_prem_refund,退保金,fields-income-statement.md,,local,unavailable,1
is_rd_exp,研发费用,fields-income-statement.md,,,unavailable,1
is_reins_cost_refund,减:摊回分保费用,fields-income-statement.md,,local,unavailable,1
is_reins_exp,分保费用,fields-income-statement.md,,,unavailable,1
is_reins_income,分保费收入,fields-income-statement.md,,,unavailable,1
is_remeasured_oci,重新计量设定收益计划变动,fields-income-statement.md,,,unavailable,1
is_reserve_insur_liab,提取保险责任准备金,fields-income-statement.md,,,unavailable,1
is_revenue,营业收入,fields-income-statement.md,,local,local_proxy,1
is_sell_exp,销售费用,fields-income-statement.md,,local,unavailable,1
is_t_compr_income,综合收益总额,fields-income-statement.md,,local,unavailable,1
is_total_cogs,营业总成本,fields-income-statement.md,,local,unavailable,1
is_total_profit,利润总额,fields-income-statement.md,,local,local_proxy,1
is_total_revenue,营业总收入,fields-income-statement.md,,local,local_proxy,1
is_une_prem_reserve,提取未到期责任准备金,fields-income-statement.md,,,unavailable,1
leverage,杠杆,fields-barra.md,,,unknown,1
liquidity,流动性,fields-barra.md,,,unknown,1
mcst,"MCST = DMA(AMOUNT / VOLUME, 100 * VOLUME / CAPITAL)<br>AMOUNT 代表成交额<br>CAPITAL 代表流通股本",fields-ma-indicators.md,,local,local_proxy,1
mfi,"TYP = (HIGH + LOW + CLOSE) / 3<br>V1 = SUM(IF(TYP > REF(TYP, 1), TYP * VOLUME, 0), N) / SUM(IF(TYP < REF(TYP, 1), TYP * VOLUME, 0), N)<br>MFI = 100 - ( 100 / ( 1 + V1 ) )",fields-oscillators.md,platform,local,local_proxy,1
momentum,动量,fields-barra.md,,,unknown,1
non_linear_market_cap,非线性市值,fields-barra.md,,,unknown,1
obos,过去 N 日股票上涨家数之和 – 过去 N 日股票下跌家数之和。,fields-oscillators.md,,local,local_proxy,1
obv,"OBV=REF(OBV, 1) + sgn × VOLUME<br>其中，sgn 是符号函数，其数值由下式决定：<br>sgn=1 , CLOSE>REF(CLOSE, 1)<br>sgn=0, CLOSE = REF(CLOSE, 1)<br>sgn=-1 , CLOSE< REF(CLOSE, 1)",fields-volume-indicators.md,,local,local_proxy,1
oper_adj_diluted_eps_lyr,稀释每股收益_扣除lyr,fields-operating-derived.md,,local,unavailable,1
oper_adj_diluted_eps_ttm,稀释每股收益_扣除ttm,fields-operating-derived.md,,local,unavailable,1
oper_adj_eps_lyr,基本每股收益_扣除lyr,fields-operating-derived.md,,local,unavailable,1
oper_adj_eps_ttm,基本每股收益_扣除ttm,fields-operating-derived.md,,local,unavailable,1
oper_adj_profit_ratio_lyr,扣除非经常损益后的净利润与净利润之比lyr,fields-operating-derived.md,,local,unavailable,1
oper_adj_profit_ratio_ttm,扣除非经常损益后的净利润与净利润之比ttm,fields-operating-derived.md,platform,local,unavailable,1
oper_ap_payment_days_lyr,应付账款付款期lyr,fields-operating-derived.md,,,unavailable,1
oper_ap_payment_days_ttm,应付账款付款期ttm,fields-operating-derived.md,,,unavailable,1
oper_ap_turnover_days_lyr,应付账款周转天数lyr,fields-operating-derived.md,,,unavailable,1
oper_ap_turnover_days_ttm,应付账款周转天数ttm,fields-operating-derived.md,,,unavailable,1
oper_ap_turnover_lyr,应付账款周转率lyr,fields-operating-derived.md,,,unavailable,1
oper_ap_turnover_ttm,应付账款周转率ttm,fields-operating-derived.md,,,unavailable,1
oper_ar_turnover_days_lyr,应收账款周转天数lyr,fields-operating-derived.md,,local,unavailable,1
oper_ar_turnover_days_ttm,应收账款周转天数ttm,fields-operating-derived.md,,local,unavailable,1
oper_ar_turnover_lyr,应收账款周转率lyr,fields-operating-derived.md,,local,unavailable,1
oper_ar_turnover_ttm,应收账款周转率ttm,fields-operating-derived.md,,local,unavailable,1
oper_cash_conv_cycle_lyr,现金转换周期lyr,fields-operating-derived.md,,,unavailable,1
oper_cash_conv_cycle_ttm,现金转换周期ttm,fields-operating-derived.md,,,unavailable,1
oper_cost_to_sales_lyr,销售成本率lyr,fields-operating-derived.md,,local,unavailable,1
oper_cost_to_sales_ttm,销售成本率ttm,fields-operating-derived.md,,local,unavailable,1
oper_cur_asset_turnover_lyr,流动资产周转率lyr,fields-operating-derived.md,,local,unavailable,1
oper_cur_asset_turnover_ttm,流动资产周转率ttm,fields-operating-derived.md,,,unavailable,1
oper_diluted_eps_lyr,摊薄每股收益lyr,fields-operating-derived.md,,local,unavailable,1
oper_diluted_eps_ttm,摊薄每股收益ttm,fields-operating-derived.md,,local,unavailable,1
oper_diluted_shares_lyr,稀释普通股lyr,fields-operating-derived.md,,,unavailable,1
oper_diluted_shares_ttm,稀释普通股ttm,fields-operating-derived.md,,,unavailable,1
oper_du_ebit_to_rev_lyr,息税前利润/营业总收入lyr,fields-operating-derived.md,,local,unavailable,1
oper_du_ebit_to_rev_ttm,息税前利润/营业总收入ttm,fields-operating-derived.md,,local,unavailable,1
oper_du_net_margin_lyr,净利率(杜邦分析）lyr,fields-operating-derived.md,,local,local_proxy,1
oper_du_net_margin_ttm,净利率(杜邦分析）ttm,fields-operating-derived.md,,local,local_proxy,1
oper_du_roe_lyr,净资产收益率ROE(杜邦分析)lyr,fields-operating-derived.md,,local,local_proxy,1
oper_du_roe_ttm,净资产收益率ROE(杜邦分析)ttm,fields-operating-derived.md,,local,local_proxy,1
oper_ebit_lyr,息税前利润lyr,fields-operating-derived.md,,local,unavailable,1
oper_ebit_per_share_lyr,每股息税前利润lyr,fields-operating-derived.md,,local,unavailable,1
oper_ebit_per_share_ttm,每股息税前利润ttm,fields-operating-derived.md,,local,unavailable,1
oper_ebit_to_rev_lyr,税前收益率lyr,fields-operating-derived.md,,local,unavailable,1
oper_ebit_to_rev_ttm,税前收益率ttm,fields-operating-derived.md,,local,unavailable,1
oper_ebit_ttm,息税前利润ttm,fields-operating-derived.md,,local,unavailable,1
oper_ebitda_lyr,息税折旧摊销前利润lyr,fields-operating-derived.md,,local,unavailable,1
oper_ebitda_to_debt_lyr,息税折旧摊销前利润/负债总计lyr,fields-operating-derived.md,,local,unavailable,1
oper_ebitda_to_debt_ttm,息税折旧摊销前利润/负债总计ttm,fields-operating-derived.md,,,unavailable,1
oper_ebitda_ttm,息税折旧摊销前利润 ttm,fields-operating-derived.md,,,unavailable,1
oper_equity_turnover_lyr,股东权益周转率lyr,fields-operating-derived.md,,,unavailable,1
oper_equity_turnover_ttm,股东权益周转率ttm,fields-operating-derived.md,,,unavailable,1
oper_exp_to_rev_lyr,经营成本率lyr,fields-operating-derived.md,,local,unavailable,1
oper_exp_to_rev_ttm,经营成本率ttm,fields-operating-derived.md,,local,unavailable,1
oper_fix_asset_turnover_lyr,固定资产周转率lyr,fields-operating-derived.md,,,unavailable,1
oper_fix_asset_turnover_ttm,固定资产周转率ttm,fields-operating-derived.md,,local,unavailable,1
oper_gross_margin_lyr,销售毛利率lyr,fields-operating-derived.md,platform,local,local_proxy,1
oper_gross_margin_ttm,销售毛利率ttm,fields-operating-derived.md,platform,local,local_proxy,1
oper_int_coverage_lyr,利息保障倍数lyr,fields-operating-derived.md,,local,unavailable,1
oper_int_coverage_ttm,利息保障倍数ttm,fields-operating-derived.md,,local,unavailable,1
oper_inv_profit_to_tp_lyr,价值变动净收益与利润总额之比lyr,fields-operating-derived.md,,local,unavailable,1
oper_inv_profit_to_tp_ttm,价值变动净收益与利润总额之比ttm,fields-operating-derived.md,,local,unavailable,1
oper_inv_turnover_lyr,存货周转率lyr,fields-operating-derived.md,,local,unavailable,1
oper_inv_turnover_ttm,存货周转率ttm,fields-operating-derived.md,,local,unavailable,1
oper_main_profit_lyr,主营业务利润lyr,fields-operating-derived.md,,local,unavailable,1
oper_main_profit_ttm,主营业务利润ttm,fields-operating-derived.md,platform,local,unavailable,1
oper_net_margin_lyr,销售净利率lyr,fields-operating-derived.md,,,local_proxy,1
oper_net_margin_ttm,销售净利率ttm,fields-operating-derived.md,platform,local,local_proxy,1
oper_net_profit_to_rev_lyr,经营净利率lyr,fields-operating-derived.md,,local,local_proxy,1
oper_net_profit_to_rev_ttm,经营净利率ttm,fields-operating-derived.md,,local,local_proxy,1
oper_non_oper_to_tp_lyr,营业外收支净额与利润总额之比lyr,fields-operating-derived.md,,local,unavailable,1
oper_non_oper_to_tp_ttm,营业外收支净额与利润总额之比ttm,fields-operating-derived.md,,,unavailable,1
oper_oper_cycle_lyr,营业周期lyr,fields-operating-derived.md,,local,unavailable,1
oper_oper_cycle_ttm,营业周期ttm,fields-operating-derived.md,,local,unavailable,1
oper_oper_profit_to_rev_lyr,营业利润率lyr,fields-operating-derived.md,,local,unavailable,1
oper_oper_profit_to_rev_ttm,营业利润率ttm,fields-operating-derived.md,,local,unavailable,1
oper_oper_profit_to_tp_lyr,经营活动净收益与利润总额之比lyr,fields-operating-derived.md,,local,unavailable,1
oper_oper_profit_to_tp_ttm,经营活动净收益与利润总额之比ttm,fields-operating-derived.md,platform,local,unavailable,1
oper_oper_rev_per_share_lyr,每股营业收入lyr,fields-operating-derived.md,,local,unavailable,1
oper_oper_rev_per_share_ttm,每股营业收入ttm,fields-operating-derived.md,,local,unavailable,1
oper_revenue_per_share_lyr,每股营业总收入lyr,fields-operating-derived.md,,local,unavailable,1
oper_revenue_per_share_ttm,每股营业总收入ttm,fields-operating-derived.md,,local,unavailable,1
oper_roa_lyr,总资产报酬率lyr,fields-operating-derived.md,,local,local_proxy,1
oper_roa_net_lyr,总资产净利率lyr,fields-operating-derived.md,platform,local,unavailable,1
oper_roa_net_ttm,总资产净利率ttm,fields-operating-derived.md,platform,local,unavailable,1
oper_roa_ttm,总资产报酬率ttm,fields-operating-derived.md,,local,local_proxy,1
oper_roe_adj_lyr,净资产收益率_扣除lyr,fields-operating-derived.md,,,local_proxy,1
oper_roe_adj_ttm,净资产收益率_扣除ttm,fields-operating-derived.md,,,local_proxy,1
oper_roe_diluted_adj_lyr,摊薄净资产收益率_扣除lyr,fields-operating-derived.md,,local,local_proxy,1
oper_roe_diluted_adj_ttm,摊薄净资产收益率_扣除ttm,fields-operating-derived.md,,local,local_proxy,1
oper_roe_diluted_lyr,摊薄净资产收益率lyr,fields-operating-derived.md,,local,local_proxy,1
oper_roe_diluted_ttm,摊薄净资产收益率ttm,fields-operating-derived.md,,local,local_proxy,1
oper_roe_lyr,净资产收益率lyr,fields-operating-derived.md,platform,local,local_proxy,1
oper_roe_ttm,净资产收益率ttm,fields-operating-derived.md,platform,local,local_proxy,1
oper_roic_lyr,投入资本回报率lyr,fields-operating-derived.md,,local,local_proxy,1
oper_roic_ttm,投入资本回报率ttm,fields-operating-derived.md,platform,local,local_proxy,1
oper_tax_to_tp_lyr,所得税与利润总额之比lyr,fields-operating-derived.md,,,unavailable,1
oper_tax_to_tp_ttm,所得税与利润总额之比ttm,fields-operating-derived.md,,local,unavailable,1
oper_total_asset_turnover_lyr,总资产周转率lyr,fields-operating-derived.md,platform,local,local_proxy,1
oper_total_asset_turnover_ttm,总资产周转率ttm,fields-operating-derived.md,platform,local,local_proxy,1
oper_weighted_shares_lyr,普通股加权股本lyr,fields-operating-derived.md,,,unavailable,1
oper_weighted_shares_ttm,普通股加权股本ttm,fields-operating-derived.md,,,unavailable,1
osc,"100 * (CLOSE – MA(CLOSE, N))",fields-oscillators.md,,local,local_proxy,1
pcnt,"PCNT = (CLOSE-REF(CLOSE,1))/CLOSE*100;",fields-volume-indicators.md,,,local_proxy,1
profitability,盈利能力,fields-barra.md,platform,local,unknown,1
qtyr_5_20,"MA(VOLUME, N) / MA(VOLUME, M)",fields-volume-indicators.md,,,local_proxy,1
ratio_a_share_mv,A股市值,fields-valuation.md,,local,local_proxy,1
ratio_a_share_mv_float,流通A股市值,fields-valuation.md,,local,local_proxy,1
ratio_bm_lf,账面市值比lf,fields-valuation.md,,local,local_proxy,1
ratio_bm_lyr,账面市值比lyr,fields-valuation.md,,local,local_proxy,1
ratio_bm_ttm,账面市值比ttm,fields-valuation.md,platform,local,local_proxy,1
ratio_cfp_lyr,现金收益率lyr,fields-valuation.md,,local,local_proxy,1
ratio_cfp_ttm,现金收益率ttm,fields-valuation.md,platform,local,local_proxy,1
ratio_div_yield_ttm,股息率ttm,fields-valuation.md,,,unavailable,1
ratio_ep_lyr,盈市率lyr,fields-valuation.md,,local,local_proxy,1
ratio_ep_ttm,盈市率ttm,fields-valuation.md,platform,local,local_proxy,1
ratio_ev_ebitda_lyr,企业倍数lyr,fields-valuation.md,,local,local_proxy,1
ratio_ev_ebitda_ttm,企业倍数ttm,fields-valuation.md,platform,local,unavailable,1
ratio_ev_lf,企业价值lf,fields-valuation.md,,local,local_proxy,1
ratio_ev_lyr,企业价值lyr,fields-valuation.md,,local,local_proxy,1
ratio_ev_no_cash_ebit_lyr,企业倍数(不含货币资金)lyr,fields-valuation.md,,local,local_proxy,1
ratio_ev_no_cash_ebit_ttm,企业倍数(不含货币资金)ttm,fields-valuation.md,,,local_proxy,1
ratio_ev_no_cash_lf,企业价值(不含货币资金)lf,fields-valuation.md,,local,local_proxy,1
ratio_ev_no_cash_lyr,企业价值(不含货币资金)lyr,fields-valuation.md,,local,local_proxy,1
ratio_ev_no_cash_ttm,企业价值(不含货币资金)ttm,fields-valuation.md,,local,local_proxy,1
ratio_ev_ttm,企业价值ttm,fields-valuation.md,,local,local_proxy,1
ratio_market_cap_float,流通股总市值,fields-valuation.md,,local,local_proxy,1
ratio_market_cap_total,总市值,fields-valuation.md,,local,local_proxy,1
ratio_pb_lf,市净率lf,fields-valuation.md,,local,local_proxy,1
ratio_pb_lyr,市净率lyr,fields-valuation.md,,local,local_proxy,1
ratio_pb_ttm,市净率ttm,fields-valuation.md,,local,local_proxy,1
ratio_pcf_ocf_lyr,市现率_经营lyr,fields-valuation.md,,local,local_proxy,1
ratio_pcf_ocf_ttm,市现率_经营ttm,fields-valuation.md,platform,local,local_proxy,1
ratio_pcf_total_lyr,市现率_总现金流lyr,fields-valuation.md,,local,local_proxy,1
ratio_pcf_total_ttm,市现率_总现金流ttm,fields-valuation.md,,local,local_proxy,1
ratio_pe_lyr,市盈率lyr,fields-valuation.md,,,local_proxy,1
ratio_pe_ttm,市盈率ttm,fields-valuation.md,,,local_proxy,1
ratio_peg_lyr,PEG值lyr,fields-valuation.md,,local,local_proxy,1
ratio_peg_ttm,PEG值ttm,fields-valuation.md,,local,local_proxy,1
ratio_ps_lyr,市销率lyr,fields-valuation.md,,local,local_proxy,1
ratio_ps_ttm,市销率ttm,fields-valuation.md,,local,local_proxy,1
ratio_sp_lyr,销售收益率lyr,fields-valuation.md,,local,local_proxy,1
ratio_sp_ttm,销售收益率ttm,fields-valuation.md,platform,local,local_proxy,1
residual_volatility,残差波动率,fields-barra.md,platform,local,unknown,1
roc,"ROC = 100 * (CLOSE – REF(CLOSE, N) / REF(CLOSE, N)",fields-oscillators.md,,local,local_proxy,1
sy,"SY = COUNT(CLOSE>REF(CLOSE,1),N)/N*100",fields-volume-indicators.md,,local,local_proxy,1
wr,"WR = (HHV(HIGH, N) - CLOSE) / (HHV(HIGH, N) - LLV(LOW, N)) * 100",fields-oscillators.md,,local,local_proxy,1
