selection,size,5y_periods,5y_first_signal_date,5y_last_signal_date,5y_mean_stock_count,5y_rank_ic,5y_ic_mean,5y_gross_excess_pct,5y_turnover_pct,5y_annual_cost_pct,5y_net_excess_pct,5y_sharpe_after_cost,5y_max_drawdown_pct,5y_monthly_win_rate_pct,5y_ic_ir,5y_win,5y_s_i,5y_direction,recent_periods,recent_first_signal_date,recent_last_signal_date,recent_mean_stock_count,recent_rank_ic,recent_ic_mean,recent_gross_excess_pct,recent_turnover_pct,recent_annual_cost_pct,recent_net_excess_pct,recent_sharpe_after_cost,recent_max_drawdown_pct,recent_monthly_win_rate_pct,recent_ic_ir,recent_win,recent_s_i,recent_direction,key,platform_net,platform_si
size_only,1,120,2021-09-07,2026-08-10,4602.416666666667,0.05598958449837288,0.04735583494699269,23.080499960525014,8.637494691781553,1.3059891973973707,21.774510763127644,1.0055295025762443,33.20967731384196,71.66666666666667,0.27442319556782657,0.65,0.009987146452762916,1,15,2026-01-09,2026-08-10,4913.6,0.04463980303734316,0.027048726634224182,11.930579072931346,8.882274396537438,1.342999888756461,10.587579184174887,0.08885841542460765,23.023260769267083,50.0,0.16702372173773153,0.6,0.0044735436245618085,1,size_only,21.433287999999997,0.010244872746
t10_size_plus_impact_aggregate,1,120,2021-09-07,2026-08-10,3923.15,0.11126729966570571,0.0738097449785025,26.66424643959575,27.219530248531797,4.115592973578008,22.548653466017743,1.0684965705031892,26.128938484733034,83.33333333333334,0.4406070029058609,0.7083333333333334,0.034726148927553886,1,15,2026-01-09,2026-08-10,4613.8,0.07195591740192855,0.029832272576223746,12.67521625676401,26.124811679524772,3.9500715259441455,8.725144730819864,-0.02092719490287728,19.973705106580287,75.0,0.13197290078472818,0.5333333333333333,0.0050646566123513665,1,t10_size_plus_impact_aggregate,19.759592,0.032016046951
t10_size_plus_impact_g13,1,120,2021-09-07,2026-08-10,3923.15,0.11030228996393013,0.073335368294521,26.822591332331758,26.9985553254458,4.082181565207406,22.740409767124355,1.0701657625752532,26.301463874327414,81.66666666666667,0.4328053372344721,0.6916666666666667,0.033019765365521536,1,15,2026-01-09,2026-08-10,4613.8,0.07067822219963894,0.028871891154647885,12.957379014099379,25.92171498950594,3.919363306413298,9.038015707686082,-0.008730609701539842,19.874107989515977,75.0,0.1276592818497575,0.4666666666666667,0.004210607841264298,1,t10_size_plus_impact_g13,19.622616,0.030609687605
t10_size_plus_impact_downside,1,120,2021-09-07,2026-08-10,3923.15,0.11194665589517608,0.07389407168055268,25.9794733161665,27.59867048038563,4.172918976634307,21.806554339532195,1.050583753151941,26.106834845150594,78.33333333333333,0.440205441164931,0.6916666666666667,0.03408500620631501,1,15,2026-01-09,2026-08-10,4613.8,0.07279097764818883,0.029902338997310585,11.942316548212538,26.50368040481631,4.0073564772082255,7.934960071004313,-0.05313084314305524,20.158357926677407,62.5,0.13071343465638266,0.4666666666666667,0.004440220726849013,1,t10_size_plus_impact_downside,19.39004,0.031610675250000005
t10_size_plus_impact,1,120,2021-09-07,2026-08-10,3923.15,0.11406061268305234,0.07350453509932182,24.640756798325935,30.76157463250575,4.65115008443487,19.989606713891067,0.9952131939793957,26.817407145507765,78.33333333333333,0.43765806469786883,0.7,0.03494368290358251,1,15,2026-01-09,2026-08-10,4613.8,0.07101285206595527,0.026218866339807353,11.127610446845749,29.061659084568532,4.394122853586762,6.733487593258985,-0.1062124866009726,20.34019754369446,62.5,0.11167158364858264,0.4666666666666667,0.0037007215698169494,1,t10_size_plus_impact,18.157232,0.035246483999999995
t10_size_plus_impact_bm,1,120,2021-09-07,2026-08-10,3919.575,0.12032214003989104,0.074039434505659,24.156354868142273,30.06683280443021,4.546105120029847,19.610249748112423,1.0151339113893925,24.517922961168214,75.0,0.4315621787100486,0.6916666666666667,0.03591581872434741,1,15,2026-01-09,2026-08-10,4609.8,0.07976864631587038,0.02560218136913841,11.50298334493498,28.933165156028096,4.374694571591448,7.128288773343533,-0.09981442901692485,20.1885683635731,62.5,0.09888377131920678,0.4666666666666667,0.0036809848043458998,1,t10_size_plus_impact_bm,18.092280000000002,0.03725596
t10_size_plus_impact_fscore,1,120,2021-09-07,2026-08-10,3833.0833333333335,0.11569024843782641,0.0715047069781522,24.60301294987106,31.87944153897268,4.8201715606926685,19.782841389178394,1.017389983302939,24.304728592060766,78.33333333333333,0.436740731316778,0.675,0.03410548450354533,1,15,2026-01-09,2026-08-10,4513.866666666667,0.07888393702539434,0.02930685488354433,12.67065043817871,30.394665669325455,4.595673449202009,8.074976988976701,-0.057538831046616626,19.913639438543097,62.5,0.11996873823630701,0.4666666666666667,0.004416349649622802,1,t10_size_plus_impact_fscore,17.476064,0.038184424668
t10_size_plus_impact_wc,1,120,2021-09-07,2026-08-10,3919.575,0.11397212391568011,0.07177775228793336,24.045617117762873,28.236410375920745,4.269345248839216,19.776271868923658,1.0086896762355262,25.213898505277466,81.66666666666667,0.4481287061104407,0.6916666666666667,0.03532630812590317,1,15,2026-01-09,2026-08-10,4609.8,0.07012226343608789,0.024476574967081596,9.500525435535423,26.77200757798802,4.047927545791789,5.452597889743633,-0.16144634662012342,19.8415303123585,62.5,0.10741470375243908,0.4666666666666667,0.0035150090049376735,1,t10_size_plus_impact_wc,17.443168,0.031779545036
t10_size_plus_impact_dd120,1,120,2021-09-07,2026-08-10,3923.15,0.10732948853922707,0.0702763020118562,24.01261163333381,32.307954711864376,4.884962752433894,19.12764888089992,0.9597249885321335,25.359462065007598,75.0,0.4156434196868369,0.6583333333333333,0.029368773802708307,1,15,2026-01-09,2026-08-10,4613.8,0.06249991247990932,0.020624346962172805,9.811283434369644,31.512895891043314,4.764749858725749,5.046533575643895,-0.17163579789347772,20.08699534077184,50.0,0.0874104646020128,0.4666666666666667,0.002549468314145205,1,t10_size_plus_impact_dd120,16.834384,0.029485456000000004
book_to_market_lf_minus_size,1,120,2021-09-07,2026-08-10,4598.408333333334,0.07932006792210133,0.050472113536512424,18.93120097271883,9.720103864207461,1.469679704268168,17.461521268450664,0.9706827626326205,27.163409957055194,70.0,0.3009224829113038,0.6333333333333333,0.015117154796414263,1,15,2026-01-09,2026-08-10,4909.6,0.07007409169580361,0.025530170023544702,10.72486331639121,9.459492794207195,1.4302753104841277,9.294588005907082,0.0026838736351471296,19.77176510474431,50.0,0.11002826713328732,0.4666666666666667,0.0035980610774398974,1,book_to_market_lf_minus_size,16.74068,0.016915119
impact60,1,120,2021-09-07,2026-08-10,4529.666666666667,0.06625311458106892,0.050273227909160285,19.69255454397527,10.539783463410227,1.5936152596676263,18.098939284307644,0.9912540585773629,28.1722983347356,73.33333333333333,0.3695882667905744,0.65,0.015916142961871486,1,15,2026-01-09,2026-08-10,4885.133333333333,0.0618114156856203,0.03941685261566271,16.691622558103024,11.088846181941173,1.6766335427095054,15.014989015393521,0.24206006656629545,19.89740695475729,75.0,0.2621166895495509,0.6,0.009721082193531587,1,impact60,16.443255999999998,0.015785968169999998
reversal_chip_turn_size_eq,1,120,2021-09-07,2026-08-10,3923.15,0.10957483185733848,0.06830208282657181,22.14886983041138,35.86403583701982,5.422642218557397,16.72622761185398,0.9031251342075454,25.684712449983937,75.0,0.41594936691931084,0.6166666666666667,0.02810617553049909,1,15,2026-01-09,2026-08-10,4613.8,0.06608664494303383,0.0200930245964545,7.430085731600022,34.237048280036056,5.176641699941451,2.2534440316585718,-0.29574555978721384,21.16206635465112,37.5,0.0839307973954558,0.4666666666666667,0.002588462243387625,1,reversal_chip_turn_size_eq,16.383983999999998,0.032900570064000004
book_to_market_lf_plus_impact,1,120,2021-09-07,2026-08-10,4525.658333333334,0.07917136581164443,0.049505993156723035,18.083332325954913,9.449185486231082,1.4287168455181396,16.654615480436775,0.9918350025883538,23.48043647052772,68.33333333333333,0.31136212261791935,0.625,0.015406852818545863,1,15,2026-01-09,2026-08-10,4881.133333333333,0.07266497720004429,0.028249950228388308,10.134652080121764,9.30708393720279,1.4072310913050619,8.727420988816704,-0.029534190799651354,18.369838120638306,50.0,0.1230258638257216,0.5333333333333333,0.004767824847952967,1,book_to_market_lf_plus_impact,15.046176,0.015396024336
t10_size_plus_wc_mcap,1,120,2021-09-07,2026-08-10,3919.575,0.1094897105036843,0.06639234281669279,21.27856046254997,32.259533774411494,4.877641506691018,16.400918955858952,0.9147511248742921,25.3724805084382,81.66666666666667,0.42769908498445347,0.6416666666666667,0.030048383106818028,1,15,2026-01-09,2026-08-10,4609.8,0.06539451481448522,0.01864854850446999,6.100298875215515,30.026437857926876,4.539997404118544,1.5603014710969718,-0.3440425629235492,20.74911220279507,50.0,0.08074681796595154,0.4666666666666667,0.002464186192391914,1,t10_size_plus_wc_mcap,14.581016,0.02985811812
t10_nomcap_plus_impact,1,120,2021-09-07,2026-08-10,3923.15,0.11217541167821272,0.06904739927409821,21.98757181968931,34.641734985990055,5.237830329881697,16.749741489807615,0.9266354444335876,25.060619837742937,76.66666666666667,0.4305528407016024,0.6333333333333333,0.030588380031453255,1,15,2026-01-09,2026-08-10,4613.8,0.07203375173556856,0.024804210834750946,9.523985225721121,33.50294860164966,5.065645828569429,4.4583393971516925,-0.20904964502181572,19.959892943372626,62.5,0.10202483286594706,0.4666666666666667,0.003429641358046636,1,t10_nomcap_plus_impact,14.225216,0.033668843940000005
impact_abs_return60,1,120,2021-09-07,2026-08-10,4529.666666666667,0.057597377003270576,0.04640003136764281,17.81240513862752,10.438021812480754,1.5782288980470898,16.234176240580428,0.9276015947758718,28.630507626304734,71.66666666666667,0.31620712622730146,0.6666666666666666,0.012141800706956432,1,15,2026-01-09,2026-08-10,4885.133333333333,0.052821360903008534,0.03374864282225798,14.380333272382762,11.582417168000138,1.7512614758016207,12.62907179658114,0.15236121200868885,20.114652598179195,75.0,0.2282170561447478,0.6,0.007232841292106331,1,impact_abs_return60,13.944184,0.011190566776999998
reversal_chip_turn_paper,1,120,2021-09-07,2026-08-10,3915.3166666666666,0.11108454227199108,0.06379542627676912,18.028637875365128,36.02162202992692,5.446469250924949,12.582168624440179,0.838246725370057,24.18094412153061,66.66666666666666,0.39368432138997517,0.6583333333333333,0.028790393072166003,1,15,2026-01-09,2026-08-10,4604.6,0.07194322752611668,0.01759197587978217,8.712782118997842,35.31654773936659,5.339862018192229,3.3729201008056124,-0.290351326297974,20.254260947884305,50.0,0.066265225802399,0.4666666666666667,0.002224755967920028,1,reversal_chip_turn_paper,12.774432000000001,0.034046325
book_to_market_lf_div_oper_main_profit_ttm,1,120,2021-09-07,2026-08-10,4497.325,0.0441055851935362,0.02279990263172912,11.336001014395936,6.2276544521441695,0.9416213531641985,10.394379661231737,0.7460955652583869,30.53841062150332,68.33333333333333,0.2700214576598215,0.625,0.007443409003061303,1,15,2026-01-09,2026-08-10,4802.6,0.034206645349986506,0.018342254624330093,7.580577235026976,6.345467868425509,0.9594347417059369,6.621142493321039,-0.09668734500998821,20.736774955002247,50.0,0.2529859734498082,0.6,0.005192280883391215,1,book_to_market_lf_div_oper_main_profit_ttm,11.775072,0.004586702
reversal_turn_paper,1,120,2021-09-07,2026-08-10,3915.3166666666666,0.11266265872350077,0.06353255978157644,17.347353061941195,37.62479605437711,5.688869163421819,11.658483898519375,0.8349860295803347,23.704318433429783,73.33333333333333,0.40944470925983434,0.6333333333333333,0.02921511537880635,1,15,2026-01-09,2026-08-10,4604.6,0.0824435904807911,0.028172133637094067,11.318347638742843,37.035482375852254,5.59976493522886,5.718582703513983,-0.1937924905703912,18.830897356955735,62.5,0.11056667333937355,0.5333333333333333,0.0048616072200611815,1,reversal_turn_paper,11.643647999999999,0.032826086496
paper_composite,1,120,2021-09-07,2026-08-10,4591.908333333334,0.0694216664051473,0.040067431715577737,12.983170451552484,9.419126847044733,1.4241719792731637,11.558998472279319,0.856314345118535,24.083222308496776,61.66666666666667,0.2588843378628043,0.5916666666666667,0.010633541099872183,1,15,2026-01-09,2026-08-10,4904.133333333333,0.05642499863108674,0.011927971491981522,4.543705034529788,9.413442466893136,1.4233125009942422,3.120392533535546,-0.32194925649945483,19.641234865152725,50.0,0.05153247876418601,0.5333333333333333,0.0015507840233203744,1,paper_composite,11.202328,0.011437750344
reversal_chip_turn_eq,1,120,2021-09-07,2026-08-10,3923.15,0.09885319620271016,0.05681012823546672,14.151928099378019,39.2667213473963,5.937128267726321,8.214799831651698,0.6846067333675209,27.920136426081974,61.66666666666667,0.36886351477933643,0.5666666666666667,0.02066255785915171,1,15,2026-01-09,2026-08-10,4613.8,0.06309728804251298,0.0171345830354478,0.2884652803581078,37.77362472046295,5.711372057733998,-5.42290677737589,-0.6756607483796689,22.357591395246146,37.5,0.07137136736842568,0.4,0.0018013358899334267,1,reversal_chip_turn_eq,8.662416,0.02515759813
reversal_chip_eq,1,120,2021-09-07,2026-08-10,4283.2,0.09167668953859888,0.05370539515995656,13.407911929729032,42.115646193446345,6.367885704449088,7.040026225279945,0.6237686542151821,29.277966309018012,60.0,0.34127580710305533,0.5916666666666667,0.018511496427102758,1,15,2026-01-09,2026-08-10,4822.8,0.059434332999537924,0.012460161128212691,2.5702446980851112,44.16126137886316,6.67718272048411,-4.106938022398998,-0.5739984365492715,20.462536539740494,25.0,0.051165970154287595,0.4666666666666667,0.0014191404772506955,1,reversal_chip_eq,7.8760639999999995,0.020861070614999998
reversal_turn_eq,1,120,2021-09-07,2026-08-10,3923.15,0.0970989974916219,0.05478359797881318,14.39140912483936,46.19945164206407,6.985357088280088,7.406052036559273,0.6717854149671317,28.47988351054895,65.0,0.38137975675436675,0.55,0.020367375624446196,1,15,2026-01-09,2026-08-10,4613.8,0.07342925163090966,0.030257595579540213,2.8268986678130714,44.76364754643473,6.768263509020931,-3.9413648412078603,-0.608134483496466,21.11191800598554,37.5,0.13936478020441648,0.4,0.0040933806056466055,1,reversal_turn_eq,7.395975999999998,0.025384577988
reversal_turn_paper_nomcap,1,120,2021-09-07,2026-08-10,3915.3166666666666,0.10009298919719727,0.0505545130770921,10.426005019371098,37.319894641672896,5.642768069820942,4.783236949550156,0.6516260550877072,24.14084062346654,61.66666666666667,0.331582619659202,0.5916666666666667,0.019636881544120067,1,15,2026-01-09,2026-08-10,4604.6,0.0779650895602736,0.022709478915658273,6.256266711939718,36.96016252329484,5.588376573522178,0.6678901384175386,-0.4926155849335445,19.324283796009933,50.0,0.08622024840205024,0.4666666666666667,0.003137012381334946,1,reversal_turn_paper_nomcap,5.224711999999999,0.022301372939999998
reversal40,1,120,2021-09-07,2026-08-10,4554.45,0.08883876188939302,0.05010470857208804,12.428185589829678,54.91698877495641,8.30344870277341,4.124736887056267,0.5270617044758943,29.91317258826668,63.33333333333333,0.34335909511472645,0.5833333333333334,0.017793764854515205,1,15,2026-01-09,2026-08-10,4894.266666666666,0.07355627586910703,0.03004192771678788,5.629856044322745,56.07767470999472,8.4789444161512,-2.8490883718284565,-0.5015095831867675,21.069369404612225,50.0,0.1416682287734556,0.5333333333333333,0.005557646569358968,1,reversal40,5.030975999999999,0.019352234872000003
turn_bias,1,120,2021-09-07,2026-08-10,3923.15,0.07848116392590244,0.049185901178526135,9.348513892507215,26.187146213356822,3.9594965074595514,5.389017385047664,0.6757097989962759,26.078951501687552,68.33333333333333,0.37744765645721473,0.5666666666666667,0.016786101126590947,1,15,2026-01-09,2026-08-10,4613.8,0.05185508447404565,0.03314755667701439,-0.7688326208144858,25.426458513239048,3.8444805272017444,-4.61331314801623,-0.7628779312579328,19.2106565091851,37.5,0.17780377166318018,0.4,0.003688011839759253,1,turn_bias,4.962135999999999,0.014489505492000001
chip250,1,120,2021-09-07,2026-08-10,4283.2,0.07837719182035675,0.04539914925404651,9.754888970650132,24.343878205934306,3.6807943847372666,6.074094585912866,0.6135071583184805,32.39418637177695,58.333333333333336,0.2903541067483804,0.5583333333333333,0.012706069565582437,1,15,2026-01-09,2026-08-10,4822.8,0.03309511407804412,-0.008680184040505867,-4.602224298486124,25.394742309824085,3.839685037245402,-8.441909335731527,-0.816867767977863,22.165241385816138,12.5,-0.034981468455390616,0.4666666666666667,0.0005402673216027054,0,chip250,4.279336,0.009270568553999999
drawdown120,1,120,2021-09-07,2026-08-10,4455.15,0.038483228983952664,0.02916588005512606,8.45841964179126,27.36714893078262,4.137912918334332,4.320506723456927,0.5436529039321127,29.322099811517035,58.333333333333336,0.19963910527553827,0.45,0.0034572408311114872,1,15,2026-01-09,2026-08-10,4862.133333333333,0.010693210332005872,-0.003621722093947633,-6.410567309836656,27.65755470770545,4.181822271805064,-10.59238958164172,-0.8244995858343538,22.5442764170227,25.0,-0.021091077870556137,0.5333333333333333,0.00012028337695923802,0,drawdown120,4.246232,0.003869999775
ev_ebitda_proxy,1,120,2021-09-07,2026-08-10,4476.591666666666,0.015047945369880933,0.009511810383171412,-0.13059210799277743,7.103804158319613,1.0740951887379253,-1.2046872967307027,0.40797437160605204,35.27231942972534,63.33333333333333,0.1161174736062852,0.4583333333333333,0.00080085930801982,1,15,2026-01-09,2026-08-10,4786.666666666667,0.006888896658924793,-0.006873937688226334,-8.70434293968394,6.746921623348659,1.0201345494503171,-9.724477489134257,-0.7690520297837418,23.59608042690413,50.0,-0.05873339781643723,0.4,0.00016184332319398205,0,ev_ebitda_proxy,3.3196399999999997,0.001457041554
weighted_reversal_lowturn,1,120,2021-09-07,2026-08-10,3923.15,0.10035471041083552,0.054783207028190124,13.609659754304815,55.486706012589934,8.389589949103598,5.220069805201216,0.6238978282126169,25.890848829988133,70.0,0.4239457531736064,0.6083333333333333,0.025881513251198165,1,15,2026-01-09,2026-08-10,4613.8,0.07893703385234083,0.033327823751134474,0.1634213396353279,53.83156519024337,8.139332656764797,-7.975911317129469,-0.804437590134066,22.35307594439516,50.0,0.1708415060978635,0.4666666666666667,0.006293336816774907,1,weighted_reversal_lowturn,2.7122639999999993,0.027090640139999997
value_bm,1,120,2021-09-07,2026-08-10,4598.408333333334,0.05992161892740437,0.018896733811173946,3.8192277445620926,5.670083298735742,0.8573165947688443,2.961911149793248,0.6296955664743619,19.381531944917175,51.66666666666667,0.12443416043124828,0.48333333333333334,0.0036038765657411664,1,15,2026-01-09,2026-08-10,4909.6,0.058095896597255066,0.010717366704160448,4.781529237159942,5.632853556290395,0.8516874577111077,3.9298417794488354,-0.40840880532687523,17.28269187744842,75.0,0.050921789685626065,0.5333333333333333,0.0015777850816657607,1,value_bm,2.5085040000000003,0.004756155096
momentum120,1,120,2021-09-07,2026-08-10,4453.841666666666,0.0730513991250046,0.04911222896521358,8.165902706192774,35.64918441795407,5.390156683994656,2.7757460221981183,0.5067228413766856,32.350054424154585,51.66666666666667,0.3015879747590544,0.5583333333333333,0.012300878129445903,1,15,2026-01-09,2026-08-10,4861.866666666667,0.04486463660115241,-0.006190294706322499,0.637734600011397,37.718228173914845,5.702996099895924,-5.065261499884527,-0.61486174794589,19.615437831622508,25.0,-0.024334414678463926,0.5333333333333333,0.0005822691581072177,0,momentum120,2.291336000000001,0.010719859850000001
fscore_interact,1,120,2021-09-07,2026-08-10,4454.858333333334,0.07092835813707142,0.029175645698610524,8.534081112291258,42.52266988713085,6.429427686934185,2.104653425357074,0.5163157946288075,27.582394198497806,58.333333333333336,0.2832059999122504,0.5083333333333333,0.010211062765741285,1,15,2026-01-09,2026-08-10,4792.2,0.06651803513065074,0.0254937080397688,11.374057156832018,44.81589539136625,6.776163383174577,4.597893773657441,-0.23073748519649448,16.025342076451675,62.5,0.16219519485964567,0.4666666666666667,0.005034822645858438,1,fscore_interact,1.8427599999999984,0.013888069812000001
fscore_eq,1,120,2021-09-07,2026-08-10,4454.858333333334,0.06566562664097779,0.03301077274698642,7.949005528944886,42.49942273864435,6.425912718083025,1.5230928108618604,0.4966782486336928,28.975951574464442,60.0,0.2921748924612327,0.5166666666666667,0.009912687824484024,1,15,2026-01-09,2026-08-10,4792.2,0.06528214526531897,0.027340103006044773,11.847543154788355,44.56650302817525,6.738455257860097,5.109087896928257,-0.20870835835868234,15.719120251932328,62.5,0.1538158968886508,0.4666666666666667,0.0046860014715734396,1,fscore_eq,1.8243760000000009,0.014324063031
asset_growth,1,120,2021-09-07,2026-08-10,4602.391666666666,-0.009297333969745619,-0.008128823945349506,-5.284409202090257,5.571264254747719,0.842375155317855,-6.126784357408112,0.2438222999284756,46.4672834257994,45.0,-0.0881104953880206,0.5083333333333333,0.0004164229567799306,0,15,2026-01-09,2026-08-10,4913.6,0.022315961837919295,0.025935680734277947,11.907447681213657,5.855143667209002,0.8852977224820011,11.022149958731656,0.09277254921179957,17.558223289688215,75.0,0.2667690092892509,0.5333333333333333,0.0031750437497805126,1,asset_growth,0.367536,0.0006423269999999999
cash_conversion,1,120,2021-09-07,2026-08-10,4594.5,0.009685744791963758,0.0011592522060480878,0.7476139009937821,6.90633273047064,1.044237508847161,-0.29662360785337877,0.47454891939198496,23.849782217063577,45.0,0.020916641390820095,0.3333333333333333,6.753108347216977e-05,1,15,2026-01-09,2026-08-10,4900.266666666666,0.014262996324654038,0.00698301653454199,0.14551364862146476,5.729081895597425,0.8662371826143307,-0.7207235339928659,-0.6692313921964295,16.723509946448768,50.0,0.11568727006631951,0.3333333333333333,0.0005500157025883914,1,cash_conversion,-0.02025599999999983,0.00019148868
reversal20,1,120,2021-09-07,2026-08-10,4578.741666666667,0.08442218172381609,0.05064864342254873,9.426951444208465,70.43939846200996,10.650437047455908,-1.2234856032474428,0.365944467297868,32.17381736495537,50.0,0.374405045747981,0.5583333333333333,0.0176478507025011,1,15,2026-01-09,2026-08-10,4903.6,0.05092853055292308,0.018920438841843017,-2.7223481582558384,70.15588262874466,10.607569453466194,-13.329917611722031,-0.872504691931986,24.967296181014444,37.5,0.10410332118910838,0.5333333333333333,0.0028276422260481446,1,reversal20,-0.10252000000000017,0.020150242571999998
momentum20,1,120,2021-09-07,2026-08-10,4578.741666666667,0.08442214920364463,0.06326583580137378,9.426951444208465,70.43939846200996,10.650437047455908,-1.2234856032474428,0.365944467297868,32.17381736495537,50.0,0.44835494565442524,0.5916666666666667,0.022395227136619338,1,15,2026-01-09,2026-08-10,4903.6,0.05092851440499072,0.023684221978291713,-2.7223481582558384,70.15588262874466,10.607569453466194,-13.329917611722031,-0.872504691931986,24.967296181014444,37.5,0.1136040061940868,0.5333333333333333,0.003085697741824109,1,momentum20,-0.10252000000000017,0.020122383599999998
paper_composite_nomcap,1,120,2021-09-07,2026-08-10,4591.908333333334,0.04445672578542562,0.014888531520060509,1.4102390197475945,6.126533875676177,0.9263319220022379,0.4839070977453565,0.560876606738666,17.425698151573023,51.66666666666667,0.1005215291485379,0.49166666666666664,0.002197188544636707,1,15,2026-01-09,2026-08-10,4904.133333333333,0.03767535972296678,-0.0026747050590889424,1.7829346806594204,7.306865107636431,1.1047980042746284,0.6781366763847921,-0.6709847044790911,17.425698151573034,75.0,-0.012045129657278032,0.4,0.00018152183709909019,0,paper_composite_nomcap,-0.11499999999999999,0.00276284
momentum20_open,1,120,2021-09-07,2026-08-10,4578.741666666667,0.08109783697412262,0.061608487169612376,9.536585681331378,71.30714928277327,10.781640971555316,-1.2450552902239385,0.365365801251935,31.75440793761455,51.66666666666667,0.42667494136736744,0.575,0.019896388530673603,1,15,2026-01-09,2026-08-10,4903.6,0.05284815319517803,0.02566134633865189,-4.001434101382584,71.18812922227875,10.763645138408547,-14.76507923979113,-0.957373230453556,24.952425424891857,37.5,0.10818047937031701,0.5333333333333333,0.0030491405581281653,1,momentum20_open,-0.23581600000000158,0.017537799819
skew60_low,1,120,2021-09-07,2026-08-10,4529.666666666667,0.0442988469559334,0.018661501348517608,5.405484902554347,36.356749279188534,5.497140491013306,-0.09165558845895955,0.4590960096675461,30.089196525795337,56.666666666666664,0.2615047186255642,0.5166666666666667,0.005985251379468285,1,15,2026-01-09,2026-08-10,4885.133333333333,0.04193383817905019,0.010711658786778495,6.155853422003754,36.07859304425972,5.45508326829207,0.7007701537116842,-0.5258853313924694,17.21664867792363,75.0,0.16170590096316606,0.5333333333333333,0.0036165061779130253,1,skew60_low,-0.4400720000000007,0.007043778408000001
weighted_reversal,1,120,2021-09-07,2026-08-10,4577.525,0.08937294007354214,0.048627531340822074,9.23073860226664,70.64231929909928,10.681118678023811,-1.4503800757571697,0.36704370664643376,28.095357234034957,58.333333333333336,0.42761065145517707,0.5416666666666666,0.020700778110627253,1,15,2026-01-09,2026-08-10,4903.266666666666,0.07410082117347844,0.030292285080900715,0.41722893565645514,70.70029455441822,10.689884536628036,-10.27265560097158,-0.798730853468811,23.718369061978983,50.0,0.18307238201150192,0.5333333333333333,0.007235100715326418,1,weighted_reversal,-0.8064719999999994,0.023677642575
quality_asset_turnover_tsrank378,1,120,2021-09-07,2026-08-10,4100.208333333333,0.00341430658114544,0.0053903029339190025,1.6580530341302246,27.082496240158687,4.094873431511994,-2.4368203973817693,0.39272346928652824,31.699293330771827,58.333333333333336,0.10279259788536284,0.375,0.0001316120412948867,1,15,2026-01-09,2026-08-10,4755.466666666666,-0.00027553237259734907,0.009044516171871454,1.5047178249870563,27.739033637342843,4.194141885966237,-2.6894240609791815,-0.5468688641627959,18.760070347344005,62.5,0.14263966486888702,0.3333333333333333,1.3100615095938393e-05,1,quality_asset_turnover_tsrank378,-1.27048,0.000399807408
exp_weighted_reversal63,1,120,2021-09-07,2026-08-10,4525.858333333334,0.09327869453875728,0.0482950961717062,7.136714514539144,62.41524646878338,9.437185266080048,-2.3004707515409035,0.3484708794710431,31.11161435338238,58.333333333333336,0.41592564009136396,0.575,0.022308275421428676,1,15,2026-01-09,2026-08-10,4883.866666666667,0.06946999304526778,0.020764756216052397,0.8087304830132536,65.4686170306553,9.89885489503508,-9.090124412021828,-0.6978879678842665,23.356315131694693,50.0,0.1284653232792517,0.5333333333333333,0.004759725394542769,1,exp_weighted_reversal63,-1.588487999999999,0.027275562974
growth_revenue,1,120,2021-09-07,2026-08-10,4602.416666666667,-0.0033646451177341235,-0.0021125500391426426,-1.406923698845186,7.596161664974857,1.1485396437441984,-2.5554633425893845,0.37517995904854357,34.6063826357801,50.0,-0.027949177648028515,0.4166666666666667,3.918294338255119e-05,0,15,2026-01-09,2026-08-10,4913.6,0.008292668390611763,0.014343671649027652,8.65634223068592,7.539331460884649,1.139946916885759,7.516395313800162,-0.04404592633574718,17.679378192911265,62.5,0.20716440405035302,0.4,0.0006871782820513145,1,growth_revenue,-2.219848,8.8008e-08
growth_roe,1,120,2021-09-07,2026-08-10,3912.5416666666665,-0.0026458438379403024,-0.0027806276981926763,-1.145099786038406,9.461546169817026,1.4305857808763345,-2.5756855669147405,0.38425092593616095,32.94126649687862,55.00000000000001,-0.059228763206915405,0.3416666666666667,5.354260320461283e-05,0,15,2026-01-09,2026-08-10,4605.933333333333,0.00608946460150253,0.008873991693302108,-0.920872194916178,8.732673318681456,1.320380205784636,-2.241252400700814,-0.5823033271893352,20.269835422915282,50.0,0.2838248688598972,0.3333333333333333,0.0005761138306494806,1,growth_roe,-2.431872,9.052396099999998e-05
ltmom_exhigh252_21,1,120,2021-09-07,2026-08-10,4280.491666666667,0.03146500751325682,0.015421931190754598,2.466425820278806,18.508118094856517,2.7984274559423055,-0.3320016356634998,0.4707150691902704,25.357043458048256,56.666666666666664,0.19321309959952404,0.5083333333333333,0.0030903879122006536,1,15,2026-01-09,2026-08-10,4822.533333333334,0.03633067909279259,0.017782676349559292,1.2176826973442467,17.93187570713463,2.711299606918756,-1.4936169095745095,-0.4403619609923027,22.14008946677044,50.0,0.2772946059075532,0.5333333333333333,0.005372960715407843,1,ltmom_exhigh252_21,-2.933592,0.001239801006
quality_net_margin_tsrank378,1,120,2021-09-07,2026-08-10,4098.308333333333,5.453019732206688e-05,0.00020658031062943395,-0.8758298888885019,17.105188452761098,2.5863044940574778,-3.4621343829459796,0.36938542838670496,27.13048754986821,46.666666666666664,0.0038622491120115015,0.36666666666666664,7.722337560115373e-08,1,15,2026-01-09,2026-08-10,4753.933333333333,0.0028301899214756487,0.005772269293591819,2.7978444743453568,17.140626564358577,2.591662736531017,0.2061817378143399,-0.4889695549560373,17.748091029326385,62.5,0.140934606753185,0.4,0.00015954868144799926,1,quality_net_margin_tsrank378,-4.215712,0.00018222713599999997
rsi14,1,120,2021-09-07,2026-08-10,4585.808333333333,0.06589536143248007,0.03385875429728257,5.6068255633054065,67.54546851881479,10.212874840044798,-4.606049276739391,0.2681459545885621,35.047407270285845,60.0,0.2670023633753109,0.5,0.008797108618971245,1,15,2026-01-09,2026-08-10,4906.466666666666,0.04915159860547625,0.013164034278466108,4.872587536098605,68.62546000747791,10.37616955313066,-5.503582017032056,-0.643904631259782,20.47661985968179,37.5,0.06827947194811326,0.4,0.0013424180792750155,1,rsi14,-4.676759999999999,0.009376061136
max_return21_low,1,120,2021-09-07,2026-08-10,4577.525,0.08359337276862165,0.033092427048610956,3.0840605878754035,51.84832270829766,7.839466393494606,-4.755405805619202,0.29312350106059626,24.469588242582084,48.333333333333336,0.22281561333176328,0.5,0.009312954311955576,1,15,2026-01-09,2026-08-10,4903.266666666666,0.07663268006630265,0.018900669318202622,0.8326908205594896,50.451955499822695,7.628335671573192,-6.7956448510137015,-1.171387645798429,19.129882492504514,75.0,0.081725769474009,0.4666666666666667,0.0029226702144612635,1,max_return21_low,-5.908552,0.010936372434
alpha13,1,120,2021-09-07,2026-08-10,4597.666666666667,0.04753881046407961,0.017567285400492422,2.831909517170206,85.630622248529,12.947350083977582,-10.115440566807376,0.05884198371943737,37.407029674682356,58.333333333333336,0.28886043176747683,0.475,0.006522738625273984,1,15,2026-01-09,2026-08-10,4911.466666666666,0.03302754112330409,0.009760868528588689,-7.101873986989061,86.90184043210431,13.13955827333417,-20.24143226032323,-1.4946512178371962,24.68246410905266,25.0,0.17339835593738645,0.4666666666666667,0.0026725632880031636,1,alpha13,-9.010624,0.005541272154
quality_roic,1,120,2021-09-07,2026-08-10,4506.658333333334,-0.005813863012872838,-0.013167585412759251,-8.374933268915719,8.636265717758272,1.305803376525051,-9.68073664544077,0.08502392545572143,41.51901247272036,35.0,-0.10787505522539671,0.5416666666666666,0.00033971751319271387,0,15,2026-01-09,2026-08-10,4815.466666666666,0.018991230106142374,0.014167502304919219,6.7026426275769495,10.449635745369358,1.5799849246998472,5.1226577028771025,-0.2911454410151807,12.25352721585551,62.5,0.14647353541602542,0.5333333333333333,0.0014835800616244978,1,quality_roic,-9.5036,0.00025293470399999997
alpha44,1,120,2021-09-07,2026-08-10,4597.2,0.03610659091534412,0.012302287353676453,3.2895613774402754,87.53190246889187,13.234823653296452,-9.945262275856177,0.06528565964842976,43.39948364483245,56.666666666666664,0.230463389792916,0.4166666666666667,0.00346718639009013,1,15,2026-01-09,2026-08-10,4911.0,0.0277497199242096,0.005016026480837594,-4.277313518462488,88.18447634794857,13.333492823809825,-17.610806342272316,-1.4137600563407877,24.66065702422292,37.5,0.09324435565308184,0.5333333333333333,0.001380002535406086,1,alpha44,-9.623712,0.0045926080200000005
max5_low21,1,120,2021-09-07,2026-08-10,4561.9,0.013919983256992886,0.005060900212114544,1.1569042911496519,88.03070344311575,13.310242360599101,-12.153338069449449,-0.011258351449570516,44.029454588225406,55.00000000000001,0.0773164824066737,0.4083333333333333,0.0004394663574077805,1,15,2026-01-09,2026-08-10,4886.4,0.006309560716963471,-0.0010352104222208839,-3.1055343829063498,89.34191826024812,13.508498040949515,-16.614032423855864,-1.4166223364287478,20.765792817149176,62.5,-0.011994437450222816,0.3333333333333333,2.522654378600046e-05,0,max5_low21,-11.930792,0.00071342625
f_i10_01,1,120,2021-09-07,2026-08-10,4529.666666666667,0.06596422254630599,0.05228962175667433,24.81406770355936,8.712669831267519,1.317355678487649,23.496712025071712,1.0764001688165081,31.92889465586415,75.0,0.32316064878665385,0.675,0.014389002644470739,1,15,2026-01-09,2026-08-10,4885.133333333333,0.05620350682855462,0.034563619252438414,17.197425048005755,8.430552518256935,1.2746995407604487,15.922725507245305,0.27274710278940995,21.8745313037379,62.5,0.21475730203681634,0.6,0.007242068094904904,1,f_i10_01,,
