train_rank,bitmask,components,factor_count,full_period_label,full_periods,full_first_signal_date,full_last_signal_date,full_mean_stock_count,full_rank_ic,full_ic_mean,full_gross_excess_pct,full_turnover_pct,full_annual_cost_pct,full_net_excess_pct,full_sharpe_after_cost,full_max_drawdown_pct,full_monthly_win_rate_pct,train_period_label,train_periods,train_first_signal_date,train_last_signal_date,train_mean_stock_count,train_rank_ic,train_ic_mean,train_gross_excess_pct,train_turnover_pct,train_annual_cost_pct,train_net_excess_pct,train_sharpe_after_cost,train_max_drawdown_pct,train_monthly_win_rate_pct,test_period_label,test_periods,test_first_signal_date,test_last_signal_date,test_mean_stock_count,test_rank_ic,test_ic_mean,test_gross_excess_pct,test_turnover_pct,test_annual_cost_pct,test_net_excess_pct,test_sharpe_after_cost,test_max_drawdown_pct,test_monthly_win_rate_pct,recent_period_label,recent_periods,recent_first_signal_date,recent_last_signal_date,recent_mean_stock_count,recent_rank_ic,recent_ic_mean,recent_gross_excess_pct,recent_turnover_pct,recent_annual_cost_pct,recent_net_excess_pct,recent_sharpe_after_cost,recent_max_drawdown_pct,recent_monthly_win_rate_pct,platform_A_raw_mean,A_newcomer_no_decay_proxy,full_min_member_addition_pp,full_vs_best_single_pp,train_min_member_addition_pp,train_vs_best_single_pp,test_min_member_addition_pp,test_vs_best_single_pp,recent_min_member_addition_pp,recent_vs_best_single_pp,contains_new_proxy,same_B01_pair
1,87,SIZE+H03+RET40+CHIP250+ASSET_GROWTH,5,full,120,2021-09-07,2026-08-10,4743.825,,,17.952115337845253,28.62786576421808,4.328533303549774,13.623582034295476,0.8201424231187939,34.096905515906286,70.0,train,73,2021-09-07,2024-08-28,4540.671232876713,,,16.946684772599355,27.843596636730915,4.209951811473714,12.73673296112564,0.2359876512664131,34.096905515906286,77.77777777777779,test,47,2024-09-11,2026-08-10,5059.36170212766,,,19.5137415349293,29.829299321219693,4.510190057368417,15.00355147756088,1.7743066392815796,21.244769679919397,58.333333333333336,recent,15,2026-01-09,2026-08-10,5100.733333333334,,,11.028336432833171,27.78809548800013,4.20156003778562,6.826776395047554,-0.1566322279596728,21.244769679919383,50.0,0.0110431109624,0.13803888703,-1.7185928390099203,-3.50238150689389,-2.7481968910953967,-4.536049669667426,-1.9141543548240725,-1.8948375243940507,-6.36727199203381,-9.449375042745478,False,True
2,91,SIZE+H03+DD120+CHIP250+ASSET_GROWTH,5,full,120,2021-09-07,2026-08-10,4743.825,,,15.928593781382574,22.74567416381493,3.4391459335688173,12.489447847813755,0.7706097899467429,33.445977573738496,63.33333333333333,train,73,2021-09-07,2024-08-28,4540.671232876713,,,15.850865677554578,21.61970458187953,3.2688993327801863,12.581966344774392,0.2260929505846869,33.445977573738496,69.44444444444444,test,47,2024-09-11,2026-08-10,5059.36170212766,,,16.049320410732427,24.47056373614149,3.699949236904593,12.349371173827835,1.6631436737617866,21.22460249564203,54.16666666666666,recent,15,2026-01-09,2026-08-10,5100.733333333334,,,6.081571100065825,21.96252681697293,3.320734054726308,2.760837045339517,-0.320275261152885,21.224602495642053,50.0,0.007946663943,0.0993332992875,-2.8527270254916406,-4.63651569337561,-2.902963507446646,-4.690816286018675,-2.7725619392361107,-4.549017828127097,-6.492205763444421,-13.515314392453517,False,True
3,115,SIZE+H03+CHIP250+DD60+ASSET_GROWTH,5,full,120,2021-09-07,2026-08-10,4743.825,,,17.092876957342863,27.53959495268917,4.163986756846603,12.928890200496262,0.7869057363696875,33.64546827981395,66.66666666666666,train,73,2021-09-07,2024-08-28,4540.671232876713,,,16.58673185590443,26.69108385604461,4.035691879033945,12.55103997687048,0.2267513462853975,33.64546827981395,72.22222222222221,test,47,2024-09-11,2026-08-10,5059.36170212766,,,17.879017221279167,28.839441739038296,4.360523590942591,13.518493630336575,1.6991278801578578,20.87885397647021,58.333333333333336,recent,15,2026-01-09,2026-08-10,5100.733333333334,,,9.365365219939273,25.93557879390299,3.921459513638132,5.443905706301139,-0.2101788589025343,20.87885397647024,50.0,0.0076572225576,0.09571528197,-2.4132846728091355,-4.197073340693105,-2.933889875350557,-4.721742653922586,-1.6034394827273708,-3.379895371618357,-5.229570575846688,-10.832245731491891,False,True
4,79,SIZE+H03+RET40+DD120+ASSET_GROWTH,5,full,120,2021-09-07,2026-08-10,4880.208333333333,,,17.10582307028014,30.26992005477182,4.576811912281499,12.529011157998642,0.7635697129506278,35.02826964112552,73.33333333333333,train,73,2021-09-07,2024-08-28,4736.013698630137,,,16.188999013523137,29.43163765973192,4.450063614151467,11.73893539937167,0.1811800560837169,35.02826964112552,77.77777777777779,test,47,2024-09-11,2026-08-10,5104.170212765957,,,18.529826392477197,31.55409734079038,4.770979517927506,13.758846874549688,1.7328429508530143,19.634837390895864,66.66666666666666,recent,15,2026-01-09,2026-08-10,5142.933333333333,,,12.033387952515794,29.40946182276757,4.446710627602457,7.586677324913336,-0.1326210619092814,19.6348373908959,62.5,0.0099629972066,0.1245374650825,-2.5560247261215068,-4.596952383190725,-2.2200072750841784,-5.533847231421397,-3.1588589578352657,-3.139542127405244,-5.607371062168029,-8.689474112879697,False,True
5,95,SIZE+H03+RET40+DD120+CHIP250+ASSET_GROWTH,6,full,120,2021-09-07,2026-08-10,4743.825,,,16.535281609612014,30.387986460253995,4.594663552790404,11.940618056821611,0.7542605472632353,33.962720761835186,70.0,train,73,2021-09-07,2024-08-28,4540.671232876713,,,15.710871449738113,29.321942304041087,4.433477676371012,11.2773937733671,0.1850141257591101,33.962720761835186,72.22222222222221,test,47,2024-09-11,2026-08-10,5059.36170212766,,,17.81574845367149,32.02107538040993,4.841586597517981,12.97416185615351,1.6928124529470836,21.38509094601724,66.66666666666666,recent,15,2026-01-09,2026-08-10,5100.733333333334,,,8.172645054515018,29.85108964361858,4.513484754115129,3.65916030039989,-0.2832761120520207,21.38509094601721,50.0,0.0098475924311666,0.1230949053895833,-1.6829639774738665,-5.185345484367756,-1.459339187758541,-5.995388857425967,-2.029389621407372,-3.924227145801423,-3.927517024513447,-12.616991137393144,False,True
6,123,SIZE+H03+DD120+CHIP250+DD60+ASSET_GROWTH,6,full,120,2021-09-07,2026-08-10,4743.825,,,15.559222371884244,29.24673545719006,4.422106401127137,11.137115970757105,0.7247499243897431,33.32020719790928,70.0,train,73,2021-09-07,2024-08-28,4540.671232876713,,,15.452219737880906,28.19307184937707,4.2627924636258125,11.189427274255094,0.1815744133506579,33.32020719790928,75.0,test,47,2024-09-11,2026-08-10,5059.36170212766,,,15.725417952357502,30.860858430861036,4.666161794746188,11.059256157611314,1.6121806557075389,21.721456229132546,62.5,recent,15,2026-01-09,2026-08-10,5100.733333333334,,,5.056396243281984,27.827948317707147,4.20758578563732,0.8488104576446637,-0.3935734930333399,21.721456229132546,50.0,0.0070260187604999,0.0878252345062499,-1.7917742297391577,-5.988847570432263,-1.392539070519298,-6.083355356537973,-2.459237472725261,-5.839132844343618,-4.595095248656476,-15.427340980148369,False,True
7,107,SIZE+H03+DD120+DD60+ASSET_GROWTH,5,full,120,2021-09-07,2026-08-10,4880.208333333333,,,14.398872759930711,27.93768381429773,4.224177792721817,10.174694967208897,0.6804558408787779,35.054028958867,70.0,train,73,2021-09-07,2024-08-28,4736.013698630137,,,14.395452076283725,26.83852097976815,4.057984372140944,10.33746770414278,0.134695238313064,35.054028958867,75.0,test,47,2024-09-11,2026-08-10,5104.170212765957,,,14.404185736659,29.62150773102392,4.4787719689308165,9.925413767728184,1.5839018505790272,20.82636906853408,62.5,recent,15,2026-01-09,2026-08-10,5142.933333333333,,,7.445310798548952,26.729198879890266,4.041454870639408,3.4038559279095453,-0.2925632899245824,20.826369068534067,62.5,0.0065771088018,0.0822138600225,-3.601361657335952,-6.951268573980473,-3.621474970313068,-6.935314926650287,-4.186792215531012,-6.972975234226748,-7.269620354238283,-12.872295509883488,False,True
8,31,SIZE+H03+RET40+DD120+CHIP250,5,full,120,2021-09-07,2026-08-10,4743.85,,,16.16013371375037,31.917305994889567,4.825896666427302,11.334237047323068,0.7348934969019216,33.12522965743925,70.0,train,73,2021-09-07,2024-08-28,4540.671232876713,,,14.86067197730957,30.34173003287109,4.587669580970109,10.27300239633946,0.1521675722893593,33.12522965743925,69.44444444444444,test,47,2024-09-11,2026-08-10,5059.425531914893,,,18.178446623541397,34.33095427713063,5.190840286702151,12.987606336839244,1.7122312226894507,21.19166186619914,70.83333333333334,recent,15,2026-01-09,2026-08-10,5100.733333333334,,,8.36079168587603,32.75183337803204,4.952077206758444,3.4087144791175863,-0.2919203816951822,21.19166186619913,62.5,0.0117047288234,0.1463091102925,-1.5505280656602896,-5.7917264938663,-1.9182014903710252,-6.999780234453606,-2.2998858657961776,-3.910782665115688,-3.936532960469252,-12.867436958675446,False,True
9,119,SIZE+H03+RET40+CHIP250+DD60+ASSET_GROWTH,6,full,120,2021-09-07,2026-08-10,4743.825,,,16.625515430295547,33.71901527661939,5.09831510982485,11.527200320470696,0.7360669264662487,34.91598572478658,73.33333333333333,train,73,2021-09-07,2024-08-28,4540.671232876713,,,14.878268541288492,32.835079197762255,4.9646639747016525,9.91360456658684,0.141829682536699,34.91598572478658,77.77777777777779,test,47,2024-09-11,2026-08-10,5059.36170212766,,,19.339324428115013,35.073130120826065,5.303057274268901,14.03626715384611,1.698031243020679,20.774479160339865,66.66666666666666,recent,15,2026-01-09,2026-08-10,5100.733333333334,,,10.667384265402465,32.36016014505096,4.892856213931705,5.7745280514707575,-0.1973510716195456,20.77447916033988,50.0,0.0096063912766666,0.1200798909583333,-2.0963817138247816,-5.598763220718672,-2.823128394538802,-7.359178064206228,-0.9672843237147716,-2.8621218481088224,-3.0697760869058035,-10.501623386322276,False,True
10,103,SIZE+H03+RET40+DD60+ASSET_GROWTH,5,full,120,2021-09-07,2026-08-10,4934.841666666666,,,16.66524675643818,33.797474488124074,5.11017814260436,11.555068613833818,0.7249647233477078,36.14200406615695,73.33333333333333,train,73,2021-09-07,2024-08-28,4812.931506849315,,,14.817165964317203,32.76891904021999,4.954660558881263,9.86250540543594,0.115087661037789,36.14200406615695,77.77777777777779,test,47,2024-09-11,2026-08-10,5124.191489361702,,,19.53567011441331,35.373133897679246,5.348417845329101,14.187252269084208,1.722304938756276,19.817482303213215,66.66666666666666,recent,15,2026-01-09,2026-08-10,5163.933333333333,,,13.861126428667694,33.18004160245458,5.016822290291133,8.844304138376561,-0.0893671032241191,19.817482303213264,62.5,0.0096735558212,0.120919447765,-3.529967270286331,-5.57089492735555,-4.043408728778436,-7.410277225357127,-2.7304535633007454,-2.711136732870724,-4.349744248704804,-7.431847299416471,False,True
11,94,H03+RET40+DD120+CHIP250+ASSET_GROWTH,5,full,120,2021-09-07,2026-08-10,4743.825,,,14.674328599123534,32.89793811837364,4.974168243498093,9.70016035562544,0.6947299971027849,33.149911834390565,70.0,train,73,2021-09-07,2024-08-28,4540.671232876713,,,14.599956670366506,32.08575230860682,4.851365749061352,9.748590921305157,0.1405647069616537,33.149911834390565,69.44444444444444,test,47,2024-09-11,2026-08-10,5059.36170212766,,,14.789842445916362,34.142137656739806,5.162291213699058,9.627551232217304,1.576587774907816,21.556948017609614,70.83333333333334,recent,15,2026-01-09,2026-08-10,5100.733333333334,,,4.095082347130885,32.03113739564035,4.843107974220821,-0.748025627089937,-0.4745056420006722,21.5569480176096,62.5,0.0097681363682,0.1221017046025,-1.6738745851880434,-4.566306854330668,-1.6000240149865448,-3.676989798727293,-3.0116623177886286,-5.945516794779142,-4.357379996029279,-17.02417706488297,False,False
12,93,SIZE+RET40+DD120+CHIP250+ASSET_GROWTH,5,full,120,2021-09-07,2026-08-10,4743.825,,,14.661850678696316,32.62785932107043,4.933332329345849,9.728518349350468,0.6838069586347055,33.68375414303072,75.0,train,73,2021-09-07,2024-08-28,4540.671232876713,,,14.536029331944114,31.77161043467897,4.80386749772346,9.732161834220657,0.1375977015551127,33.68375414303072,77.77777777777779,test,47,2024-09-11,2026-08-10,5059.36170212766,,,14.85727532365187,33.93955974277648,5.131661433107804,9.725613890544066,1.5521889107224414,22.653038614032774,70.83333333333334,recent,15,2026-01-09,2026-08-10,5100.733333333334,,,1.474978094333346,31.56050008974033,4.771947613568737,-3.296969519235392,-0.5672868985793172,22.65303861403276,50.0,0.0086599172834,0.1082489660425,-1.302576554282853,-7.3974451918389,-0.9405578212255428,-7.540620796572412,-3.013143937609252,-7.172775111410866,-3.3345818197368926,-15.870555385886876,False,False
13,127,SIZE+H03+RET40+DD120+CHIP250+DD60+ASSET_GROWTH,7,full,120,2021-09-07,2026-08-10,4743.825,,,15.625214372199704,33.65491805357285,5.088623609700214,10.536590762499491,0.7012461048541281,34.13356983075503,71.66666666666667,train,73,2021-09-07,2024-08-28,4540.671232876713,,,14.54481859169108,32.56415932295468,4.923700889630748,9.621117702060332,0.1318381485809253,34.13356983075503,72.22222222222221,test,47,2024-09-11,2026-08-10,5059.36170212766,,,17.303275903628005,35.325867598349625,5.341271180870464,11.96200472275754,1.619869371564815,21.478965754278057,70.83333333333334,recent,15,2026-01-09,2026-08-10,5100.733333333334,,,6.783135533018473,32.77733904263582,4.955933663246537,1.8272018697719357,-0.356420443442441,21.47896575427801,62.5,0.0087869067764285,0.1098363347053571,-1.4040272943221197,-6.589372778689876,-1.6562760713067668,-7.651664928732734,-2.0742624310885684,-4.936384279197391,-3.947326181698822,-14.448949568021098,False,True
14,59,SIZE+H03+DD120+CHIP250+DD60,5,full,120,2021-09-07,2026-08-10,4743.85,,,14.826831643910436,30.240871316694623,4.572419743084226,10.254411900826208,0.6932322409988142,33.63631872065994,70.0,train,73,2021-09-07,2024-08-28,4540.671232876713,,,13.781925163853137,28.527431477579302,4.31334763940999,9.468577524443148,0.1257983257962008,33.63631872065994,69.44444444444444,test,47,2024-09-11,2026-08-10,5059.425531914893,,,16.449771495914316,32.865715325552166,4.969296157223488,11.480475338690828,1.630651725343264,22.08478677692478,70.83333333333334,recent,15,2026-01-09,2026-08-10,5100.733333333334,,,4.9129136267254045,29.565777576297776,4.470345569536224,0.4425680571891813,-0.4111721157316631,22.08478677692477,62.5,0.0083188404186,0.1039855052324999,-2.2066260890116336,-6.87155164036316,-2.722626362267338,-7.804205106349919,-2.5923952508282166,-5.417913663264105,-3.7925275479557015,-15.833583380603852,False,True
15,47,SIZE+H03+RET40+DD120+DD60,5,full,120,2021-09-07,2026-08-10,4880.233333333334,,,15.317625772493445,35.32056907343323,5.340470043903104,9.97715572859034,0.6677012364179499,33.05920663829968,73.33333333333333,train,73,2021-09-07,2024-08-28,4736.013698630137,,,14.568895538722998,34.323355339579905,5.189691327344481,9.379204211378516,0.1032694065933252,33.05920663829968,75.0,test,47,2024-09-11,2026-08-10,5104.234042553191,,,16.48054719941349,36.848215644442575,5.571450205439718,10.90909699397377,1.615517293243686,21.75763469531161,70.83333333333334,recent,15,2026-01-09,2026-08-10,5142.933333333333,,,7.827121213206749,34.7840300751941,5.259345347369349,2.5677758658374,-0.3257774080555063,21.757634695311637,62.5,0.0103351736822,0.1291896710274999,-1.873212207885336,-7.148807812599028,-1.5085222127819264,-7.893578419414551,-3.410937159667794,-5.989292007981161,-4.777471573749438,-13.708375571955632,False,True
16,111,SIZE+H03+RET40+DD120+DD60+ASSET_GROWTH,6,full,120,2021-09-07,2026-08-10,4880.208333333333,,,14.906740209045177,33.81169884845107,5.112328865885803,9.794411343159371,0.6640501819219542,35.26083300540239,70.0,train,73,2021-09-07,2024-08-28,4736.013698630137,,,14.210828236468048,32.928437342228825,4.978779726144998,9.23204851032305,0.0997626286204424,35.26083300540239,75.0,test,47,2024-09-11,2026-08-10,5104.170212765957,,,15.987624762196887,35.164780304791535,5.31691478208448,10.670709980112408,1.5888380786699938,20.96441005272255,62.5,recent,15,2026-01-09,2026-08-10,5142.933333333333,,,8.447203996385863,32.94542545766333,4.981348329198696,3.465855667187168,-0.2881395108018356,20.96441005272256,62.5,0.0087062964801666,0.1088287060020833,-2.734599814839271,-7.331552198029996,-2.50688688904862,-8.040734120470017,-3.5165422889718005,-6.227679021842524,-5.378448471189394,-12.810295770605864,False,True
17,55,SIZE+H03+RET40+CHIP250+DD60,5,full,120,2021-09-07,2026-08-10,4743.85,,,16.31082365622287,35.283630045417794,5.33488486286717,10.9759387933557,0.7198299689566309,33.473094181734886,75.0,train,73,2021-09-07,2024-08-28,4540.671232876713,,,14.178085303284051,33.86338507293125,5.120143823027205,9.057941480256847,0.1138191532716446,33.473094181734886,77.77777777777779,test,47,2024-09-11,2026-08-10,5059.425531914893,,,19.623374715042733,37.45932447135461,5.663849860068817,13.959524854973914,1.7236864674888888,21.467853450299867,70.83333333333334,recent,15,2026-01-09,2026-08-10,5100.733333333334,,,9.718971033014808,35.09008009263398,5.3056201100062585,4.413350923008549,-0.2484298615798151,21.467853450299835,62.5,0.0114152874379999,0.142691092975,-1.908826319627659,-6.150024747833669,-2.368454350695289,-8.21484115053622,-1.3279673476615077,-2.938864146981018,-2.329520686411822,-11.862800514784483,False,True
18,122,H03+DD120+CHIP250+DD60+ASSET_GROWTH,5,full,120,2021-09-07,2026-08-10,4743.825,,,13.283131678776549,31.101209299135533,4.702502846029293,8.580628832747255,0.6506480944441364,33.600851994760816,70.0,train,73,2021-09-07,2024-08-28,4540.671232876713,,,13.39194279215784,29.96497071801196,4.530703572563408,8.861239219594433,0.1106841463581993,33.600851994760816,72.22222222222221,test,47,2024-09-11,2026-08-10,5059.36170212766,,,13.11412718352476,32.841830104261014,4.965684711764266,8.148442471760495,1.49321142473086,21.866333355581745,66.66666666666666,recent,15,2026-01-09,2026-08-10,5100.733333333334,,,0.0484634312491985,29.537866381655125,4.466125396906255,-4.417661965657056,-0.6284403286103504,21.86633335558177,50.0,0.0063822479633999,0.0797780995425,-1.4729488216954163,-5.685838377208853,-2.487375716697267,-4.564341500438015,-2.241713944297896,-7.424625555235952,-3.480512949974929,-20.69381340345009,False,False
19,63,SIZE+H03+RET40+DD120+CHIP250+DD60,6,full,120,2021-09-07,2026-08-10,4743.85,,,15.127817215448186,34.54699380096834,5.223505462706412,9.904311752741773,0.679508912720895,33.80590441911916,70.0,train,73,2021-09-07,2024-08-28,4540.671232876713,,,13.754162942534462,33.047131445948175,4.996726274627364,8.757436667907099,0.1032234335844298,33.80590441911916,72.22222222222221,test,47,2024-09-11,2026-08-10,5059.425531914893,,,17.261365341463122,36.844655280999234,5.570911878487084,11.69045346297604,1.631539427227236,21.706746824428823,66.66666666666666,recent,15,2026-01-09,2026-08-10,5100.733333333334,,,6.1631743539190245,34.280436667740936,5.18320202416243,0.9799723297565948,-0.3880604383778764,21.70674682442881,62.5,0.0101577394941666,0.1269717436770833,-1.4299252945812952,-7.221651788447595,-1.515565728432362,-8.515345962885968,-2.2690713919978744,-5.207935538978893,-3.4333785932519545,-15.296179108036435,False,True
20,121,SIZE+DD120+CHIP250+DD60+ASSET_GROWTH,5,full,120,2021-09-07,2026-08-10,4743.825,,,12.463788796066517,30.561319310184743,4.620871479699933,7.842917316366583,0.6169890150883984,33.906605327660685,71.66666666666667,train,73,2021-09-07,2024-08-28,4540.671232876713,,,13.060135102421274,29.47481358776849,4.456591814470596,8.60354328795068,0.100016449082215,33.906605327660685,80.55555555555556,test,47,2024-09-11,2026-08-10,5059.36170212766,,,11.537548788324017,32.22575360835432,4.872533945583173,6.665014842740844,1.4333720517807584,23.229019086862955,58.333333333333336,recent,15,2026-01-09,2026-08-10,5100.733333333334,,,-3.029322488040365,28.77967255534909,4.351486490368782,-7.3808089784091475,-0.7364584974946334,23.22901908686293,37.5,0.0052740288786,0.0659253609825,-1.818719289881109,-9.283046224822783,-2.0691763674955173,-8.669239342842387,-2.310824436283717,-10.233374159214089,-3.3003645046479644,-19.954394845060637,False,False
21,126,H03+RET40+DD120+CHIP250+DD60+ASSET_GROWTH,6,full,120,2021-09-07,2026-08-10,4743.825,,,13.58575130024748,35.601622372926926,5.382965302786551,8.202785997460929,0.6329615984630591,34.478290030247074,70.0,train,73,2021-09-07,2024-08-28,4540.671232876713,,,12.991377334783424,34.49516490335836,5.215668933387783,7.775708401395641,0.0749799805768306,34.478290030247074,66.66666666666666,test,47,2024-09-11,2026-08-10,5059.36170212766,,,14.508927884904416,37.29662104971283,5.63924910271658,8.869678782187835,1.496978178891363,21.35811519927494,75.0,recent,15,2026-01-09,2026-08-10,5100.733333333334,,,2.517716819888471,34.72250486575225,5.250042735701739,-2.732325915813268,-0.5570415153555126,21.35811519927492,62.5,0.0085439124481666,0.1067989056020833,-1.497374358164512,-6.06368121249518,-1.972882519909514,-5.649872318636807,-1.700207053909354,-6.703389244808612,-3.049716775056959,-19.0084773536063,False,False
22,125,SIZE+RET40+DD120+CHIP250+DD60+ASSET_GROWTH,6,full,120,2021-09-07,2026-08-10,4743.825,,,13.35140574421114,35.414675443913,5.354698927119645,7.996706817091495,0.6206625125998121,33.19547320879215,71.66666666666667,train,73,2021-09-07,2024-08-28,4540.671232876713,,,12.788552260619584,34.485944771347334,5.214274849427717,7.5742774111918685,0.0674091438124532,33.19547320879215,72.22222222222221,test,47,2024-09-11,2026-08-10,5059.36170212766,,,14.225624984683124,36.8374117933753,5.5698166631583454,8.65580832152478,1.4886038763274627,22.07892981974721,70.83333333333334,recent,15,2026-01-09,2026-08-10,5100.733333333334,,,2.245561361923285,34.13572580344415,5.161321741480756,-2.9157603795574705,-0.552008138323184,22.078929819747184,62.5,0.0076203965441666,0.0952549568020833,-1.7318115322589724,-9.129256724097871,-2.1578844230287864,-9.698505219601198,-2.053480161822101,-8.242580680430152,-1.805501095778089,-15.489346246208957,False,False
23,117,SIZE+RET40+CHIP250+DD60+ASSET_GROWTH,5,full,120,2021-09-07,2026-08-10,4743.825,,,13.940115795850907,35.990464514176026,5.441758234543414,8.498357561307493,0.6394873343197792,34.3839242453362,73.33333333333333,train,73,2021-09-07,2024-08-28,4540.671232876713,,,12.376030051203696,35.04759028363196,5.299195650885153,7.076834400318544,0.0516919091745235,34.3839242453362,75.0,test,47,2024-09-11,2026-08-10,5059.36170212766,,,16.369440463068912,37.43486759075418,5.660151979722032,10.709288483346882,1.5641368075758095,22.469251228999088,70.83333333333334,recent,15,2026-01-09,2026-08-10,5100.733333333334,,,4.147809208691712,34.77558526766597,5.258068492471094,-1.1102592837793814,-0.4720228682052273,22.46925122899908,50.0,0.008370475898,0.1046309487249999,-2.5327373423258277,-8.627605979881874,-2.855886478622808,-10.195948230474524,-2.0294693448064365,-6.1891005186080505,-1.5467607752136583,-13.683845150430866,False,False
24,110,H03+RET40+DD120+DD60+ASSET_GROWTH,5,full,120,2021-09-07,2026-08-10,4880.208333333333,,,12.379219862109208,35.96981444567167,5.438635944185557,6.940583917923651,0.5779119699113321,34.78462911326704,70.0,train,73,2021-09-07,2024-08-28,4736.013698630137,,,11.99729848777702,35.03787893641264,5.297727295185592,6.699571192591431,0.0200215628297279,34.78462911326704,69.44444444444444,test,47,2024-09-11,2026-08-10,5104.170212765957,,,12.972416890327294,37.397460332196175,5.654496002228061,7.317920888099231,1.458645929524609,21.488876726688154,70.83333333333334,recent,15,2026-01-09,2026-08-10,5142.933333333333,,,4.097397039071084,35.40644765464085,5.353454885381696,-1.2560578463106118,-0.4896082813138078,21.488876726688165,62.5,0.008398581227,0.1049822653375,-1.9011231819381167,-7.325883292032457,-2.313086011271552,-6.726009527441017,-2.119315807240306,-8.255147138897215,-6.903765368970297,-17.532209284103644,False,False
25,118,H03+RET40+CHIP250+DD60+ASSET_GROWTH,5,full,120,2021-09-07,2026-08-10,4743.825,,,13.679221699497528,36.14462781516106,5.465067725652352,8.214153973845177,0.6404457676884384,34.28451484933244,66.66666666666666,train,73,2021-09-07,2024-08-28,4540.671232876713,,,12.020327756583058,35.19115740190121,5.320902999167462,6.699424757415596,0.0403178998393767,34.28451484933244,66.66666666666666,test,47,2024-09-11,2026-08-10,5059.36170212766,,,16.25580165338597,37.605263341857,5.6859158172887785,10.569885836097187,1.574049961497263,21.567056544828176,66.66666666666666,recent,15,2026-01-09,2026-08-10,5100.733333333334,,,5.715680721198062,35.70297527747599,5.39828986195437,0.3173908592436915,-0.4203798087408306,21.567056544828176,50.0,0.0094786949828,0.118483687285,-3.1598809669683074,-6.052313236110932,-3.861069739367718,-6.726155962616852,-2.069327713908745,-5.003182190899258,-5.330316663415993,-15.958760578549342,False,False
26,109,SIZE+RET40+DD120+DD60+ASSET_GROWTH,5,full,120,2021-09-07,2026-08-10,4880.208333333333,,,11.886067036570608,34.77720439895528,5.258313305122039,6.627753731448571,0.5616103174028809,34.23248510528788,66.66666666666666,train,73,2021-09-07,2024-08-28,4736.013698630137,,,11.649508651063773,33.75918357755931,5.104388556926969,6.545120094136804,0.0147873381576905,34.23248510528788,72.22222222222221,test,47,2024-09-11,2026-08-10,5104.170212765957,,,12.253487507676972,36.33672565726399,5.494112919378315,6.759374588298657,1.4200665020505043,22.66441044593736,58.333333333333336,recent,15,2026-01-09,2026-08-10,5142.933333333333,,,2.4915734300928505,34.448137674379865,5.208558416366235,-2.7169849862733844,-0.5300153378701089,22.664410445937374,50.0,0.0072903621422,0.0911295267775,-2.4831354367007403,-10.498209809740796,-2.738873968409461,-10.727662536656265,-2.0858773672633326,-10.139014413656277,-3.153486477707661,-15.29057085292487,False,False
27,61,SIZE+RET40+DD120+CHIP250+DD60,5,full,120,2021-09-07,2026-08-10,4743.85,,,12.76884544990946,37.3116097588913,5.641515395544365,7.127330054365095,0.5880289189383439,34.18575084988282,66.66666666666666,train,73,2021-09-07,2024-08-28,4540.671232876713,,,11.685156408135311,36.00570778571716,5.444063017200436,6.241093390934877,0.0241070814484829,34.18575084988282,69.44444444444444,test,47,2024-09-11,2026-08-10,5059.425531914893,,,14.452022046707604,39.31214044120063,5.943995634709535,8.50802641199807,1.4986582301573603,21.868352251898305,62.5,recent,15,2026-01-09,2026-08-10,5100.733333333334,,,2.296524576656907,36.82642715627532,5.568155786028828,-3.271631209371921,-0.5678134755694185,21.868352251898305,37.5,0.009032093759,0.1129011719875,-1.45044542525359,-9.998633486824271,-1.9455331459555008,-11.03168923985819,-1.204063152021989,-8.390362589956862,-2.042777009085903,-15.845217076023406,False,False
28,62,H03+RET40+DD120+CHIP250+DD60,5,full,120,2021-09-07,2026-08-10,4743.85,,,12.302322584246026,36.53240028088352,5.523698922469587,6.778623661776438,0.5819860219850477,36.28465390923391,68.33333333333333,train,73,2021-09-07,2024-08-28,4540.671232876713,,,10.636663188132152,34.817352370323945,5.2643836783929805,5.372279509739172,-0.0034624319180035,36.28465390923391,66.66666666666666,test,47,2024-09-11,2026-08-10,5059.425531914893,,,14.889410582465452,39.15970771833647,5.920947807012475,8.968462775452975,1.5310781661861734,20.86552697990604,70.83333333333334,recent,15,2026-01-09,2026-08-10,5100.733333333334,,,5.223743300507076,37.51990763114691,5.673010033829412,-0.4492667333223357,-0.4601153850055754,20.865526979906026,62.5,0.0101403128438,0.1267539105475,-1.245535442502728,-7.48784354817967,-1.9053100141571573,-8.053301210293277,-0.529279800380225,-6.604605251543472,-0.4753062282893343,-16.72541817111537,False,False
29,124,RET40+DD120+CHIP250+DD60+ASSET_GROWTH,5,full,120,2021-09-07,2026-08-10,4743.825,,,9.994609265140324,36.489277724243365,5.5171787919055975,4.477430473234726,0.5163752040252043,35.179997410806976,60.0,train,73,2021-09-07,2024-08-28,4540.671232876713,,,9.346299922685937,35.444777152630195,5.359250305477685,3.987049617208252,-0.0499763947806174,35.179997410806976,63.888888888888886,test,47,2024-09-11,2026-08-10,5059.36170212766,,,11.001557818314158,38.08936370628908,5.759111792390909,5.242446025923249,1.3573251490104867,22.075494579134848,54.16666666666666,recent,15,2026-01-09,2026-08-10,5100.733333333334,,,-2.210417503723414,35.96370092593922,5.43771158000201,-7.648129083725425,-0.7862759584979917,22.07549457913486,25.0,0.0070955013038,0.0886937662975,-1.281888264942772,1.8441057980947997,-2.093464469066868,0.4495773036786459,-1.0002471114229952,2.80964885248597,-1.3247333662336436,-3.37693458805741,False,False
