raw_formula,formula,signature,scale_signature,gp_fitness,distinct_fields,historical_exact_match,historical_scale_match,formula_length,full_net_excess,full_gross_excess,full_turnover,full_annual_cost,size_rank_corr,decision,used_fields,train_periods,train_net_excess,train_gross_excess,train_turnover,train_annual_cost,valid_periods,valid_net_excess,valid_gross_excess,valid_turnover,valid_annual_cost,test_periods,test_net_excess,test_gross_excess,test_turnover,test_annual_cost,duplicate_of
"Div(ratio_sp_ttm,TsMax(TsMax(TsMax(TsMax(TsMax(TsMax(TsMax(TsMax(TsMax(TsMax(TsMax(TsMax(current_liabilities,40),40),40),40),40),40),40),40),40),40),40),40))","(RATIO_SP_TTM/TS_MAX(TS_MAX(TS_MAX(TS_MAX(TS_MAX(TS_MAX(TS_MAX(TS_MAX(TS_MAX(TS_MAX(TS_MAX(TS_MAX(CURRENT_LIABILITIES,40),40),40),40),40),40),40),40),40),40),40),40))","DIV(RATIO_SP_TTM,MAX_TS(CURRENT_LIABILITIES,40))","DIV(RATIO_SP_TTM,MAX_TS(CURRENT_LIABILITIES,40))",0.13086661042155567,2,False,False,166,0.13086661042155567,0.14353802589954678,0.041902828961610794,0.012671415477991105,-0.7387732267379761,reject_size_exposure,"current_liabilities,ratio_sp_ttm",146.0,0.14537478516110003,0.1579132906378132,0.04146331176161766,0.01253850547671318,48.0,0.1836190868318081,0.19655645862221718,0.042782314121723175,0.012937371790409088,47.0,0.03178277427769722,0.04473647170878471,0.042836301028728485,0.012953697431087494,
"Div(ratio_sp_ttm,TsMed(TsWMA(TsMax(TsMax(TsMean(TsMax(current_liabilities,40),20),40),40),50),50))","(RATIO_SP_TTM/TS_MEDIAN(WMA(TS_MAX(TS_MAX(MA(TS_MAX(CURRENT_LIABILITIES,40),20),40),40),50),50))","DIV(RATIO_SP_TTM,MEDIAN(WMA(MAX_TS(MA(MAX_TS(CURRENT_LIABILITIES,40),20),40),50),50))","DIV(RATIO_SP_TTM,MEDIAN(WMA(MAX_TS(MA(MAX_TS(CURRENT_LIABILITIES,40),20),40),50),50))",0.12457297124929448,2,False,False,96,0.12457297124929448,0.1370271876639845,0.04118457809090614,0.012454216414690017,-0.7450740337371826,reject_size_exposure,"current_liabilities,ratio_sp_ttm",146.0,0.1407487329781872,0.1531495801390034,0.04100809246301651,0.012400847160816192,48.0,0.1598922265648842,0.1724225252866745,0.041436173021793365,0.012530298721790312,47.0,0.03802745243957702,0.050796416211635505,0.04222540929913521,0.012768963772058486,
"Div(ratio_sp_ttm,TsWMA(TsMax(TsMax(TsMax(current_liabilities,40),40),20),30))","(RATIO_SP_TTM/WMA(TS_MAX(TS_MAX(TS_MAX(CURRENT_LIABILITIES,40),40),20),30))","DIV(RATIO_SP_TTM,WMA(MAX_TS(MAX_TS(CURRENT_LIABILITIES,40),20),30))","DIV(RATIO_SP_TTM,WMA(MAX_TS(MAX_TS(CURRENT_LIABILITIES,40),20),30))",0.11608710382887437,2,False,False,75,0.11608710382887437,0.12868732950994088,0.04166741296648979,0.012600225681066514,-0.7485575079917908,reject_size_exposure,"current_liabilities,ratio_sp_ttm",146.0,0.13186055242092642,0.14438160347611936,0.04140559211373329,0.012521051055192947,48.0,0.15276140894293788,0.16498115211725237,0.04040920361876488,0.012219743174314497,47.0,0.029556071489795728,0.04286881247733502,0.04402361437678337,0.013312740987539292,
"Div(ratio_sp_ttm,TsMax(TsMax(TsSum(current_liabilities,40),40),40))","(RATIO_SP_TTM/TS_MAX(TS_MAX(SUM(CURRENT_LIABILITIES,40),40),40))","DIV(RATIO_SP_TTM,MAX_TS(SUM(CURRENT_LIABILITIES,40),40))","DIV(RATIO_SP_TTM,MAX_TS(SUM(CURRENT_LIABILITIES,40),40))",0.11321934363767816,2,False,False,64,0.11321934363767816,0.1255196143977375,0.04067549854516983,0.012300270760059356,-0.7470560073852539,reject_size_exposure,"current_liabilities,ratio_sp_ttm",146.0,0.12742036603689194,0.13973225355148317,0.04071391373872757,0.012311887514591216,48.0,0.15429611229300502,0.16616546139121058,0.03925049304962158,0.011869349098205566,47.0,0.027134176702448665,0.039859053809592065,0.0420796200633049,0.0127248771071434,
"Div(ratio_sp_ttm,TsMax(Greater(current_liabilities,TsStd(Greater(TsMax(ratio_pcf_ocf_ttm,40),Ref(Constant(-0.01),50)),50)),40))","(RATIO_SP_TTM/TS_MAX(MAX(CURRENT_LIABILITIES,STDDEV(MAX(TS_MAX(RATIO_PCF_OCF_TTM,40),REF((-0.01),50)),50)),40))","DIV(RATIO_SP_TTM,MAX_TS(MAX(STD(MAX(MAX_TS(RATIO_PCF_OCF_TTM,40),REF(MUL(-1,0.01),50)),50),CURRENT_LIABILITIES),40))","DIV(RATIO_SP_TTM,MAX_TS(MAX(STD(MAX(MAX_TS(RATIO_PCF_OCF_TTM,40),REF(MUL(-1,0.01),50)),50),CURRENT_LIABILITIES),40))",0.11199197631216148,3,False,False,111,0.11199197631216148,0.12592754522299865,0.0460832305252552,0.013935568910837172,-0.7626488208770752,reject_size_exposure,"current_liabilities,ratio_pcf_ocf_ttm,ratio_sp_ttm",146.0,0.13000137646083965,0.14436896990423334,0.047511883080005646,0.014367593443393709,48.0,0.1513746916651726,0.16510406881570816,0.045401379466056824,0.013729377150535583,47.0,0.015668625361234582,0.02863132487586204,0.042866069823503494,0.012962699514627455,
"Div(ratio_sp_ttm,TsMax(TsMax(TsMax(TsMax(TsMax(TsStd(Abs(current_liabilities),50),40),40),40),40),40))","(RATIO_SP_TTM/TS_MAX(TS_MAX(TS_MAX(TS_MAX(TS_MAX(STDDEV(ABS(CURRENT_LIABILITIES),50),40),40),40),40),40))","DIV(RATIO_SP_TTM,MAX_TS(STD(ABS(CURRENT_LIABILITIES),50),40))","DIV(RATIO_SP_TTM,MAX_TS(STD(ABS(CURRENT_LIABILITIES),50),40))",0.11133063264691978,2,False,False,105,0.11133063264691978,0.12829914330446868,0.05611279979348183,0.016968510657548903,-0.6779401302337646,reject_size_exposure,"current_liabilities,ratio_sp_ttm",146.0,0.13260951852463698,0.14975325832628225,0.05669226124882698,0.017143739801645276,48.0,0.1517477184355259,0.16889164298772813,0.05669287219643593,0.017143924552202223,47.0,0.0042695521744007744,0.020198277685236424,0.05267435684800148,0.01592872551083565,
"Div(ratio_sp_ttm,TsMed(TsMax(TsMax(current_liabilities,40),40),20))","(RATIO_SP_TTM/TS_MEDIAN(TS_MAX(TS_MAX(CURRENT_LIABILITIES,40),40),20))","DIV(RATIO_SP_TTM,MEDIAN(MAX_TS(CURRENT_LIABILITIES,40),20))","DIV(RATIO_SP_TTM,MEDIAN(MAX_TS(CURRENT_LIABILITIES,40),20))",0.11056975519095714,2,False,False,70,0.11056975519095714,0.12457416621481235,0.04631088301539421,0.014004411023855207,-0.7477687001228333,reject_size_exposure,"current_liabilities,ratio_sp_ttm",146.0,0.1257805938012796,0.13986785869075827,0.04658487066626549,0.014087264889478684,48.0,0.1453257612884045,0.15870834812521936,0.04425458610057831,0.013382586836814881,47.0,0.02806082078066278,0.04220565912571359,0.04677525907754898,0.01414483834505081,
"Div(ratio_sp_ttm,TsMax(TsMed(TsEMA(current_liabilities,40),20),40))","(RATIO_SP_TTM/TS_MAX(TS_MEDIAN(EMA(CURRENT_LIABILITIES,40),20),40))","DIV(RATIO_SP_TTM,MAX_TS(MEDIAN(EMA(CURRENT_LIABILITIES,40),20),40))","DIV(RATIO_SP_TTM,MAX_TS(MEDIAN(EMA(CURRENT_LIABILITIES,40),20),40))",0.10936927162213445,2,False,False,67,0.10936927162213445,0.12210571479005933,0.04211786761879921,0.012736443167924882,-0.7457683086395264,reject_size_exposure,"current_liabilities,ratio_sp_ttm",146.0,0.12117991150250174,0.1340021262430165,0.0424015037715435,0.012822214740514754,48.0,0.1531288098335266,0.16551531404256822,0.04096066206693649,0.012386504209041596,47.0,0.027822211529473038,0.04081769300268051,0.042974475771188736,0.012995481473207473,
"Div(ratio_sp_ttm,TsMax(TsMax(TsMax(TsMax(TsMad(oper_main_profit_ttm,50),40),40),40),40))","(RATIO_SP_TTM/TS_MAX(TS_MAX(TS_MAX(TS_MAX(TS_MAD(OPER_MAIN_PROFIT_TTM,50),40),40),40),40))","DIV(RATIO_SP_TTM,MAX_TS(MAD(OPER_MAIN_PROFIT_TTM,50),40))","DIV(RATIO_SP_TTM,MAX_TS(MAD(OPER_MAIN_PROFIT_TTM,50),40))",0.10769646898208812,2,False,False,90,0.10769646898208812,0.12337277341185764,0.05183963105082512,0.015676304429769517,-0.6687180399894714,reject_size_exposure,"oper_main_profit_ttm,ratio_sp_ttm",146.0,0.1282088704418646,0.14383438874597418,0.05167168751358986,0.015625518304109572,48.0,0.14292926906347278,0.15842817127704623,0.05125298351049423,0.015498902213573454,47.0,0.008489059246727762,0.024009934384772117,0.05132564529776573,0.015520875138044355,
"Div(ratio_sp_ttm,TsMed(TsMax(current_liabilities,40),50))","(RATIO_SP_TTM/TS_MEDIAN(TS_MAX(CURRENT_LIABILITIES,40),50))","DIV(RATIO_SP_TTM,MEDIAN(MAX_TS(CURRENT_LIABILITIES,40),50))","DIV(RATIO_SP_TTM,MEDIAN(MAX_TS(CURRENT_LIABILITIES,40),50))",0.10758083972228515,2,False,False,59,0.10758083972228515,0.1220067174602841,0.04770462214946747,0.014425877737998962,-0.7451730966567993,reject_size_exposure,"current_liabilities,ratio_sp_ttm",146.0,0.12148789851518527,0.13598457852455034,0.0479387566447258,0.014496680009365081,48.0,0.14488261241912842,0.15913331508636475,0.04712533950805664,0.014250702667236327,47.0,0.02591073864432092,0.0406695785674643,0.048805687576532364,0.014758839923143386,
"Div(ratio_sp_ttm,current_liabilities)",(RATIO_SP_TTM/CURRENT_LIABILITIES),"DIV(RATIO_SP_TTM,CURRENT_LIABILITIES)","DIV(RATIO_SP_TTM,CURRENT_LIABILITIES)",0.10572133315727424,2,False,False,34,0.10572133315727424,0.11906085508987617,0.044112175703048706,0.013339521932601928,-0.7454139590263367,reject_size_exposure,"current_liabilities,ratio_sp_ttm",146.0,0.11822617107882893,0.13171416374102032,0.044603150337934494,0.013487992662191391,48.0,0.1527857519567013,0.16641481518745424,0.045069653540849686,0.013629063230752943,47.0,0.018619360612301114,0.031393433187870266,0.04224230349063873,0.012774072575569152,
"Div(Div(ratio_sp_ttm,TsMax(Constant(0.01),30)),current_liabilities)","((RATIO_SP_TTM/TS_MAX(0.01,30))/CURRENT_LIABILITIES)","DIV(DIV(RATIO_SP_TTM,MAX_TS(0.01,30)),CURRENT_LIABILITIES)","DIV(RATIO_SP_TTM,CURRENT_LIABILITIES)",0.10572133315727424,2,False,False,52,0.10572133315727424,0.11906085508987617,0.044112175703048706,0.013339521932601928,-0.7454139590263367,reject_size_exposure,"current_liabilities,ratio_sp_ttm",146.0,0.11822617107882893,0.13171416374102032,0.044603150337934494,0.013487992662191391,48.0,0.1527857519567013,0.16641481518745424,0.045069653540849686,0.013629063230752943,47.0,0.018619360612301114,0.031393433187870266,0.04224230349063873,0.012774072575569152,
"Div(ratio_sp_ttm,Abs(current_liabilities))",(RATIO_SP_TTM/ABS(CURRENT_LIABILITIES)),"DIV(RATIO_SP_TTM,ABS(CURRENT_LIABILITIES))","DIV(RATIO_SP_TTM,ABS(CURRENT_LIABILITIES))",0.10572133315727424,2,False,False,39,0.10572133315727424,0.11906085508987617,0.044112175703048706,0.013339521932601928,-0.7454139590263367,reject_size_exposure,"current_liabilities,ratio_sp_ttm",146.0,0.11822617107882893,0.13171416374102032,0.044603150337934494,0.013487992662191391,48.0,0.1527857519567013,0.16641481518745424,0.045069653540849686,0.013629063230752943,47.0,0.018619360612301114,0.031393433187870266,0.04224230349063873,0.012774072575569152,
"Div(Div(ratio_sp_ttm,oper_roe_lyr),current_liabilities)",((RATIO_SP_TTM/OPER_ROE_LYR)/CURRENT_LIABILITIES),"DIV(DIV(RATIO_SP_TTM,OPER_ROE_LYR),CURRENT_LIABILITIES)","DIV(RATIO_SP_TTM,MUL(CURRENT_LIABILITIES,OPER_ROE_LYR))",0.09363523001631266,3,False,False,49,0.09363523001631266,0.10423997507055766,0.03506860136985779,0.010604745054244994,-0.2994498014450073,eligible_local_screen,"current_liabilities,oper_roe_lyr,ratio_sp_ttm",146.0,0.11182737763205619,0.12231180275956245,0.034670718014240265,0.010484425127506256,48.0,0.12400123541951179,0.1347739040851593,0.035623904317617416,0.010772668665647507,47.0,0.005921046974430693,0.01691837006426872,0.03636680915951729,0.010997323089838027,
"Div(TsSum(Div(ratio_sp_ttm,oper_roe_lyr),10),current_liabilities)","(SUM((RATIO_SP_TTM/OPER_ROE_LYR),10)/CURRENT_LIABILITIES)","DIV(SUM(DIV(RATIO_SP_TTM,OPER_ROE_LYR),10),CURRENT_LIABILITIES)","DIV(SUM(DIV(RATIO_SP_TTM,OPER_ROE_LYR),10),CURRENT_LIABILITIES)",0.09021735794523199,3,False,False,57,0.09021735794523199,0.09909615259447534,0.029361093416810036,0.008878794649243354,-0.3046855032444,reject_nonpositive_valid_or_test_net,"current_liabilities,oper_roe_lyr,ratio_sp_ttm",146.0,0.10796624626754081,0.1167756439888314,0.029131606221199036,0.008809397721290588,48.0,0.12487040812075138,0.13405536711215973,0.03037354163825512,0.009184958991408348,47.0,-0.0004058666851926365,0.008473883822877356,0.02936425432562828,0.008879750508069993,
"Div(Div(ratio_sp_ttm,TsMax(TsMax(TsMax(TsMax(TsMax(TsMax(current_liabilities,40),40),40),40),40),40)),TsMax(TsMax(TsMax(TsMax(TsMax(TsMax(current_liabilities,40),40),40),40),40),40))","((RATIO_SP_TTM/TS_MAX(TS_MAX(TS_MAX(TS_MAX(TS_MAX(TS_MAX(CURRENT_LIABILITIES,40),40),40),40),40),40))/TS_MAX(TS_MAX(TS_MAX(TS_MAX(TS_MAX(TS_MAX(CURRENT_LIABILITIES,40),40),40),40),40),40))","DIV(DIV(RATIO_SP_TTM,MAX_TS(CURRENT_LIABILITIES,40)),MAX_TS(CURRENT_LIABILITIES,40))","DIV(RATIO_SP_TTM,MUL(MAX_TS(CURRENT_LIABILITIES,40),MAX_TS(CURRENT_LIABILITIES,40)))",0.08673299140141218,2,False,False,188,0.08673299140141218,0.09457646702335089,0.02593741938471794,0.007843475621938706,-0.702475905418396,reject_size_exposure,"current_liabilities,ratio_sp_ttm",146.0,0.07819255963053605,0.08620327449824712,0.026490459218621254,0.008010714867711067,48.0,0.15597567616403105,0.1637577272951603,0.025734296068549156,0.007782051131129265,47.0,0.042398491636679525,0.04993357182817256,0.024917593225836754,0.0075350801914930345,
"Div(book_to_market_ratio_lyr,current_liabilities)",(BOOK_TO_MARKET_RATIO_LYR/CURRENT_LIABILITIES),"DIV(BOOK_TO_MARKET_RATIO_LYR,CURRENT_LIABILITIES)","DIV(BOOK_TO_MARKET_RATIO_LYR,CURRENT_LIABILITIES)",0.0856757593044107,2,False,False,46,0.0856757593044107,0.09582391814077544,0.03355872631072998,0.010148158836364747,-0.6488964557647705,reject_size_exposure,"book_to_market_ratio_lyr,current_liabilities",146.0,0.08226273138147512,0.09255753935199895,0.034043677151203156,0.010294807970523834,48.0,0.1519203211426735,0.16245331764221194,0.03483133763074875,0.010532996499538422,47.0,0.02843787850712208,0.037923543250307126,0.031367938965559006,0.009485664743185044,
"Div(Abs(Mul(book_to_market_ratio_lyr,Constant(10.0))),current_liabilities)",(ABS((BOOK_TO_MARKET_RATIO_LYR*10))/CURRENT_LIABILITIES),"DIV(ABS(MUL(10,BOOK_TO_MARKET_RATIO_LYR)),CURRENT_LIABILITIES)","DIV(ABS(MUL(10,BOOK_TO_MARKET_RATIO_LYR)),CURRENT_LIABILITIES)",0.08450315189314582,2,False,False,56,0.08450315189314582,0.09469276582551696,0.03369581326842308,0.010189613932371139,-0.6575449705123901,reject_size_exposure,"book_to_market_ratio_lyr,current_liabilities",146.0,0.08087073799624835,0.09120948167696391,0.03418896719813347,0.010338743680715561,48.0,0.1518013109922409,0.16234704852104187,0.03487347066402435,0.010545737528800964,47.0,0.026869022014420083,0.0364194688644815,0.03158216550946236,0.009550446850061416,
"Div(ratio_sp_ttm,TsMax(TsMax(TsMax(TsMax(TsMax(TsWMA(TsMed(oper_main_profit_ttm,10),30),40),40),40),40),40))","(RATIO_SP_TTM/TS_MAX(TS_MAX(TS_MAX(TS_MAX(TS_MAX(WMA(TS_MEDIAN(OPER_MAIN_PROFIT_TTM,10),30),40),40),40),40),40))","DIV(RATIO_SP_TTM,MAX_TS(WMA(MEDIAN(OPER_MAIN_PROFIT_TTM,10),30),40))","DIV(RATIO_SP_TTM,MAX_TS(WMA(MEDIAN(OPER_MAIN_PROFIT_TTM,10),30),40))",0.0843520903927162,2,False,False,112,0.0843520903927162,0.09823144669354704,0.04589734226465225,0.013879356300830842,-0.35372844338417053,eligible_local_screen,"oper_main_profit_ttm,ratio_sp_ttm",146.0,0.10368980077954189,0.11752454320045368,0.045749809592962265,0.013834742420911789,48.0,0.10725363523364068,0.12112509682774544,0.04587123543024063,0.013871461594104767,47.0,0.0012714703506611757,0.01491898498002519,0.04513067007064819,0.013647514629364014,
"Div(ratio_sp_ttm,TsMax(TsMax(TsMax(TsMax(TsMax(TsSum(oper_main_profit_ttm,10),40),40),40),40),40))","(RATIO_SP_TTM/TS_MAX(TS_MAX(TS_MAX(TS_MAX(TS_MAX(SUM(OPER_MAIN_PROFIT_TTM,10),40),40),40),40),40))","DIV(RATIO_SP_TTM,MAX_TS(SUM(OPER_MAIN_PROFIT_TTM,10),40))","DIV(RATIO_SP_TTM,MAX_TS(SUM(OPER_MAIN_PROFIT_TTM,10),40))",0.08410313870248953,2,False,False,98,0.08410313870248953,0.09719163194236914,0.043282054364681244,0.013088493239879607,-0.35658207535743713,reject_nonpositive_valid_or_test_net,"oper_main_profit_ttm,ratio_sp_ttm",146.0,0.10449473805109116,0.11755860652009102,0.043200623244047165,0.013063868468999864,48.0,0.10605561498999597,0.1194520153105259,0.04430026561021805,0.013396400320529937,47.0,-0.0014535656736252168,0.011190030200684323,0.04181083291769028,0.01264359587430954,
"Div(Div(TsSum(book_to_market_ratio_lyr,10),oper_roe_lyr),current_liabilities)","((SUM(BOOK_TO_MARKET_RATIO_LYR,10)/OPER_ROE_LYR)/CURRENT_LIABILITIES)","DIV(DIV(SUM(BOOK_TO_MARKET_RATIO_LYR,10),OPER_ROE_LYR),CURRENT_LIABILITIES)","DIV(SUM(BOOK_TO_MARKET_RATIO_LYR,10),MUL(CURRENT_LIABILITIES,OPER_ROE_LYR))",0.08144590770507007,3,False,False,69,0.08144590770507007,0.08921163319552093,0.025680309161543846,0.007765725490450859,-0.27113452553749084,eligible_local_screen,"book_to_market_ratio_lyr,current_liabilities,oper_roe_lyr",146.0,0.09363246463231029,0.10149601779571951,0.02600381337106228,0.007863553163409233,48.0,0.10016463232040407,0.10793304964900018,0.02568921074271202,0.007768417328596115,47.0,0.024283926415633643,0.031931909474920715,0.025290949270129204,0.0076479830592870715,
"Div(TsSum(book_to_market_ratio_lyr,10),current_liabilities)","(SUM(BOOK_TO_MARKET_RATIO_LYR,10)/CURRENT_LIABILITIES)","DIV(SUM(BOOK_TO_MARKET_RATIO_LYR,10),CURRENT_LIABILITIES)","DIV(SUM(BOOK_TO_MARKET_RATIO_LYR,10),CURRENT_LIABILITIES)",0.08061335523033292,2,False,False,54,0.08061335523033292,0.088765528192164,0.026958243921399117,0.008152172961831093,-0.6503480672836304,reject_size_exposure,"book_to_market_ratio_lyr,current_liabilities",146.0,0.0755390113982844,0.08384485514196631,0.027466414496302605,0.008305843743681908,48.0,0.14392196478545669,0.1523927986621857,0.028012016788125038,0.008470833876729011,47.0,0.031661641708967535,0.03907000498568758,0.024498555809259415,0.0074083632767200465,
"Div(book_to_market_ratio_lyr,TsMax(current_liabilities,40))","(BOOK_TO_MARKET_RATIO_LYR/TS_MAX(CURRENT_LIABILITIES,40))","DIV(BOOK_TO_MARKET_RATIO_LYR,MAX_TS(CURRENT_LIABILITIES,40))","DIV(BOOK_TO_MARKET_RATIO_LYR,MAX_TS(CURRENT_LIABILITIES,40))",0.08038854773314168,2,False,False,57,0.08038854773314168,0.09066645891339947,0.033987801522016525,0.010277911180257797,-0.6505062580108643,reject_size_exposure,"book_to_market_ratio_lyr,current_liabilities",146.0,0.07850653472224327,0.08892302121201606,0.034446053206920624,0.010416486489772798,48.0,0.14752776124477388,0.1580925911664963,0.034936606884002686,0.010564829921722411,47.0,0.01750089192593351,0.02722146136963621,0.03214474022388458,0.009720569443702698,
"Div(Div(book_to_market_ratio_lf,oper_roe_lyr),current_liabilities)",((BOOK_TO_MARKET_RATIO_LF/OPER_ROE_LYR)/CURRENT_LIABILITIES),"DIV(DIV(BOOK_TO_MARKET_RATIO_LF,OPER_ROE_LYR),CURRENT_LIABILITIES)","DIV(BOOK_TO_MARKET_RATIO_LF,MUL(CURRENT_LIABILITIES,OPER_ROE_LYR))",0.07935857645087717,3,False,False,60,0.07935857645087717,0.08876835152321337,0.03111698105931282,0.009409775072336196,-0.27132201194763184,eligible_local_screen,"book_to_market_ratio_lf,current_liabilities,oper_roe_lyr",146.0,0.09064079185503804,0.10018235265392147,0.03155278041958809,0.009541560798883438,48.0,0.10964367502033712,0.11903748437762261,0.03106418438255787,0.0093938093572855,47.0,0.013187681646549954,0.022398981673920407,0.030460648238658905,0.009211300027370454,
"Div(ratio_sp_ttm,TsMax(TsMax(TsMax(TsMax(TsSum(oper_main_profit_ttm,50),40),40),40),40))","(RATIO_SP_TTM/TS_MAX(TS_MAX(TS_MAX(TS_MAX(SUM(OPER_MAIN_PROFIT_TTM,50),40),40),40),40))","DIV(RATIO_SP_TTM,MAX_TS(SUM(OPER_MAIN_PROFIT_TTM,50),40))","DIV(RATIO_SP_TTM,MAX_TS(SUM(OPER_MAIN_PROFIT_TTM,50),40))",0.07914725433501466,2,False,False,87,0.07914725433501466,0.0938487269571708,0.04861598089337349,0.014701472622156143,-0.3237926959991455,reject_nonpositive_valid_or_test_net,"oper_main_profit_ttm,ratio_sp_ttm",146.0,0.10147135013962447,0.11602674477720915,0.048132918775081635,0.014555394637584686,48.0,0.0961012623667717,0.11112577021121979,0.04968421906232834,0.015024507844448089,47.0,-0.00782389687261683,0.0073107628587712635,0.050048477947711945,0.015134659731388092,
"Div(ratio_sp_ttm,TsMax(TsMax(TsMax(oper_main_profit_ttm,40),40),40))","(RATIO_SP_TTM/TS_MAX(TS_MAX(TS_MAX(OPER_MAIN_PROFIT_TTM,40),40),40))","DIV(RATIO_SP_TTM,MAX_TS(OPER_MAIN_PROFIT_TTM,40))","DIV(RATIO_SP_TTM,MAX_TS(OPER_MAIN_PROFIT_TTM,40))",0.07869564026643626,2,False,False,68,0.07869564026643626,0.09275253284026973,0.046484433114528656,0.014056892573833467,-0.2952401638031006,reject_nonpositive_valid_or_test_net,"oper_main_profit_ttm,ratio_sp_ttm",146.0,0.10187485387439597,0.11594831992502082,0.04653923958539963,0.014073466050624846,48.0,0.08766224376261235,0.10221769697964192,0.048133112490177155,0.014555453217029573,47.0,-0.0028814925335823235,0.011030934116941817,0.0460067018866539,0.01391242665052414,
"Div(ratio_sp_ttm,TsMax(TsMax(TsVar(oper_main_profit_ttm,50),40),40))","(RATIO_SP_TTM/TS_MAX(TS_MAX(VAR(OPER_MAIN_PROFIT_TTM,50),40),40))","DIV(RATIO_SP_TTM,MAX_TS(VAR(OPER_MAIN_PROFIT_TTM,50),40))","DIV(RATIO_SP_TTM,MAX_TS(VAR(OPER_MAIN_PROFIT_TTM,50),40))",0.07827178751502294,2,False,False,65,0.07827178751502294,0.09698711806807775,0.061889320611953735,0.01871533055305481,-0.7145185470581055,reject_nonpositive_valid_or_test_net,"oper_main_profit_ttm,ratio_sp_ttm",146.0,0.09523279082105585,0.11416265507266947,0.06259875744581223,0.018929864251613616,48.0,0.10818485940098764,0.12612501829862596,0.05932592228055,0.01794015889763832,47.0,-0.004772761630251051,0.01387543575243747,0.061667319387197495,0.01864819738268852,
"Div(Div(book_to_market_ratio_lf,Constant(5.0)),current_liabilities)",((BOOK_TO_MARKET_RATIO_LF/5)/CURRENT_LIABILITIES),"DIV(DIV(BOOK_TO_MARKET_RATIO_LF,5),CURRENT_LIABILITIES)","DIV(BOOK_TO_MARKET_RATIO_LF,CURRENT_LIABILITIES)",0.07788785883668052,2,False,False,49,0.07788785883668052,0.08788609484913933,0.033062949776649475,0.009998236012458802,-0.6371233463287354,reject_size_exposure,"book_to_market_ratio_lf,current_liabilities",146.0,0.06951008917093277,0.07967743277549744,0.03362216800451279,0.010167343604564668,48.0,0.15184310742616655,0.16225748956203462,0.0344390943646431,0.010414382135868072,47.0,0.028205132497498335,0.03743157418484384,0.03051071986556053,0.009226441687345504,
"Div(ratio_bm_ttm,current_liabilities)",(RATIO_BM_TTM/CURRENT_LIABILITIES),"DIV(RATIO_BM_TTM,CURRENT_LIABILITIES)","DIV(RATIO_BM_TTM,CURRENT_LIABILITIES)",0.07788785883668052,2,False,False,34,0.07788785883668052,0.08788609484913933,0.033062949776649475,0.009998236012458802,-0.6371233463287354,reject_size_exposure,"current_liabilities,ratio_bm_ttm",146.0,0.06951008917093277,0.07967743277549744,0.03362216800451279,0.010167343604564668,48.0,0.15184310742616655,0.16225748956203462,0.0344390943646431,0.010414382135868072,47.0,0.028205132497498335,0.03743157418484384,0.03051071986556053,0.009226441687345504,
"Div(book_to_market_ratio_lf,current_liabilities)",(BOOK_TO_MARKET_RATIO_LF/CURRENT_LIABILITIES),"DIV(BOOK_TO_MARKET_RATIO_LF,CURRENT_LIABILITIES)","DIV(BOOK_TO_MARKET_RATIO_LF,CURRENT_LIABILITIES)",0.07788785883668052,2,False,False,45,0.07788785883668052,0.08788609484913933,0.033062949776649475,0.009998236012458802,-0.6371233463287354,reject_size_exposure,"book_to_market_ratio_lf,current_liabilities",146.0,0.06951008917093277,0.07967743277549744,0.03362216800451279,0.010167343604564668,48.0,0.15184310742616655,0.16225748956203462,0.0344390943646431,0.010414382135868072,47.0,0.028205132497498335,0.03743157418484384,0.03051071986556053,0.009226441687345504,
"Div(Div(ratio_ep_ttm,oper_roe_lyr),current_liabilities)",((RATIO_EP_TTM/OPER_ROE_LYR)/CURRENT_LIABILITIES),"DIV(DIV(RATIO_EP_TTM,OPER_ROE_LYR),CURRENT_LIABILITIES)","DIV(RATIO_EP_TTM,MUL(CURRENT_LIABILITIES,OPER_ROE_LYR))",0.07750044349718886,3,False,False,49,0.07750044349718886,0.08979138210106688,0.04064463824033737,0.01229093860387802,-0.5248139500617981,reject_size_exposure,"current_liabilities,oper_roe_lyr,ratio_ep_ttm",146.0,0.07378595578311241,0.08624899403689659,0.0412137508392334,0.012463038253784179,48.0,0.14824666095972064,0.16003608629107477,0.038986194878816605,0.011789425331354141,47.0,0.01652407118957093,0.029056051817346124,0.04144173488020897,0.012531980627775193,
"Div(Div(Div(ratio_ep_ttm,oper_roe_lyr),oper_roe_lyr),current_liabilities)",(((RATIO_EP_TTM/OPER_ROE_LYR)/OPER_ROE_LYR)/CURRENT_LIABILITIES),"DIV(DIV(DIV(RATIO_EP_TTM,OPER_ROE_LYR),OPER_ROE_LYR),CURRENT_LIABILITIES)","DIV(RATIO_EP_TTM,MUL(CURRENT_LIABILITIES,OPER_ROE_LYR,OPER_ROE_LYR))",0.07593184921931924,3,False,False,64,0.07593184921931924,0.08728558542322816,0.037545423954725266,0.01135373620390892,-0.16967548429965973,eligible_local_screen,"current_liabilities,oper_roe_lyr,ratio_ep_ttm",146.0,0.08164050750340501,0.09346250638569871,0.03909391164779663,0.011821998882293702,48.0,0.1208450256228447,0.13194941729307175,0.036720871925354004,0.01110439167022705,47.0,0.012002387899160385,0.022483617067337036,0.03466014936566353,0.010481229168176651,
"Div(Div(Div(ratio_sp_ttm,current_liabilities),oper_roe_lyr),current_liabilities)",(((RATIO_SP_TTM/CURRENT_LIABILITIES)/OPER_ROE_LYR)/CURRENT_LIABILITIES),"DIV(DIV(DIV(RATIO_SP_TTM,CURRENT_LIABILITIES),OPER_ROE_LYR),CURRENT_LIABILITIES)","DIV(RATIO_SP_TTM,MUL(CURRENT_LIABILITIES,CURRENT_LIABILITIES,OPER_ROE_LYR))",0.07543411653587184,3,False,False,71,0.07543411653587184,0.08357005059966408,0.026904543861746788,0.008135934063792228,-0.2966262996196747,eligible_local_screen,"current_liabilities,oper_roe_lyr,ratio_sp_ttm",146.0,0.07956586159471779,0.08790653307143956,0.027581585571169853,0.008340671476721764,48.0,0.1329886958152056,0.14123541712760926,0.027270903810858727,0.00824672131240368,47.0,0.003646923139184079,0.011206922125309072,0.02499999664723873,0.0075599989861249925,
"Div(Div(Div(ratio_sp_ttm,oper_roe_lyr),current_liabilities),current_liabilities)",(((RATIO_SP_TTM/OPER_ROE_LYR)/CURRENT_LIABILITIES)/CURRENT_LIABILITIES),"DIV(DIV(DIV(RATIO_SP_TTM,OPER_ROE_LYR),CURRENT_LIABILITIES),CURRENT_LIABILITIES)","DIV(RATIO_SP_TTM,MUL(CURRENT_LIABILITIES,CURRENT_LIABILITIES,OPER_ROE_LYR))",0.07543411653587184,3,False,False,71,0.07543411653587184,0.08357005059966408,0.026904543861746788,0.008135934063792228,-0.2966262996196747,reject_scale_invariant_batch_duplicate,"current_liabilities,oper_roe_lyr,ratio_sp_ttm",146.0,0.07956586159471779,0.08790653307143956,0.027581585571169853,0.008340671476721764,48.0,0.1329886958152056,0.14123541712760926,0.027270903810858727,0.00824672131240368,47.0,0.003646923139184079,0.011206922125309072,0.02499999664723873,0.0075599989861249925,(((RATIO_SP_TTM/CURRENT_LIABILITIES)/OPER_ROE_LYR)/CURRENT_LIABILITIES)
"Div(Div(ratio_ep_ttm,oper_roe_lyr),oper_main_profit_ttm)",((RATIO_EP_TTM/OPER_ROE_LYR)/OPER_MAIN_PROFIT_TTM),"DIV(DIV(RATIO_EP_TTM,OPER_ROE_LYR),OPER_MAIN_PROFIT_TTM)","DIV(RATIO_EP_TTM,MUL(OPER_MAIN_PROFIT_TTM,OPER_ROE_LYR))",0.07526509758342848,3,False,False,50,0.07526509758342848,0.09452703068365201,0.06369686871767044,0.01926193310022354,-0.22619430720806122,reject_nonpositive_valid_or_test_net,"oper_main_profit_ttm,oper_roe_lyr,ratio_ep_ttm",146.0,0.09773014364552826,0.11789283033919662,0.06667555123567581,0.020162686693668365,48.0,0.09130290700793267,0.11004674434661865,0.061983589082956314,0.01874383733868599,47.0,-0.01150154475087815,0.00609389213805503,0.058185968548059464,0.01759543688893318,
"Div(TsMean(ratio_bm_ttm,50),TsMax(TsMax(TsMax(TsMax(TsMax(TsMax(current_liabilities,40),40),40),40),40),40))","(MA(RATIO_BM_TTM,50)/TS_MAX(TS_MAX(TS_MAX(TS_MAX(TS_MAX(TS_MAX(CURRENT_LIABILITIES,40),40),40),40),40),40))","DIV(MA(RATIO_BM_TTM,50),MAX_TS(CURRENT_LIABILITIES,40))","DIV(MA(RATIO_BM_TTM,50),MAX_TS(CURRENT_LIABILITIES,40))",0.07417843575979666,2,False,False,107,0.07417843575979666,0.07921562026645139,0.016657356172800064,0.005037184506654739,-0.6511008739471436,reject_size_exposure,"current_liabilities,ratio_bm_ttm",146.0,0.065487204900139,0.07062088496064486,0.016976455226540565,0.0051336800605058675,48.0,0.13332148582935333,0.1384485751390457,0.016954660415649414,0.0051270893096923825,47.0,0.04068105786563234,0.04542088128150778,0.01567401923239231,0.0047398234158754346,
"Div(ratio_sp_ttm,TsMax(TsMax(TsEMA(oper_main_profit_ttm,30),40),40))","(RATIO_SP_TTM/TS_MAX(TS_MAX(EMA(OPER_MAIN_PROFIT_TTM,30),40),40))","DIV(RATIO_SP_TTM,MAX_TS(EMA(OPER_MAIN_PROFIT_TTM,30),40))","DIV(RATIO_SP_TTM,MAX_TS(EMA(OPER_MAIN_PROFIT_TTM,30),40))",0.07291203714928193,2,False,False,65,0.07291203714928193,0.0910542275401072,0.05999401584267616,0.01814219039082527,-0.25674766302108765,reject_nonpositive_valid_or_test_net,"oper_main_profit_ttm,ratio_sp_ttm",146.0,0.10286264428545351,0.12100038038541193,0.059979286044836044,0.018137736099958418,48.0,0.0668095437169075,0.08429891914129257,0.05783523619174957,0.01748937542438507,47.0,-0.01214310698306307,0.004929072394015941,0.056455619633197784,0.01707217937707901,
"Div(Div(Div(ratio_ep_ttm,oper_roe_lyr),oper_roe_lyr),oper_main_profit_ttm)",(((RATIO_EP_TTM/OPER_ROE_LYR)/OPER_ROE_LYR)/OPER_MAIN_PROFIT_TTM),"DIV(DIV(DIV(RATIO_EP_TTM,OPER_ROE_LYR),OPER_ROE_LYR),OPER_MAIN_PROFIT_TTM)","DIV(RATIO_EP_TTM,MUL(OPER_MAIN_PROFIT_TTM,OPER_ROE_LYR,OPER_ROE_LYR))",0.07264982552896893,3,False,False,65,0.07264982552896893,0.08791521317731296,0.05048077926039696,0.01526538764834404,-0.35834676027297974,reject_nonpositive_valid_or_test_net,"oper_main_profit_ttm,oper_roe_lyr,ratio_ep_ttm",146.0,0.09609924875236538,0.11199547281003978,0.052566878497600555,0.015896224057674407,48.0,0.09163117244839669,0.10675801858305932,0.05002263933420181,0.01512684613466263,47.0,-0.020045014458767912,-0.006131089526288052,0.046011656522750854,0.013913924932479858,
"Div(Div(Div(ratio_ep_ttm,oper_roe_lyr),oper_main_profit_ttm),oper_roe_lyr)",(((RATIO_EP_TTM/OPER_ROE_LYR)/OPER_MAIN_PROFIT_TTM)/OPER_ROE_LYR),"DIV(DIV(DIV(RATIO_EP_TTM,OPER_ROE_LYR),OPER_MAIN_PROFIT_TTM),OPER_ROE_LYR)","DIV(RATIO_EP_TTM,MUL(OPER_MAIN_PROFIT_TTM,OPER_ROE_LYR,OPER_ROE_LYR))",0.07264982552896893,3,False,False,65,0.07264982552896893,0.08791521317731296,0.05048077926039696,0.01526538764834404,-0.35834673047065735,reject_nonpositive_valid_or_test_net,"oper_main_profit_ttm,oper_roe_lyr,ratio_ep_ttm",146.0,0.09609924875236538,0.11199547281003978,0.052566878497600555,0.015896224057674407,48.0,0.09163117244839669,0.10675801858305932,0.05002263933420181,0.01512684613466263,47.0,-0.020045014458767912,-0.006131089526288052,0.046011656522750854,0.013913924932479858,
"Div(TsSum(Div(Div(ratio_sp_ttm,oper_roe_lyr),current_liabilities),10),current_liabilities)","(SUM(((RATIO_SP_TTM/OPER_ROE_LYR)/CURRENT_LIABILITIES),10)/CURRENT_LIABILITIES)","DIV(SUM(DIV(DIV(RATIO_SP_TTM,OPER_ROE_LYR),CURRENT_LIABILITIES),10),CURRENT_LIABILITIES)","DIV(SUM(DIV(DIV(RATIO_SP_TTM,OPER_ROE_LYR),CURRENT_LIABILITIES),10),CURRENT_LIABILITIES)",0.07260624336074745,3,False,False,79,0.07260624336074745,0.07934158570538913,0.022272957488894463,0.006735342344641685,-0.3024555444717407,eligible_local_screen,"current_liabilities,oper_roe_lyr,ratio_sp_ttm",146.0,0.07614783184875364,0.08305479394246454,0.022840483114123344,0.006906962093710899,48.0,0.12346962639391423,0.13009120970964433,0.02189677022397518,0.006621583315730095,47.0,0.009691536513668428,0.01597751762638701,0.02078697457909584,0.006285981112718581,
"Div(Div(Constant(-1.0),oper_roe_lyr),current_liabilities)",(((-1)/OPER_ROE_LYR)/CURRENT_LIABILITIES),"DIV(DIV(MUL(-1,1),OPER_ROE_LYR),CURRENT_LIABILITIES)","DIV(1,MUL(CURRENT_LIABILITIES,OPER_ROE_LYR))",0.07177841710245461,2,False,False,41,0.07177841710245461,0.07708639861142487,0.017552848905324936,0.005307981508970261,0.23510415852069855,eligible_local_screen,"current_liabilities,oper_roe_lyr",146.0,0.04944123922492544,0.05491948470677415,0.01811589114367962,0.005478245481848717,48.0,0.1634476906388998,0.16861966475844384,0.01710308901965618,0.005171974119544029,47.0,0.04736261598670736,0.05246450824940458,0.016871336847543716,0.00510189226269722,
"Div(Div(book_to_market_ratio_lf,oper_roe_lyr),oper_main_profit_ttm)",((BOOK_TO_MARKET_RATIO_LF/OPER_ROE_LYR)/OPER_MAIN_PROFIT_TTM),"DIV(DIV(BOOK_TO_MARKET_RATIO_LF,OPER_ROE_LYR),OPER_MAIN_PROFIT_TTM)","DIV(BOOK_TO_MARKET_RATIO_LF,MUL(OPER_MAIN_PROFIT_TTM,OPER_ROE_LYR))",0.07160220815497316,3,False,False,61,0.07160220815497316,0.08736900768834031,0.05213888734579086,0.015766799533367157,-0.3003721237182617,reject_nonpositive_valid_or_test_net,"book_to_market_ratio_lf,oper_main_profit_ttm,oper_roe_lyr",146.0,0.09299665197166677,0.10935282380613562,0.05408786982297897,0.01635617183446884,48.0,0.09230524787306786,0.10797515362501145,0.051818471401929855,0.01566990575194359,47.0,-0.01655655584867964,-0.001965742050967318,0.048250045627355576,0.014590813797712324,
"Div(Div(book_to_market_ratio_lf,oper_main_profit_ttm),oper_roe_lyr)",((BOOK_TO_MARKET_RATIO_LF/OPER_MAIN_PROFIT_TTM)/OPER_ROE_LYR),"DIV(DIV(BOOK_TO_MARKET_RATIO_LF,OPER_MAIN_PROFIT_TTM),OPER_ROE_LYR)","DIV(BOOK_TO_MARKET_RATIO_LF,MUL(OPER_MAIN_PROFIT_TTM,OPER_ROE_LYR))",0.07160220815497316,3,False,False,61,0.07160220815497316,0.08736900768834031,0.05213888734579086,0.015766799533367157,-0.3003721535205841,reject_nonpositive_valid_or_test_net,"book_to_market_ratio_lf,oper_main_profit_ttm,oper_roe_lyr",146.0,0.09299665197166677,0.10935282380613562,0.05408786982297897,0.01635617183446884,48.0,0.09230524787306786,0.10797515362501145,0.051818471401929855,0.01566990575194359,47.0,-0.01655655584867964,-0.001965742050967318,0.048250045627355576,0.014590813797712324,
"Div(Div(book_to_market_ratio_lf,gr_total_asset_lyr),oper_main_profit_ttm)",((BOOK_TO_MARKET_RATIO_LF/GR_TOTAL_ASSET_LYR)/OPER_MAIN_PROFIT_TTM),"DIV(DIV(BOOK_TO_MARKET_RATIO_LF,GR_TOTAL_ASSET_LYR),OPER_MAIN_PROFIT_TTM)","DIV(BOOK_TO_MARKET_RATIO_LF,MUL(GR_TOTAL_ASSET_LYR,OPER_MAIN_PROFIT_TTM))",0.07129384527307822,3,False,False,67,0.07129384527307822,0.08752727627259567,0.053681980818510056,0.01623343099951744,-0.18475891649723053,reject_nonpositive_valid_or_test_net,"book_to_market_ratio_lf,gr_total_asset_lyr,oper_main_profit_ttm",146.0,0.0870451880588107,0.10393767160912083,0.05586138740181923,0.016892483550310134,48.0,0.09887190332114697,0.11503243558108807,0.05344091355800629,0.0161605322599411,47.0,-0.006296464492412323,0.008459862147239929,0.048797376453876495,0.014756326639652251,
"Div(ratio_sp_ttm,TsMax(TsMax(TsMad(oper_main_profit_ttm,40),40),40))","(RATIO_SP_TTM/TS_MAX(TS_MAX(TS_MAD(OPER_MAIN_PROFIT_TTM,40),40),40))","DIV(RATIO_SP_TTM,MAX_TS(MAD(OPER_MAIN_PROFIT_TTM,40),40))","DIV(RATIO_SP_TTM,MAX_TS(MAD(OPER_MAIN_PROFIT_TTM,40),40))",0.07116826926217534,2,False,False,68,0.07116826926217534,0.1026703525875614,0.10417355597019196,0.031502083325386045,-0.6501395106315613,reject_nonpositive_valid_or_test_net,"oper_main_profit_ttm,ratio_sp_ttm",146.0,0.08898163817696375,0.12063658906988901,0.10467907041311264,0.03165495089292526,48.0,0.10555715673565864,0.13521989956498146,0.09809108078479767,0.029662742829322814,47.0,-0.019342973048382617,0.01361832875520625,0.10899901390075684,0.03296130180358887,
"Div(Div(book_to_market_ratio_lf,oper_roe_lyr),TsMed(oper_main_profit_ttm,20))","((BOOK_TO_MARKET_RATIO_LF/OPER_ROE_LYR)/TS_MEDIAN(OPER_MAIN_PROFIT_TTM,20))","DIV(DIV(BOOK_TO_MARKET_RATIO_LF,OPER_ROE_LYR),MEDIAN(OPER_MAIN_PROFIT_TTM,20))","DIV(BOOK_TO_MARKET_RATIO_LF,MUL(MEDIAN(OPER_MAIN_PROFIT_TTM,20),OPER_ROE_LYR))",0.06967088635821066,3,False,False,75,0.06967088635821066,0.08719331298131666,0.05794453248381615,0.017522426623106,-0.3033648431301117,reject_nonpositive_valid_or_test_net,"book_to_market_ratio_lf,oper_main_profit_ttm,oper_roe_lyr",146.0,0.08501773720612266,0.10254571535815932,0.05796289071440697,0.017527978152036668,48.0,0.10999543651342393,0.12617793381214143,0.0535135492682457,0.0161824972987175,47.0,-0.01711785077497046,-0.0003112187807230239,0.055577486753463745,0.016806631994247437,
"Div(Sub(book_to_market_ratio_lyr,oper_roe_lyr),oper_main_profit_ttm)",((BOOK_TO_MARKET_RATIO_LYR-OPER_ROE_LYR)/OPER_MAIN_PROFIT_TTM),"DIV(SUB(BOOK_TO_MARKET_RATIO_LYR,OPER_ROE_LYR),OPER_MAIN_PROFIT_TTM)","DIV(SUB(BOOK_TO_MARKET_RATIO_LYR,OPER_ROE_LYR),OPER_MAIN_PROFIT_TTM)",0.06931538968773798,3,False,False,62,0.06931538968773798,0.0883860924431892,0.06306449323892593,0.019070702755451203,-0.19474153220653534,reject_nonpositive_valid_or_test_net,"book_to_market_ratio_lyr,oper_main_profit_ttm,oper_roe_lyr",146.0,0.0906904993071948,0.11093078574089155,0.06693216413259506,0.02024028643369675,48.0,0.07491110860705376,0.09286960512399674,0.059386562556028366,0.01795849651694298,47.0,-0.0033820153005579695,0.013774766313268783,0.056735388934612274,0.017156781613826753,
"Div(TsSum(Div(ratio_sp_ttm,current_liabilities),10),current_liabilities)","(SUM((RATIO_SP_TTM/CURRENT_LIABILITIES),10)/CURRENT_LIABILITIES)","DIV(SUM(DIV(RATIO_SP_TTM,CURRENT_LIABILITIES),10),CURRENT_LIABILITIES)","DIV(SUM(DIV(RATIO_SP_TTM,CURRENT_LIABILITIES),10),CURRENT_LIABILITIES)",0.06911287954722944,2,False,False,64,0.06911287954722944,0.0758550024626166,0.022295380011200905,0.006742122915387154,-0.6976738572120667,reject_size_exposure,"current_liabilities,ratio_sp_ttm",146.0,0.06192736186430063,0.0689313247595748,0.023161252960562706,0.007003962895274162,48.0,0.12335232756435872,0.1296078197658062,0.020686151459813118,0.006255492201447486,47.0,0.036275431784733816,0.0424660787937489,0.020471716299653053,0.0061906470090150835,
"Div(Greater(book_to_market_ratio_lf,oper_roe_lyr),oper_main_profit_ttm)","(MAX(BOOK_TO_MARKET_RATIO_LF,OPER_ROE_LYR)/OPER_MAIN_PROFIT_TTM)","DIV(MAX(BOOK_TO_MARKET_RATIO_LF,OPER_ROE_LYR),OPER_MAIN_PROFIT_TTM)","DIV(MAX(BOOK_TO_MARKET_RATIO_LF,OPER_ROE_LYR),OPER_MAIN_PROFIT_TTM)",0.06905593564228399,3,False,False,64,0.06905593564228399,0.08806499930338246,0.06286066025495529,0.01900906366109848,-0.19612571597099304,reject_nonpositive_valid_or_test_net,"book_to_market_ratio_lf,oper_main_profit_ttm,oper_roe_lyr",146.0,0.09033141336963602,0.1104661418967051,0.06658309698104858,0.020134728527069094,48.0,0.0737749849319458,0.09169521555304527,0.05926002189517021,0.017920230621099473,47.0,-0.0024360381279854067,0.01477099338427503,0.056901559233665466,0.017207031512260437,
"Div(Greater(book_to_market_ratio_lf,Constant(-0.01)),oper_main_profit_ttm)","(MAX(BOOK_TO_MARKET_RATIO_LF,(-0.01))/OPER_MAIN_PROFIT_TTM)","DIV(MAX(BOOK_TO_MARKET_RATIO_LF,MUL(-1,0.01)),OPER_MAIN_PROFIT_TTM)","DIV(MAX(BOOK_TO_MARKET_RATIO_LF,MUL(-1,0.01)),OPER_MAIN_PROFIT_TTM)",0.06897683477515501,2,False,False,59,0.06897683477515501,0.08798733588570876,0.06286541372537613,0.019010501110553742,-0.19287951290607452,reject_nonpositive_valid_or_test_net,"book_to_market_ratio_lf,oper_main_profit_ttm",146.0,0.09020084081577928,0.1103379440634218,0.06659094989299774,0.020137103247642518,48.0,0.0737749849319458,0.09169521555304527,0.05926002189517021,0.017920230621099473,47.0,-0.0024360381279854067,0.01477099338427503,0.056901559233665466,0.017207031512260437,
"Div(Greater(book_to_market_ratio_lf,Constant(30.0)),oper_main_profit_ttm)","(MAX(BOOK_TO_MARKET_RATIO_LF,30)/OPER_MAIN_PROFIT_TTM)","DIV(MAX(30,BOOK_TO_MARKET_RATIO_LF),OPER_MAIN_PROFIT_TTM)","DIV(MAX(30,BOOK_TO_MARKET_RATIO_LF),OPER_MAIN_PROFIT_TTM)",0.06897683477515501,2,False,False,54,0.06897683477515501,0.08798733588570876,0.06286541372537613,0.019010501110553742,-0.19288985431194305,reject_nonpositive_valid_or_test_net,"book_to_market_ratio_lf,oper_main_profit_ttm",146.0,0.09020084081577928,0.1103379440634218,0.06659094989299774,0.020137103247642518,48.0,0.0737749849319458,0.09169521555304527,0.05926002189517021,0.017920230621099473,47.0,-0.0024360381279854067,0.01477099338427503,0.056901559233665466,0.017207031512260437,
"Div(ratio_sp_ttm,Ref(oper_main_profit_ttm,30))","(RATIO_SP_TTM/REF(OPER_MAIN_PROFIT_TTM,30))","DIV(RATIO_SP_TTM,REF(OPER_MAIN_PROFIT_TTM,30))","DIV(RATIO_SP_TTM,REF(OPER_MAIN_PROFIT_TTM,30))",0.06879440880128457,2,False,False,43,0.06879440880128457,0.0879175379068525,0.06323786079883575,0.019123129105567932,-0.16755473613739014,reject_nonpositive_valid_or_test_net,"oper_main_profit_ttm,ratio_sp_ttm",146.0,0.08657376292372404,0.10563264840269743,0.06302541494369507,0.01905888547897339,48.0,0.0828148458302021,0.10158791318535805,0.062080249190330505,0.018773067355155944,47.0,-0.0013295310334956352,0.0189263938589299,0.06698387861251831,0.020255924892425534,
"Div(Div(Div(ratio_ep_ttm,oper_roe_lyr),oper_main_profit_ttm),current_liabilities)",(((RATIO_EP_TTM/OPER_ROE_LYR)/OPER_MAIN_PROFIT_TTM)/CURRENT_LIABILITIES),"DIV(DIV(DIV(RATIO_EP_TTM,OPER_ROE_LYR),OPER_MAIN_PROFIT_TTM),CURRENT_LIABILITIES)","DIV(RATIO_EP_TTM,MUL(CURRENT_LIABILITIES,OPER_MAIN_PROFIT_TTM,OPER_ROE_LYR))",0.06869024591935621,4,False,False,72,0.06869024591935621,0.08370477272761809,0.049651212990283966,0.015014526808261871,-0.23514240980148315,reject_nonpositive_valid_or_test_net,"current_liabilities,oper_main_profit_ttm,oper_roe_lyr,ratio_ep_ttm",146.0,0.08250020655605891,0.09819956087086298,0.05191585421562195,0.015699354314804077,48.0,0.09920893871784212,0.11389087960124017,0.04855139181017876,0.014681940883398057,47.0,-0.0058535985001224155,0.007849985670219077,0.04531608521938324,0.013703584170341492,
"Div(Div(Div(ratio_ep_ttm,oper_roe_lyr),current_liabilities),oper_main_profit_ttm)",(((RATIO_EP_TTM/OPER_ROE_LYR)/CURRENT_LIABILITIES)/OPER_MAIN_PROFIT_TTM),"DIV(DIV(DIV(RATIO_EP_TTM,OPER_ROE_LYR),CURRENT_LIABILITIES),OPER_MAIN_PROFIT_TTM)","DIV(RATIO_EP_TTM,MUL(CURRENT_LIABILITIES,OPER_MAIN_PROFIT_TTM,OPER_ROE_LYR))",0.06869024591935621,4,False,False,72,0.06869024591935621,0.08370477272761809,0.049651212990283966,0.015014526808261871,-0.23514240980148315,reject_nonpositive_valid_or_test_net,"current_liabilities,oper_main_profit_ttm,oper_roe_lyr,ratio_ep_ttm",146.0,0.08250020655605891,0.09819956087086298,0.05191585421562195,0.015699354314804077,48.0,0.09920893871784212,0.11389087960124017,0.04855139181017876,0.014681940883398057,47.0,-0.0058535985001224155,0.007849985670219077,0.04531608521938324,0.013703584170341492,
"Div(Add(Constant(-5.0),book_to_market_ratio_lyr),oper_main_profit_ttm)",(((-5)+BOOK_TO_MARKET_RATIO_LYR)/OPER_MAIN_PROFIT_TTM),"DIV(ADD(BOOK_TO_MARKET_RATIO_LYR,MUL(-1,5)),OPER_MAIN_PROFIT_TTM)","DIV(ADD(BOOK_TO_MARKET_RATIO_LYR,MUL(-1,5)),OPER_MAIN_PROFIT_TTM)",0.0681410842095668,2,False,False,54,0.0681410842095668,0.08719945824492523,0.06302372366189957,0.019058374035358427,-0.19648540019989014,reject_nonpositive_valid_or_test_net,"book_to_market_ratio_lyr,oper_main_profit_ttm",146.0,0.08966487368884153,0.10987660264315671,0.06683772802352905,0.020211728954315184,48.0,0.0732898118197918,0.09128573834896088,0.05951033905148506,0.017995926529169082,47.0,-0.0045618491432768225,0.01258238858364998,0.0566939078271389,0.017144237726926803,
"Div(ratio_sp_ttm,oper_main_profit_ttm)",(RATIO_SP_TTM/OPER_MAIN_PROFIT_TTM),"DIV(RATIO_SP_TTM,OPER_MAIN_PROFIT_TTM)","DIV(RATIO_SP_TTM,OPER_MAIN_PROFIT_TTM)",0.06807848936311932,2,False,False,35,0.06807848936311932,0.08612654258601399,0.05968271568417549,0.01804805322289467,-0.15852531790733337,reject_nonpositive_valid_or_test_net,"oper_main_profit_ttm,ratio_sp_ttm",146.0,0.0945226521692864,0.1130580920062653,0.061294443905353546,0.01853543983697891,48.0,0.06011183885335923,0.07825782001018525,0.06000655144453049,0.01814598115682602,47.0,-0.006499292752336948,0.010503077950883418,0.0562247708439827,0.017002370703220367,
"Div(Div(book_to_market_ratio_lyr,Constant(10.0)),oper_main_profit_ttm)",((BOOK_TO_MARKET_RATIO_LYR/10)/OPER_MAIN_PROFIT_TTM),"DIV(DIV(BOOK_TO_MARKET_RATIO_LYR,10),OPER_MAIN_PROFIT_TTM)","DIV(BOOK_TO_MARKET_RATIO_LYR,OPER_MAIN_PROFIT_TTM)",0.06802724780704966,2,False,False,52,0.06802724780704966,0.08709444030191889,0.06305288523435593,0.019067192494869233,-0.19647960364818573,reject_nonpositive_valid_or_test_net,"book_to_market_ratio_lyr,oper_main_profit_ttm",146.0,0.08960143975280736,0.10983587274812673,0.06691280752420425,0.020234432995319365,48.0,0.07315181748569012,0.09113510437309742,0.05946854129433632,0.0179832868874073,47.0,-0.004807384974398513,0.012324211984238725,0.05665210634469986,0.017131596958637238,
"Div(Div(book_to_market_ratio_lyr,Constant(5.0)),oper_main_profit_ttm)",((BOOK_TO_MARKET_RATIO_LYR/5)/OPER_MAIN_PROFIT_TTM),"DIV(DIV(BOOK_TO_MARKET_RATIO_LYR,5),OPER_MAIN_PROFIT_TTM)","DIV(BOOK_TO_MARKET_RATIO_LYR,OPER_MAIN_PROFIT_TTM)",0.06802724780704966,2,False,False,51,0.06802724780704966,0.08709444030191889,0.06305288523435593,0.019067192494869233,-0.19647960364818573,reject_nonpositive_valid_or_test_net,"book_to_market_ratio_lyr,oper_main_profit_ttm",146.0,0.08960143975280736,0.10983587274812673,0.06691280752420425,0.020234432995319365,48.0,0.07315181748569012,0.09113510437309742,0.05946854129433632,0.0179832868874073,47.0,-0.004807384974398513,0.012324211984238725,0.05665210634469986,0.017131596958637238,
"Div(book_to_market_ratio_lyr,oper_main_profit_ttm)",(BOOK_TO_MARKET_RATIO_LYR/OPER_MAIN_PROFIT_TTM),"DIV(BOOK_TO_MARKET_RATIO_LYR,OPER_MAIN_PROFIT_TTM)","DIV(BOOK_TO_MARKET_RATIO_LYR,OPER_MAIN_PROFIT_TTM)",0.06802724780704966,2,False,False,47,0.06802724780704966,0.08709444030191889,0.06305288523435593,0.019067192494869233,-0.19647958874702454,reject_nonpositive_valid_or_test_net,"book_to_market_ratio_lyr,oper_main_profit_ttm",146.0,0.08960143975280736,0.10983587274812673,0.06691280752420425,0.020234432995319365,48.0,0.07315181748569012,0.09113510437309742,0.05946854129433632,0.0179832868874073,47.0,-0.004807384974398513,0.012324211984238725,0.05665210634469986,0.017131596958637238,
"Div(Add(Constant(-0.5),book_to_market_ratio_lyr),oper_main_profit_ttm)",(((-0.5)+BOOK_TO_MARKET_RATIO_LYR)/OPER_MAIN_PROFIT_TTM),"DIV(ADD(BOOK_TO_MARKET_RATIO_LYR,MUL(-1,0.5)),OPER_MAIN_PROFIT_TTM)","DIV(ADD(BOOK_TO_MARKET_RATIO_LYR,MUL(-1,0.5)),OPER_MAIN_PROFIT_TTM)",0.0679660424710804,2,False,False,56,0.0679660424710804,0.08703606029763757,0.06306222826242447,0.019070017826557158,-0.19648030400276184,reject_nonpositive_valid_or_test_net,"book_to_market_ratio_lyr,oper_main_profit_ttm",146.0,0.08950039766912592,0.10973950575475824,0.06692826747894287,0.020239108085632326,48.0,0.07315181748569012,0.09113510437309742,0.05946854129433632,0.0179832868874073,47.0,-0.004807384974398513,0.012324211984238725,0.05665210634469986,0.017131596958637238,
"Div(TsMin(book_to_market_ratio_lyr,10),oper_main_profit_ttm)","(TS_MIN(BOOK_TO_MARKET_RATIO_LYR,10)/OPER_MAIN_PROFIT_TTM)","DIV(MIN_TS(BOOK_TO_MARKET_RATIO_LYR,10),OPER_MAIN_PROFIT_TTM)","DIV(MIN_TS(BOOK_TO_MARKET_RATIO_LYR,10),OPER_MAIN_PROFIT_TTM)",0.06757748888510885,2,False,False,58,0.06757748888510885,0.08598986344713393,0.06088748201727867,0.01841237456202507,-0.19815348088741302,reject_nonpositive_valid_or_test_net,"book_to_market_ratio_lyr,oper_main_profit_ttm",146.0,0.08899365366060441,0.10857209375459854,0.0647435188293457,0.01957844009399414,48.0,0.07125135002732277,0.08852006569504739,0.05710554122924805,0.01726871566772461,47.0,-0.0033332438300264656,0.013256769262729807,0.0548611544072628,0.016590013092756272,
"Div(Div(ratio_sp_ttm,current_liabilities),TsMax(current_liabilities,40))","((RATIO_SP_TTM/CURRENT_LIABILITIES)/TS_MAX(CURRENT_LIABILITIES,40))","DIV(DIV(RATIO_SP_TTM,CURRENT_LIABILITIES),MAX_TS(CURRENT_LIABILITIES,40))","DIV(RATIO_SP_TTM,MUL(MAX_TS(CURRENT_LIABILITIES,40),CURRENT_LIABILITIES))",0.06756759285424754,2,False,False,67,0.06756759285424754,0.07562637497280643,0.026649411767721176,0.008058782118558884,-0.6982892751693726,reject_size_exposure,"current_liabilities,ratio_sp_ttm",146.0,0.05916158620511016,0.0674770082512947,0.027498088777065277,0.00831542204618454,48.0,0.13305536128878595,0.14087079763412477,0.025844696909189224,0.007815436345338822,47.0,0.026617997248565894,0.03430883117178653,0.025432651862502098,0.007690833923220635,
"Div(Div(ratio_sp_ttm,TsMax(current_liabilities,40)),current_liabilities)","((RATIO_SP_TTM/TS_MAX(CURRENT_LIABILITIES,40))/CURRENT_LIABILITIES)","DIV(DIV(RATIO_SP_TTM,MAX_TS(CURRENT_LIABILITIES,40)),CURRENT_LIABILITIES)","DIV(RATIO_SP_TTM,MUL(MAX_TS(CURRENT_LIABILITIES,40),CURRENT_LIABILITIES))",0.06756759285424754,2,False,False,67,0.06756759285424754,0.07562637497280643,0.026649411767721176,0.008058782118558884,-0.6982892751693726,reject_size_exposure,"current_liabilities,ratio_sp_ttm",146.0,0.05916158620511016,0.0674770082512947,0.027498088777065277,0.00831542204618454,48.0,0.13305536128878595,0.14087079763412477,0.025844696909189224,0.007815436345338822,47.0,0.026617997248565894,0.03430883117178653,0.025432651862502098,0.007690833923220635,
"Div(Add(ratio_sp_ttm,oper_roe_lyr),oper_main_profit_ttm)",((RATIO_SP_TTM+OPER_ROE_LYR)/OPER_MAIN_PROFIT_TTM),"DIV(ADD(OPER_ROE_LYR,RATIO_SP_TTM),OPER_MAIN_PROFIT_TTM)","DIV(ADD(OPER_ROE_LYR,RATIO_SP_TTM),OPER_MAIN_PROFIT_TTM)",0.06748619423347885,3,False,False,50,0.06748619423347885,0.08553834238487655,0.0596962571144104,0.018052148151397704,-0.16019271314144135,reject_nonpositive_valid_or_test_net,"oper_main_profit_ttm,oper_roe_lyr,ratio_sp_ttm",146.0,0.09358582998530507,0.11211581066863179,0.0612763911485672,0.01852998068332672,48.0,0.06223883458971977,0.08041022345423698,0.060090571641922,0.01817138886451721,47.0,-0.008812057469373056,0.008215820075983697,0.05630911886692047,0.017027877545356753,
"Div(Sub(book_to_market_ratio_lf,oper_roe_lyr),oper_main_profit_ttm)",((BOOK_TO_MARKET_RATIO_LF-OPER_ROE_LYR)/OPER_MAIN_PROFIT_TTM),"DIV(SUB(BOOK_TO_MARKET_RATIO_LF,OPER_ROE_LYR),OPER_MAIN_PROFIT_TTM)","DIV(SUB(BOOK_TO_MARKET_RATIO_LF,OPER_ROE_LYR),OPER_MAIN_PROFIT_TTM)",0.06686929517138548,3,False,False,61,0.06686929517138548,0.0859467593466098,0.0630868524312973,0.019077464175224303,-0.20107735693454742,reject_nonpositive_valid_or_test_net,"book_to_market_ratio_lf,oper_main_profit_ttm,oper_roe_lyr",146.0,0.08567447612089654,0.10595507197184106,0.06706546247005463,0.020280595850944518,48.0,0.07476754603385925,0.09259995818138123,0.05896961688995361,0.017832412147521973,47.0,-0.0002082452606647564,0.016998493354371254,0.056900590658187866,0.01720673861503601,
"Div(Mul(Constant(-0.01),book_to_market_ratio_lf),oper_roe_lyr)",(((-0.01)*BOOK_TO_MARKET_RATIO_LF)/OPER_ROE_LYR),"DIV(MUL(-1,0.01,BOOK_TO_MARKET_RATIO_LF),OPER_ROE_LYR)","DIV(BOOK_TO_MARKET_RATIO_LF,OPER_ROE_LYR)",0.06643741989519092,2,False,False,48,0.06643741989519092,0.07434332994009944,0.026143882423639297,0.007905910044908523,-0.01953750289976597,eligible_local_screen,"book_to_market_ratio_lf,oper_roe_lyr",146.0,0.04330286636903678,0.05071981998339092,0.024526963010430336,0.007416953614354133,48.0,0.1385864812910557,0.14659534245729447,0.026484329253435135,0.008008861166238784,47.0,0.06439269392845479,0.07393770978805866,0.03156420588493347,0.009545015859603882,
"Div(Div(book_to_market_ratio_lf,oper_roe_lyr),Add(TsSum(Constant(-0.01),50),TsMad(Constant(-0.5),50)))","((BOOK_TO_MARKET_RATIO_LF/OPER_ROE_LYR)/(SUM((-0.01),50)+TS_MAD((-0.5),50)))","DIV(DIV(BOOK_TO_MARKET_RATIO_LF,OPER_ROE_LYR),ADD(MAD(MUL(-1,0.5),50),SUM(MUL(-1,0.01),50)))","DIV(BOOK_TO_MARKET_RATIO_LF,OPER_ROE_LYR)",0.06643741989519092,2,False,False,76,0.06643741989519092,0.07434332994009944,0.026143882423639297,0.007905910044908523,-0.01953749544918537,reject_scale_invariant_batch_duplicate,"book_to_market_ratio_lf,oper_roe_lyr",146.0,0.04330286636903678,0.05071981998339092,0.024526963010430336,0.007416953614354133,48.0,0.1385864812910557,0.14659534245729447,0.026484329253435135,0.008008861166238784,47.0,0.06439269392845479,0.07393770978805866,0.03156420588493347,0.009545015859603882,(((-0.01)*BOOK_TO_MARKET_RATIO_LF)/OPER_ROE_LYR)
"Div(Div(book_to_market_ratio_lf,oper_roe_lyr),Constant(-2.0))",((BOOK_TO_MARKET_RATIO_LF/OPER_ROE_LYR)/(-2)),"DIV(DIV(BOOK_TO_MARKET_RATIO_LF,OPER_ROE_LYR),MUL(-1,2))","DIV(BOOK_TO_MARKET_RATIO_LF,OPER_ROE_LYR)",0.06643741989519092,2,False,False,45,0.06643741989519092,0.07434332994009944,0.026143882423639297,0.007905910044908523,-0.01953749544918537,reject_scale_invariant_batch_duplicate,"book_to_market_ratio_lf,oper_roe_lyr",146.0,0.04330286636903678,0.05071981998339092,0.024526963010430336,0.007416953614354133,48.0,0.1385864812910557,0.14659534245729447,0.026484329253435135,0.008008861166238784,47.0,0.06439269392845479,0.07393770978805866,0.03156420588493347,0.009545015859603882,(((-0.01)*BOOK_TO_MARKET_RATIO_LF)/OPER_ROE_LYR)
"Div(Div(book_to_market_ratio_lyr,Constant(-0.5)),oper_main_profit_ttm)",((BOOK_TO_MARKET_RATIO_LYR/(-0.5))/OPER_MAIN_PROFIT_TTM),"DIV(DIV(BOOK_TO_MARKET_RATIO_LYR,MUL(-1,0.5)),OPER_MAIN_PROFIT_TTM)","DIV(BOOK_TO_MARKET_RATIO_LYR,OPER_MAIN_PROFIT_TTM)",0.06623930019573057,2,False,False,56,0.06623930019573057,0.08233591214255179,0.05322953686118126,0.016096611946821212,0.19647973775863647,reject_scale_invariant_batch_duplicate,"book_to_market_ratio_lyr,oper_main_profit_ttm",146.0,0.07179406099196983,0.08791602882620407,0.05331338569521904,0.016121967834234235,48.0,0.10683876383900644,0.12306222394108773,0.05364900827407837,0.0162234601020813,47.0,0.0069763547871975196,0.023409051654186653,0.05434092879295349,0.016432696866989133,((BOOK_TO_MARKET_RATIO_LYR/10)/OPER_MAIN_PROFIT_TTM)
"Div(Div(book_to_market_ratio_lyr,Constant(-1.0)),oper_main_profit_ttm)",((BOOK_TO_MARKET_RATIO_LYR/(-1))/OPER_MAIN_PROFIT_TTM),"DIV(DIV(BOOK_TO_MARKET_RATIO_LYR,MUL(-1,1)),OPER_MAIN_PROFIT_TTM)","DIV(BOOK_TO_MARKET_RATIO_LYR,OPER_MAIN_PROFIT_TTM)",0.06623930019573057,2,False,False,54,0.06623930019573057,0.08233591214255179,0.05322953686118126,0.016096611946821212,0.19647973775863647,reject_scale_invariant_batch_duplicate,"book_to_market_ratio_lyr,oper_main_profit_ttm",146.0,0.07179406099196983,0.08791602882620407,0.05331338569521904,0.016121967834234235,48.0,0.10683876383900644,0.12306222394108773,0.05364900827407837,0.0162234601020813,47.0,0.0069763547871975196,0.023409051654186653,0.05434092879295349,0.016432696866989133,((BOOK_TO_MARKET_RATIO_LYR/10)/OPER_MAIN_PROFIT_TTM)
"Add(Div(book_to_market_ratio_lf,oper_main_profit_ttm),Constant(-5.0))",((BOOK_TO_MARKET_RATIO_LF/OPER_MAIN_PROFIT_TTM)+(-5)),"ADD(DIV(BOOK_TO_MARKET_RATIO_LF,OPER_MAIN_PROFIT_TTM),MUL(-1,5))","ADD(DIV(BOOK_TO_MARKET_RATIO_LF,OPER_MAIN_PROFIT_TTM),MUL(-1,5))",0.06589997930190375,2,False,False,53,0.06589997930190375,0.08499441799781135,0.06314298510551453,0.019094438695907594,-0.20272134244441986,reject_nonpositive_valid_or_test_net,"book_to_market_ratio_lf,oper_main_profit_ttm",146.0,0.08510445137383187,0.10536061509014809,0.06698466837406158,0.020256163716316222,48.0,0.07277197853922845,0.0906544603407383,0.05913519114255905,0.017882481801509857,47.0,-0.001372457119125002,0.015948697290521986,0.05727894976735115,0.01732115440964699,
"Sub(Div(book_to_market_ratio_lf,oper_main_profit_ttm),Constant(1.0))",((BOOK_TO_MARKET_RATIO_LF/OPER_MAIN_PROFIT_TTM)-1),"SUB(DIV(BOOK_TO_MARKET_RATIO_LF,OPER_MAIN_PROFIT_TTM),1)","SUB(DIV(BOOK_TO_MARKET_RATIO_LF,OPER_MAIN_PROFIT_TTM),1)",0.06587660462005505,2,False,False,50,0.06587660462005505,0.08495073427303204,0.06307582557201385,0.019074129652976987,-0.20273378491401672,reject_nonpositive_valid_or_test_net,"book_to_market_ratio_lf,oper_main_profit_ttm",146.0,0.08503669492496205,0.10527132618917179,0.06691346317529678,0.020234631264209747,48.0,0.07280569895803929,0.09068810753524303,0.05913494899868965,0.01788240857720375,47.0,-0.001302587596786784,0.0159676545160882,0.05711058899760246,0.017270242112874985,
"Div(book_to_market_ratio_lf,oper_main_profit_ttm)",(BOOK_TO_MARKET_RATIO_LF/OPER_MAIN_PROFIT_TTM),"DIV(BOOK_TO_MARKET_RATIO_LF,OPER_MAIN_PROFIT_TTM)","DIV(BOOK_TO_MARKET_RATIO_LF,OPER_MAIN_PROFIT_TTM)",0.0657600566542495,2,True,True,46,,,,,,reject_exact_historical_formula,"book_to_market_ratio_lf,oper_main_profit_ttm",,,,,,,,,,,,,,,,
"Div(Div(book_to_market_ratio_lf,Constant(30.0)),oper_main_profit_ttm)",((BOOK_TO_MARKET_RATIO_LF/30)/OPER_MAIN_PROFIT_TTM),"DIV(DIV(BOOK_TO_MARKET_RATIO_LF,30),OPER_MAIN_PROFIT_TTM)","DIV(BOOK_TO_MARKET_RATIO_LF,OPER_MAIN_PROFIT_TTM)",0.0657600566542495,2,False,True,51,,,,,,reject_scale_invariant_historical_formula,"book_to_market_ratio_lf,oper_main_profit_ttm",,,,,,,,,,,,,,,,
"Pow(Div(book_to_market_ratio_lf,oper_main_profit_ttm),Constant(5.0))","POWER((BOOK_TO_MARKET_RATIO_LF/OPER_MAIN_PROFIT_TTM),5)","POW(DIV(BOOK_TO_MARKET_RATIO_LF,OPER_MAIN_PROFIT_TTM),5)","POW(DIV(BOOK_TO_MARKET_RATIO_LF,OPER_MAIN_PROFIT_TTM),5)",0.0657600566542495,2,False,False,55,0.0657600566542495,0.084846289721762,0.06311585009098053,0.01908623306751251,-0.20273447036743164,reject_nonpositive_valid_or_test_net,"book_to_market_ratio_lf,oper_main_profit_ttm",146.0,0.0849258413192344,0.10516435234514002,0.06692629307508469,0.020238511025905608,48.0,0.07277324469387532,0.09066826812922955,0.05917666479945183,0.017895023435354235,47.0,-0.0015235272436699976,0.01578473856157445,0.05723632872104645,0.017308265805244447,
"Div(Div(book_to_market_ratio_lf,Constant(0.01)),oper_main_profit_ttm)",((BOOK_TO_MARKET_RATIO_LF/0.01)/OPER_MAIN_PROFIT_TTM),"DIV(DIV(BOOK_TO_MARKET_RATIO_LF,0.01),OPER_MAIN_PROFIT_TTM)","DIV(BOOK_TO_MARKET_RATIO_LF,OPER_MAIN_PROFIT_TTM)",0.0657600566542495,2,False,True,53,,,,,,reject_scale_invariant_historical_formula,"book_to_market_ratio_lf,oper_main_profit_ttm",,,,,,,,,,,,,,,,
"Div(Div(book_to_market_ratio_lf,Constant(1.0)),oper_main_profit_ttm)",((BOOK_TO_MARKET_RATIO_LF/1)/OPER_MAIN_PROFIT_TTM),"DIV(DIV(BOOK_TO_MARKET_RATIO_LF,1),OPER_MAIN_PROFIT_TTM)","DIV(BOOK_TO_MARKET_RATIO_LF,OPER_MAIN_PROFIT_TTM)",0.0657600566542495,2,False,True,50,,,,,,reject_scale_invariant_historical_formula,"book_to_market_ratio_lf,oper_main_profit_ttm",,,,,,,,,,,,,,,,
"Div(Add(book_to_market_ratio_lf,Constant(0.01)),oper_main_profit_ttm)",((BOOK_TO_MARKET_RATIO_LF+0.01)/OPER_MAIN_PROFIT_TTM),"DIV(ADD(0.01,BOOK_TO_MARKET_RATIO_LF),OPER_MAIN_PROFIT_TTM)","DIV(ADD(0.01,BOOK_TO_MARKET_RATIO_LF),OPER_MAIN_PROFIT_TTM)",0.0657600566542495,2,False,False,53,0.0657600566542495,0.084846289721762,0.06311585009098053,0.01908623306751251,-0.20273438096046448,reject_nonpositive_valid_or_test_net,"book_to_market_ratio_lf,oper_main_profit_ttm",146.0,0.0849258413192344,0.10516435234514002,0.06692629307508469,0.020238511025905608,48.0,0.07277324469387532,0.09066826812922955,0.05917666479945183,0.017895023435354235,47.0,-0.0015235272436699976,0.01578473856157445,0.05723632872104645,0.017308265805244447,
"Div(Div(book_to_market_ratio_lf,TsWMA(Constant(5.0),10)),oper_main_profit_ttm)","((BOOK_TO_MARKET_RATIO_LF/WMA(5,10))/OPER_MAIN_PROFIT_TTM)","DIV(DIV(BOOK_TO_MARKET_RATIO_LF,WMA(5,10)),OPER_MAIN_PROFIT_TTM)","DIV(BOOK_TO_MARKET_RATIO_LF,OPER_MAIN_PROFIT_TTM)",0.0657600566542495,2,False,True,58,,,,,,reject_scale_invariant_historical_formula,"book_to_market_ratio_lf,oper_main_profit_ttm",,,,,,,,,,,,,,,,
"Div(Div(book_to_market_ratio_lf,TsEMA(TsSkew(Constant(0.01),30),10)),oper_main_profit_ttm)","((BOOK_TO_MARKET_RATIO_LF/EMA(TS_SKEW(0.01,30),10))/OPER_MAIN_PROFIT_TTM)","DIV(DIV(BOOK_TO_MARKET_RATIO_LF,EMA(SKEW(0.01,30),10)),OPER_MAIN_PROFIT_TTM)","DIV(BOOK_TO_MARKET_RATIO_LF,MUL(EMA(SKEW(0.01,30),10),OPER_MAIN_PROFIT_TTM))",0.0657600566542495,2,False,False,73,0.0657600566542495,0.084846289721762,0.06311585009098053,0.01908623306751251,-0.20273447036743164,reject_nonpositive_valid_or_test_net,"book_to_market_ratio_lf,oper_main_profit_ttm",146.0,0.0849258413192344,0.10516435234514002,0.06692629307508469,0.020238511025905608,48.0,0.07277324469387532,0.09066826812922955,0.05917666479945183,0.017895023435354235,47.0,-0.0015235272436699976,0.01578473856157445,0.05723632872104645,0.017308265805244447,
"Div(Div(book_to_market_ratio_lf,oper_main_profit_ttm),Constant(2.0))",((BOOK_TO_MARKET_RATIO_LF/OPER_MAIN_PROFIT_TTM)/2),"DIV(DIV(BOOK_TO_MARKET_RATIO_LF,OPER_MAIN_PROFIT_TTM),2)","DIV(BOOK_TO_MARKET_RATIO_LF,OPER_MAIN_PROFIT_TTM)",0.0657600566542495,2,False,True,50,,,,,,reject_scale_invariant_historical_formula,"book_to_market_ratio_lf,oper_main_profit_ttm",,,,,,,,,,,,,,,,
"Div(ratio_bm_ttm,oper_main_profit_ttm)",(RATIO_BM_TTM/OPER_MAIN_PROFIT_TTM),"DIV(RATIO_BM_TTM,OPER_MAIN_PROFIT_TTM)","DIV(RATIO_BM_TTM,OPER_MAIN_PROFIT_TTM)",0.0657600566542495,2,False,False,35,0.0657600566542495,0.084846289721762,0.06311585009098053,0.01908623306751251,-0.20273447036743164,reject_nonpositive_valid_or_test_net,"oper_main_profit_ttm,ratio_bm_ttm",146.0,0.0849258413192344,0.10516435234514002,0.06692629307508469,0.020238511025905608,48.0,0.07277324469387532,0.09066826812922955,0.05917666479945183,0.017895023435354235,47.0,-0.0015235272436699976,0.01578473856157445,0.05723632872104645,0.017308265805244447,
"Div(Mul(ratio_bm_ttm,Constant(10.0)),oper_main_profit_ttm)",((RATIO_BM_TTM*10)/OPER_MAIN_PROFIT_TTM),"DIV(MUL(10,RATIO_BM_TTM),OPER_MAIN_PROFIT_TTM)","DIV(RATIO_BM_TTM,OPER_MAIN_PROFIT_TTM)",0.0657600566542495,2,False,False,40,0.0657600566542495,0.084846289721762,0.06311585009098053,0.01908623306751251,-0.20273448526859283,reject_nonpositive_valid_or_test_net,"oper_main_profit_ttm,ratio_bm_ttm",146.0,0.0849258413192344,0.10516435234514002,0.06692629307508469,0.020238511025905608,48.0,0.07277324469387532,0.09066826812922955,0.05917666479945183,0.017895023435354235,47.0,-0.0015235272436699976,0.01578473856157445,0.05723632872104645,0.017308265805244447,
"Div(Div(ratio_sp_ttm,current_liabilities),current_liabilities)",((RATIO_SP_TTM/CURRENT_LIABILITIES)/CURRENT_LIABILITIES),"DIV(DIV(RATIO_SP_TTM,CURRENT_LIABILITIES),CURRENT_LIABILITIES)","DIV(RATIO_SP_TTM,MUL(CURRENT_LIABILITIES,CURRENT_LIABILITIES))",0.06564541733112819,2,False,False,56,0.06564541733112819,0.07387833417203911,0.027225254103541374,0.008232916840910912,-0.6969544887542725,reject_size_exposure,"current_liabilities,ratio_sp_ttm",146.0,0.058900990017350406,0.06746656600743124,0.028325317427515984,0.008565575990080834,48.0,0.12310649304091932,0.13097475171089173,0.026019373908638954,0.007868258669972419,47.0,0.02778038119984434,0.03548444281233118,0.025476394221186638,0.00770406161248684,
"Div(Add(book_to_market_ratio_lf,oper_roe_lyr),oper_main_profit_ttm)",((BOOK_TO_MARKET_RATIO_LF+OPER_ROE_LYR)/OPER_MAIN_PROFIT_TTM),"DIV(ADD(BOOK_TO_MARKET_RATIO_LF,OPER_ROE_LYR),OPER_MAIN_PROFIT_TTM)","DIV(ADD(BOOK_TO_MARKET_RATIO_LF,OPER_ROE_LYR),OPER_MAIN_PROFIT_TTM)",0.0651134999142643,3,False,False,61,0.0651134999142643,0.08423553403482398,0.06323423981666565,0.01912203412055969,-0.20539268851280212,reject_nonpositive_valid_or_test_net,"book_to_market_ratio_lf,oper_main_profit_ttm,oper_roe_lyr",146.0,0.08437605366135298,0.10464130395079313,0.06701471656560898,0.020265250289440154,48.0,0.07166303848028183,0.0895833671092987,0.05926034599542618,0.017920328629016876,47.0,-0.001999144518629035,0.015385758971914331,0.05748976022005081,0.017384903490543367,
"Div(Greater(book_to_market_ratio_lf,ratio_pcf_ocf_ttm),oper_main_profit_ttm)","(MAX(BOOK_TO_MARKET_RATIO_LF,RATIO_PCF_OCF_TTM)/OPER_MAIN_PROFIT_TTM)","DIV(MAX(BOOK_TO_MARKET_RATIO_LF,RATIO_PCF_OCF_TTM),OPER_MAIN_PROFIT_TTM)","DIV(MAX(BOOK_TO_MARKET_RATIO_LF,RATIO_PCF_OCF_TTM),OPER_MAIN_PROFIT_TTM)",0.06494041286197441,3,False,False,69,0.06494041286197441,0.08390534141746299,0.06271471083164215,0.018964928555488585,-0.18626795709133148,reject_nonpositive_valid_or_test_net,"book_to_market_ratio_lf,oper_main_profit_ttm,ratio_pcf_ocf_ttm",146.0,0.08618806694925649,0.10627298942983968,0.06641839444637299,0.02008492248058319,48.0,0.06937946101427078,0.0871977724134922,0.058922987431287766,0.01781831139922142,47.0,-0.006188999845626505,0.01106039361750826,0.05704164505004883,0.017249393463134765,
"Div(ratio_sp_ttm,TsWMA(TsWMA(oper_main_profit_ttm,30),40))","(RATIO_SP_TTM/WMA(WMA(OPER_MAIN_PROFIT_TTM,30),40))","DIV(RATIO_SP_TTM,WMA(WMA(OPER_MAIN_PROFIT_TTM,30),40))","DIV(RATIO_SP_TTM,WMA(WMA(OPER_MAIN_PROFIT_TTM,30),40))",0.06459903715809352,2,False,False,51,0.06459903715809352,0.08653546438177592,0.07254109531641006,0.021936427223682404,-0.167816162109375,reject_nonpositive_valid_or_test_net,"oper_main_profit_ttm,ratio_sp_ttm",146.0,0.08650500113882431,0.10863102298893342,0.0731680616736412,0.0221260218501091,48.0,0.07958760332465172,0.10043315961956978,0.06893371790647507,0.02084555629491806,47.0,-0.017874950555791243,0.003704856272707594,0.07136179506778717,0.02157980682849884,
"Div(ratio_sp_ttm,TsMax(TsMax(TsMax(TsMax(TsMax(TsMax(TsStd(TsMax(TsMinMaxDiff(inventory,40),10),40),40),40),40),40),40),40))","(RATIO_SP_TTM/TS_MAX(TS_MAX(TS_MAX(TS_MAX(TS_MAX(TS_MAX(STDDEV(TS_MAX((TS_MAX(INVENTORY,40)-TS_MIN(INVENTORY,40)),10),40),40),40),40),40),40),40))","DIV(RATIO_SP_TTM,MAX_TS(STD(MAX_TS(SUB(MAX_TS(INVENTORY,40),MIN_TS(INVENTORY,40)),10),40),40))","DIV(RATIO_SP_TTM,MAX_TS(STD(MAX_TS(SUB(MAX_TS(INVENTORY,40),MIN_TS(INVENTORY,40)),10),40),40))",0.06447431856727699,2,False,False,146,0.06447431856727699,0.07619209447836975,0.03874925896525383,0.011717775911092758,-0.5686461925506592,reject_nonpositive_valid_or_test_net,"inventory,ratio_sp_ttm",146.0,0.09509282499559937,0.10698447145827829,0.03932422772049904,0.01189164646267891,48.0,0.0629666366904974,0.07433586828410625,0.03759666532278061,0.011369231593608857,47.0,-0.028958520453153773,-0.017565080903946085,0.03767671808600426,0.011393439549207688,
"Div(Div(Div(TsSum(book_to_market_ratio_lyr,10),current_liabilities),oper_roe_lyr),current_liabilities)","(((SUM(BOOK_TO_MARKET_RATIO_LYR,10)/CURRENT_LIABILITIES)/OPER_ROE_LYR)/CURRENT_LIABILITIES)","DIV(DIV(DIV(SUM(BOOK_TO_MARKET_RATIO_LYR,10),CURRENT_LIABILITIES),OPER_ROE_LYR),CURRENT_LIABILITIES)","DIV(SUM(BOOK_TO_MARKET_RATIO_LYR,10),MUL(CURRENT_LIABILITIES,CURRENT_LIABILITIES,OPER_ROE_LYR))",0.06416440478616484,3,False,False,91,0.06416440478616484,0.07032124244325884,0.020359912887215614,0.006156837657094002,-0.2744370102882385,eligible_local_screen,"book_to_market_ratio_lyr,current_liabilities,oper_roe_lyr",146.0,0.06458143024375178,0.07098641493549086,0.02118050493299961,0.006404984691739082,48.0,0.10028900762200356,0.10644238740205765,0.020348478108644485,0.006153379780054092,47.0,0.02579794212554364,0.031365273987993283,0.018410488963127136,0.005567331862449646,
"Div(Div(Div(book_to_market_ratio_lf,oper_roe_lyr),current_liabilities),current_liabilities)",(((BOOK_TO_MARKET_RATIO_LF/OPER_ROE_LYR)/CURRENT_LIABILITIES)/CURRENT_LIABILITIES),"DIV(DIV(DIV(BOOK_TO_MARKET_RATIO_LF,OPER_ROE_LYR),CURRENT_LIABILITIES),CURRENT_LIABILITIES)","DIV(BOOK_TO_MARKET_RATIO_LF,MUL(CURRENT_LIABILITIES,CURRENT_LIABILITIES,OPER_ROE_LYR))",0.0641309604666416,3,False,False,82,0.0641309604666416,0.07119668074168604,0.023365477100014687,0.007065720275044441,-0.27140548825263977,eligible_local_screen,"book_to_market_ratio_lf,current_liabilities,oper_roe_lyr",146.0,0.06395329429127583,0.0713204227081717,0.024362197145819664,0.0073671284168958665,48.0,0.10693785622715951,0.1140277996659279,0.023445580154657364,0.007089943438768387,47.0,0.020854414118984914,0.027069829531172488,0.020553622394800186,0.006215415412187576,
"Div(Div(Div(Div(book_to_market_ratio_lf,Constant(5.0)),current_liabilities),oper_roe_lyr),current_liabilities)",((((BOOK_TO_MARKET_RATIO_LF/5)/CURRENT_LIABILITIES)/OPER_ROE_LYR)/CURRENT_LIABILITIES),"DIV(DIV(DIV(DIV(BOOK_TO_MARKET_RATIO_LF,5),CURRENT_LIABILITIES),OPER_ROE_LYR),CURRENT_LIABILITIES)","DIV(BOOK_TO_MARKET_RATIO_LF,MUL(CURRENT_LIABILITIES,CURRENT_LIABILITIES,OPER_ROE_LYR))",0.0641309604666416,3,False,False,86,0.0641309604666416,0.07119668074168604,0.023365477100014687,0.007065720275044441,-0.27140551805496216,reject_scale_invariant_batch_duplicate,"book_to_market_ratio_lf,current_liabilities,oper_roe_lyr",146.0,0.06395329429127583,0.0713204227081717,0.024362197145819664,0.0073671284168958665,48.0,0.10693785622715951,0.1140277996659279,0.023445580154657364,0.007089943438768387,47.0,0.020854414118984914,0.027069829531172488,0.020553622394800186,0.006215415412187576,(((BOOK_TO_MARKET_RATIO_LF/OPER_ROE_LYR)/CURRENT_LIABILITIES)/CURRENT_LIABILITIES)
"Div(Div(ratio_sp_ttm,oper_main_profit_ttm),inventory)",((RATIO_SP_TTM/OPER_MAIN_PROFIT_TTM)/INVENTORY),"DIV(DIV(RATIO_SP_TTM,OPER_MAIN_PROFIT_TTM),INVENTORY)","DIV(RATIO_SP_TTM,MUL(INVENTORY,OPER_MAIN_PROFIT_TTM))",0.06399145646429161,3,False,False,47,0.06399145646429161,0.07804560819602112,0.0464753694832325,0.014054151731729506,-0.17243529856204987,reject_nonpositive_valid_or_test_net,"inventory,oper_main_profit_ttm,ratio_sp_ttm",146.0,0.08457485224098375,0.09910408552378824,0.048046406358480453,0.01452923328280449,48.0,0.07190901219248771,0.0857401080429554,0.045737750828266144,0.013831095850467682,47.0,-0.008491173447763668,0.00477170854648377,0.043858736753463745,0.013262881994247437,
"Div(TsMed(ratio_sp_ttm,10),oper_main_profit_ttm)","(TS_MEDIAN(RATIO_SP_TTM,10)/OPER_MAIN_PROFIT_TTM)","DIV(MEDIAN(RATIO_SP_TTM,10),OPER_MAIN_PROFIT_TTM)","DIV(MEDIAN(RATIO_SP_TTM,10),OPER_MAIN_PROFIT_TTM)",0.06388779739114259,2,False,False,49,0.06388779739114259,0.08107900006147836,0.05684921517968178,0.01719120267033577,-0.16026200354099274,reject_nonpositive_valid_or_test_net,"oper_main_profit_ttm,ratio_sp_ttm",146.0,0.08707219543595837,0.10484114689369725,0.05875976011157036,0.017768951457738876,48.0,0.057710719853639604,0.07486745640635491,0.056735239923000336,0.017156736552715303,47.0,-0.002284525765383497,0.013608319835459933,0.05255570635199547,0.01589284560084343,
"Div(TsSum(TsMax(TsWMA(TsEMA(Greater(TsWMA(book_to_market_ratio_lf,10),TsMaxDiff(Constant(-30.0),20)),20),50),30),10),TsMax(TsMax(TsMax(TsMax(TsMax(TsMax(current_liabilities,40),40),40),40),40),40))","(SUM(TS_MAX(WMA(EMA(MAX(WMA(BOOK_TO_MARKET_RATIO_LF,10),((-30)-TS_MAX((-30),20))),20),50),30),10)/TS_MAX(TS_MAX(TS_MAX(TS_MAX(TS_MAX(TS_MAX(CURRENT_LIABILITIES,40),40),40),40),40),40))","DIV(SUM(MAX_TS(WMA(EMA(MAX(WMA(BOOK_TO_MARKET_RATIO_LF,10),SUB(MUL(-1,30),MAX_TS(MUL(-1,30),20))),20),50),30),10),MAX_TS(CURRENT_LIABILITIES,40))","DIV(SUM(MAX_TS(WMA(EMA(MAX(WMA(BOOK_TO_MARKET_RATIO_LF,10),SUB(MUL(-1,30),MAX_TS(MUL(-1,30),20))),20),50),30),10),MAX_TS(CURRENT_LIABILITIES,40))",0.06334521409567462,2,False,False,184,0.06334521409567462,0.06833204055722819,0.01649082824587822,0.004986826461553574,-0.660414457321167,reject_size_exposure,"book_to_market_ratio_lf,current_liabilities",146.0,0.05325230789266221,0.058612541139942326,0.017725639045238495,0.005360233247280121,48.0,0.12458799564689398,0.12888032533228397,0.014194211922585964,0.004292329685389996,47.0,0.03206284626490892,0.0366879939398867,0.015294800512492657,0.004625147674977779,
"Div(Div(ratio_ep_ttm,Ref(oper_roe_lyr,40)),oper_main_profit_ttm)","((RATIO_EP_TTM/REF(OPER_ROE_LYR,40))/OPER_MAIN_PROFIT_TTM)","DIV(DIV(RATIO_EP_TTM,REF(OPER_ROE_LYR,40)),OPER_MAIN_PROFIT_TTM)","DIV(RATIO_EP_TTM,MUL(REF(OPER_ROE_LYR,40),OPER_MAIN_PROFIT_TTM))",0.0632746014128582,3,False,False,58,0.0632746014128582,0.08456234239443704,0.07039596885442734,0.021287740981578828,-0.23289403319358826,reject_nonpositive_valid_or_test_net,"oper_main_profit_ttm,oper_roe_lyr,ratio_ep_ttm",146.0,0.08312015618543102,0.10513687329749538,0.07280660420656204,0.022016717112064363,48.0,0.09722770009338857,0.11828555054962636,0.06963574886322021,0.021057850456237794,47.0,-0.03374714764534159,-0.013790827323781682,0.06599312275648117,0.019956320321559907,
"Div(Div(Div(ratio_ep_ttm,oper_roe_lyr),oper_main_profit_ttm),oper_main_profit_ttm)",(((RATIO_EP_TTM/OPER_ROE_LYR)/OPER_MAIN_PROFIT_TTM)/OPER_MAIN_PROFIT_TTM),"DIV(DIV(DIV(RATIO_EP_TTM,OPER_ROE_LYR),OPER_MAIN_PROFIT_TTM),OPER_MAIN_PROFIT_TTM)","DIV(RATIO_EP_TTM,MUL(OPER_MAIN_PROFIT_TTM,OPER_MAIN_PROFIT_TTM,OPER_ROE_LYR))",0.0631719242309881,3,False,False,73,0.0631719242309881,0.08008598529451616,0.05593274161219597,0.016914061063528062,-0.5979648232460022,reject_nonpositive_valid_or_test_net,"oper_main_profit_ttm,oper_roe_lyr,ratio_ep_ttm",146.0,0.08378651296749506,0.10164112897768413,0.0590430423617363,0.017854616010189055,48.0,0.08286925624608996,0.09895546808838845,0.05319514498114586,0.016086211842298505,47.0,-0.02150603965584268,-0.006143615157046216,0.05080166831612587,0.015362424498796464,
"Div(Div(book_to_market_ratio_lf,TsMed(Constant(-0.01),20)),oper_main_profit_ttm)","((BOOK_TO_MARKET_RATIO_LF/TS_MEDIAN((-0.01),20))/OPER_MAIN_PROFIT_TTM)","DIV(DIV(BOOK_TO_MARKET_RATIO_LF,MEDIAN(MUL(-1,0.01),20)),OPER_MAIN_PROFIT_TTM)","DIV(BOOK_TO_MARKET_RATIO_LF,OPER_MAIN_PROFIT_TTM)",0.06307250057355002,2,False,True,70,,,,,,reject_scale_invariant_historical_formula,"book_to_market_ratio_lf,oper_main_profit_ttm",,,,,,,,,,,,,,,,
"Div(Div(book_to_market_ratio_lf,Constant(-5.0)),oper_main_profit_ttm)",((BOOK_TO_MARKET_RATIO_LF/(-5))/OPER_MAIN_PROFIT_TTM),"DIV(DIV(BOOK_TO_MARKET_RATIO_LF,MUL(-1,5)),OPER_MAIN_PROFIT_TTM)","DIV(BOOK_TO_MARKET_RATIO_LF,OPER_MAIN_PROFIT_TTM)",0.06307250057355002,2,False,True,53,,,,,,reject_scale_invariant_historical_formula,"book_to_market_ratio_lf,oper_main_profit_ttm",,,,,,,,,,,,,,,,
"Div(Div(book_to_market_ratio_lf,Constant(-10.0)),oper_main_profit_ttm)",((BOOK_TO_MARKET_RATIO_LF/(-10))/OPER_MAIN_PROFIT_TTM),"DIV(DIV(BOOK_TO_MARKET_RATIO_LF,MUL(-1,10)),OPER_MAIN_PROFIT_TTM)","DIV(BOOK_TO_MARKET_RATIO_LF,OPER_MAIN_PROFIT_TTM)",0.06307250057355002,2,False,True,54,,,,,,reject_scale_invariant_historical_formula,"book_to_market_ratio_lf,oper_main_profit_ttm",,,,,,,,,,,,,,,,
"Div(Div(book_to_market_ratio_lf,Constant(-30.0)),oper_main_profit_ttm)",((BOOK_TO_MARKET_RATIO_LF/(-30))/OPER_MAIN_PROFIT_TTM),"DIV(DIV(BOOK_TO_MARKET_RATIO_LF,MUL(-1,30)),OPER_MAIN_PROFIT_TTM)","DIV(BOOK_TO_MARKET_RATIO_LF,OPER_MAIN_PROFIT_TTM)",0.06307250057355002,2,False,True,54,,,,,,reject_scale_invariant_historical_formula,"book_to_market_ratio_lf,oper_main_profit_ttm",,,,,,,,,,,,,,,,
"Div(Div(book_to_market_ratio_lf,TsWMA(Constant(-0.5),10)),oper_main_profit_ttm)","((BOOK_TO_MARKET_RATIO_LF/WMA((-0.5),10))/OPER_MAIN_PROFIT_TTM)","DIV(DIV(BOOK_TO_MARKET_RATIO_LF,WMA(MUL(-1,0.5),10)),OPER_MAIN_PROFIT_TTM)","DIV(BOOK_TO_MARKET_RATIO_LF,OPER_MAIN_PROFIT_TTM)",0.06307250057355002,2,False,True,63,,,,,,reject_scale_invariant_historical_formula,"book_to_market_ratio_lf,oper_main_profit_ttm",,,,,,,,,,,,,,,,
"Div(Div(book_to_market_ratio_lf,oper_main_profit_ttm),Constant(-2.0))",((BOOK_TO_MARKET_RATIO_LF/OPER_MAIN_PROFIT_TTM)/(-2)),"DIV(DIV(BOOK_TO_MARKET_RATIO_LF,OPER_MAIN_PROFIT_TTM),MUL(-1,2))","DIV(BOOK_TO_MARKET_RATIO_LF,OPER_MAIN_PROFIT_TTM)",0.06307250057355002,2,False,True,53,,,,,,reject_scale_invariant_historical_formula,"book_to_market_ratio_lf,oper_main_profit_ttm",,,,,,,,,,,,,,,,
"Div(Div(book_to_market_ratio_lf,TsWMA(Constant(-2.0),40)),oper_main_profit_ttm)","((BOOK_TO_MARKET_RATIO_LF/WMA((-2),40))/OPER_MAIN_PROFIT_TTM)","DIV(DIV(BOOK_TO_MARKET_RATIO_LF,WMA(MUL(-1,2),40)),OPER_MAIN_PROFIT_TTM)","DIV(BOOK_TO_MARKET_RATIO_LF,OPER_MAIN_PROFIT_TTM)",0.06307250057355002,2,False,True,61,,,,,,reject_scale_invariant_historical_formula,"book_to_market_ratio_lf,oper_main_profit_ttm",,,,,,,,,,,,,,,,
"Div(Div(book_to_market_ratio_lf,Constant(-1.0)),oper_main_profit_ttm)",((BOOK_TO_MARKET_RATIO_LF/(-1))/OPER_MAIN_PROFIT_TTM),"DIV(DIV(BOOK_TO_MARKET_RATIO_LF,MUL(-1,1)),OPER_MAIN_PROFIT_TTM)","DIV(BOOK_TO_MARKET_RATIO_LF,OPER_MAIN_PROFIT_TTM)",0.06307250057355002,2,False,True,53,,,,,,reject_scale_invariant_historical_formula,"book_to_market_ratio_lf,oper_main_profit_ttm",,,,,,,,,,,,,,,,
"Div(Div(book_to_market_ratio_lf,Less(Constant(-1.0),Constant(10.0))),oper_main_profit_ttm)","((BOOK_TO_MARKET_RATIO_LF/MIN((-1),10))/OPER_MAIN_PROFIT_TTM)","DIV(DIV(BOOK_TO_MARKET_RATIO_LF,MIN(10,MUL(-1,1))),OPER_MAIN_PROFIT_TTM)","DIV(BOOK_TO_MARKET_RATIO_LF,OPER_MAIN_PROFIT_TTM)",0.06307250057355002,2,False,True,61,,,,,,reject_scale_invariant_historical_formula,"book_to_market_ratio_lf,oper_main_profit_ttm",,,,,,,,,,,,,,,,
"Div(TsMean(book_to_market_ratio_lyr,10),oper_main_profit_ttm)","(MA(BOOK_TO_MARKET_RATIO_LYR,10)/OPER_MAIN_PROFIT_TTM)","DIV(MA(BOOK_TO_MARKET_RATIO_LYR,10),OPER_MAIN_PROFIT_TTM)","DIV(MA(BOOK_TO_MARKET_RATIO_LYR,10),OPER_MAIN_PROFIT_TTM)",0.06211421766790612,2,False,False,54,0.06211421766790612,0.07963795444282754,0.05794886499643326,0.017523736774921417,-0.19764971733093262,reject_nonpositive_valid_or_test_net,"book_to_market_ratio_lyr,oper_main_profit_ttm",146.0,0.08423884793185209,0.10284614334367727,0.06153206154704094,0.01860729541182518,48.0,0.0631268887102604,0.07953732088208199,0.05426730215549469,0.016410432171821594,47.0,-0.008218468926308004,0.007647243126275691,0.052465979009866714,0.015865712052583695,
"Div(ratio_sp_ttm,TsSum(oper_main_profit_ttm,20))","(RATIO_SP_TTM/SUM(OPER_MAIN_PROFIT_TTM,20))","DIV(RATIO_SP_TTM,SUM(OPER_MAIN_PROFIT_TTM,20))","DIV(RATIO_SP_TTM,SUM(OPER_MAIN_PROFIT_TTM,20))",0.062112078951008586,2,False,False,43,0.062112078951008586,0.08300229306042936,0.0690813958644867,0.020890214109420775,-0.162786602973938,reject_nonpositive_valid_or_test_net,"oper_main_profit_ttm,ratio_sp_ttm",146.0,0.08387737933658573,0.10496326456331227,0.06972845643758774,0.021085885226726532,48.0,0.0695263902157545,0.08919530175626278,0.06504269689321518,0.01966891154050827,47.0,-0.01171737346902807,0.008458338138904977,0.06671862304210663,0.020175711607933047,
"Div(ratio_sp_ttm,TsMax(TsMax(TsMax(TsMax(TsMax(TsEMA(TsMinMaxDiff(inventory,20),50),40),40),40),40),40))","(RATIO_SP_TTM/TS_MAX(TS_MAX(TS_MAX(TS_MAX(TS_MAX(EMA((TS_MAX(INVENTORY,20)-TS_MIN(INVENTORY,20)),50),40),40),40),40),40))","DIV(RATIO_SP_TTM,MAX_TS(EMA(SUB(MAX_TS(INVENTORY,20),MIN_TS(INVENTORY,20)),50),40))","DIV(RATIO_SP_TTM,MAX_TS(EMA(SUB(MAX_TS(INVENTORY,20),MIN_TS(INVENTORY,20)),50),40))",0.06174270102441063,2,False,False,121,0.06174270102441063,0.07516402802526703,0.044382695108652115,0.0134213270008564,-0.5689991116523743,reject_nonpositive_valid_or_test_net,"inventory,ratio_sp_ttm",146.0,0.09489755247365939,0.10833675747048366,0.044441815465688705,0.013439204996824265,48.0,0.05344625329971314,0.0664041504263878,0.04285018891096115,0.012957897126674653,47.0,-0.03250234015406446,-0.018936964045179652,0.04485904797911644,0.013565376108884811,
"Div(Div(book_to_market_ratio_lf,oper_roe_lyr),Less(TsSkew(oper_roe_lyr,40),TsMean(Constant(-0.5),20)))","((BOOK_TO_MARKET_RATIO_LF/OPER_ROE_LYR)/MIN(TS_SKEW(OPER_ROE_LYR,40),MA((-0.5),20)))","DIV(DIV(BOOK_TO_MARKET_RATIO_LF,OPER_ROE_LYR),MIN(MA(MUL(-1,0.5),20),SKEW(OPER_ROE_LYR,40)))","DIV(BOOK_TO_MARKET_RATIO_LF,MUL(OPER_ROE_LYR,MIN(MA(MUL(-1,0.5),20),SKEW(OPER_ROE_LYR,40))))",0.06137377071731813,2,False,False,84,0.06137377071731813,0.07409285747164018,0.04206047207117081,0.012719086754322052,-0.022790824994444847,eligible_local_screen,"book_to_market_ratio_lf,oper_roe_lyr",146.0,0.03456168775231871,0.04603722977311644,0.03794822096824646,0.01147554202079773,48.0,0.1526013065636158,0.16675884425640108,0.04681725427508354,0.014157537692785263,47.0,0.05104218331651485,0.06660674632863796,0.05147011578083038,0.015564563012123108,
"Div(Div(ratio_ep_ttm,ratio_pcf_ocf_ttm),oper_main_profit_ttm)",((RATIO_EP_TTM/RATIO_PCF_OCF_TTM)/OPER_MAIN_PROFIT_TTM),"DIV(DIV(RATIO_EP_TTM,RATIO_PCF_OCF_TTM),OPER_MAIN_PROFIT_TTM)","DIV(RATIO_EP_TTM,MUL(OPER_MAIN_PROFIT_TTM,RATIO_PCF_OCF_TTM))",0.06127422285668582,3,False,False,55,0.06127422285668582,0.08502554942958088,0.07854274660348892,0.02375132657289505,-0.14374837279319763,reject_nonpositive_valid_or_test_net,"oper_main_profit_ttm,ratio_ep_ttm,ratio_pcf_ocf_ttm",146.0,0.08733988787686989,0.11184365390098258,0.08103097230195999,0.024503766024112698,48.0,0.05275276454687118,0.07588619738817215,0.07649944722652435,0.023133432841300965,47.0,-0.011667430705212532,0.011052156382418693,0.07513090968132019,0.022719587087631225,
"Div(Greater(ratio_ep_ttm,Constant(5.0)),oper_main_profit_ttm)","(MAX(RATIO_EP_TTM,5)/OPER_MAIN_PROFIT_TTM)","DIV(MAX(5,RATIO_EP_TTM),OPER_MAIN_PROFIT_TTM)","DIV(MAX(5,RATIO_EP_TTM),OPER_MAIN_PROFIT_TTM)",0.06069812127104438,2,False,False,42,0.06069812127104438,0.08305392324677147,0.07392791658639908,0.022355801975727084,-0.1603768914937973,reject_nonpositive_valid_or_test_net,"oper_main_profit_ttm,ratio_ep_ttm",146.0,0.08706445842769049,0.1103815648653736,0.07710683345794678,0.023317106437683106,48.0,0.06286549120545387,0.0846360169351101,0.07199247926473618,0.02177052572965622,47.0,-0.024049811850519888,-0.0034519722566325613,0.06811454892158508,0.020597839593887328,
"Div(Div(Div(book_to_market_ratio_lf,oper_roe_lyr),oper_main_profit_ttm),oper_roe_lyr)",(((BOOK_TO_MARKET_RATIO_LF/OPER_ROE_LYR)/OPER_MAIN_PROFIT_TTM)/OPER_ROE_LYR),"DIV(DIV(DIV(BOOK_TO_MARKET_RATIO_LF,OPER_ROE_LYR),OPER_MAIN_PROFIT_TTM),OPER_ROE_LYR)","DIV(BOOK_TO_MARKET_RATIO_LF,MUL(OPER_MAIN_PROFIT_TTM,OPER_ROE_LYR,OPER_ROE_LYR))",0.06010473287033838,3,False,False,76,0.06010473287033838,0.07301449459123414,0.04269101098179817,0.012909761720895767,-0.11910821497440338,reject_nonpositive_valid_or_test_net,"book_to_market_ratio_lf,oper_main_profit_ttm,oper_roe_lyr",146.0,0.07680648926863931,0.09045928618679308,0.04514813795685768,0.013652796918153763,48.0,0.07349105612039566,0.08596919998526574,0.041263703256845474,0.012478143864870072,47.0,-0.005860311930610779,0.005593954486415741,0.03787786513566971,0.01145426641702652,
"Div(Div(Div(book_to_market_ratio_lf,oper_roe_lyr),oper_roe_lyr),oper_main_profit_ttm)",(((BOOK_TO_MARKET_RATIO_LF/OPER_ROE_LYR)/OPER_ROE_LYR)/OPER_MAIN_PROFIT_TTM),"DIV(DIV(DIV(BOOK_TO_MARKET_RATIO_LF,OPER_ROE_LYR),OPER_ROE_LYR),OPER_MAIN_PROFIT_TTM)","DIV(BOOK_TO_MARKET_RATIO_LF,MUL(OPER_MAIN_PROFIT_TTM,OPER_ROE_LYR,OPER_ROE_LYR))",0.06010473287033838,3,False,False,76,0.06010473287033838,0.07301449459123414,0.04269101098179817,0.012909761720895767,-0.11910821497440338,reject_nonpositive_valid_or_test_net,"book_to_market_ratio_lf,oper_main_profit_ttm,oper_roe_lyr",146.0,0.07680648926863931,0.09045928618679308,0.04514813795685768,0.013652796918153763,48.0,0.07349105612039566,0.08596919998526574,0.041263703256845474,0.012478143864870072,47.0,-0.005860311930610779,0.005593954486415741,0.03787786513566971,0.01145426641702652,
"Div(Div(Div(book_to_market_ratio_lf,oper_main_profit_ttm),oper_roe_lyr),oper_roe_lyr)",(((BOOK_TO_MARKET_RATIO_LF/OPER_MAIN_PROFIT_TTM)/OPER_ROE_LYR)/OPER_ROE_LYR),"DIV(DIV(DIV(BOOK_TO_MARKET_RATIO_LF,OPER_MAIN_PROFIT_TTM),OPER_ROE_LYR),OPER_ROE_LYR)","DIV(BOOK_TO_MARKET_RATIO_LF,MUL(OPER_MAIN_PROFIT_TTM,OPER_ROE_LYR,OPER_ROE_LYR))",0.06010473287033838,3,False,False,76,0.06010473287033838,0.07301449459123414,0.04269101098179817,0.012909761720895767,-0.11910822242498398,reject_nonpositive_valid_or_test_net,"book_to_market_ratio_lf,oper_main_profit_ttm,oper_roe_lyr",146.0,0.07680648926863931,0.09045928618679308,0.04514813795685768,0.013652796918153763,48.0,0.07349105612039566,0.08596919998526574,0.041263703256845474,0.012478143864870072,47.0,-0.005860311930610779,0.005593954486415741,0.03787786513566971,0.01145426641702652,
"Div(TsEMA(TsMinDiff(ratio_sp_ttm,40),50),oper_main_profit_ttm)","(EMA((RATIO_SP_TTM-TS_MIN(RATIO_SP_TTM,40)),50)/OPER_MAIN_PROFIT_TTM)","DIV(EMA(SUB(RATIO_SP_TTM,MIN_TS(RATIO_SP_TTM,40)),50),OPER_MAIN_PROFIT_TTM)","DIV(EMA(SUB(RATIO_SP_TTM,MIN_TS(RATIO_SP_TTM,40)),50),OPER_MAIN_PROFIT_TTM)",0.060019852159973,2,False,False,69,0.060019852159973,0.08483149372195802,0.08204907923936844,0.024811641561985016,-0.1561860591173172,reject_nonpositive_valid_or_test_net,"oper_main_profit_ttm,ratio_sp_ttm",146.0,0.08200565969535749,0.10783098250219267,0.08540119975805283,0.025825322806835176,48.0,0.05735197301208974,0.08078265823423864,0.0774824246764183,0.023430685222148896,47.0,-0.005529988329207643,0.017521210236752287,0.07622750848531723,0.02305119856595993,
"Div(TsMax(ratio_bm_ttm,10),oper_main_profit_ttm)","(TS_MAX(RATIO_BM_TTM,10)/OPER_MAIN_PROFIT_TTM)","DIV(MAX_TS(RATIO_BM_TTM,10),OPER_MAIN_PROFIT_TTM)","DIV(MAX_TS(RATIO_BM_TTM,10),OPER_MAIN_PROFIT_TTM)",0.059835502129620036,2,False,False,46,0.059835502129620036,0.0777268023906407,0.05916435271501541,0.017891300261020662,-0.20291222631931305,reject_nonpositive_valid_or_test_net,"oper_main_profit_ttm,ratio_bm_ttm",146.0,0.07965475375472683,0.09874905952035565,0.06314254552125931,0.019094305765628813,48.0,0.06291238154768944,0.07959737107157708,0.05517522990703583,0.016684989523887632,47.0,-0.00537705586248256,0.010513198724452485,0.052547138184309006,0.015890254586935045,
"Div(TsMax(book_to_market_ratio_lf,40),current_liabilities)","(TS_MAX(BOOK_TO_MARKET_RATIO_LF,40)/CURRENT_LIABILITIES)","DIV(MAX_TS(BOOK_TO_MARKET_RATIO_LF,40),CURRENT_LIABILITIES)","DIV(MAX_TS(BOOK_TO_MARKET_RATIO_LF,40),CURRENT_LIABILITIES)",0.05888351187808633,2,False,False,56,0.05888351187808633,0.0653121919552815,0.02125886268913746,0.006428680077195168,-0.6439212560653687,reject_size_exposure,"book_to_market_ratio_lf,current_liabilities",146.0,0.04958172143477283,0.05604198991435848,0.02136332169175148,0.006460268479585647,48.0,0.11645751889050007,0.12335426844656468,0.022806711494922638,0.006896749556064606,47.0,0.028859899053484836,0.03483201544335548,0.01974906213581562,0.005972116389870644,
"Div(Div(book_to_market_ratio_lf,TsSum(Ref(oper_main_profit_ttm,30),40)),oper_main_profit_ttm)","((BOOK_TO_MARKET_RATIO_LF/SUM(REF(OPER_MAIN_PROFIT_TTM,30),40))/OPER_MAIN_PROFIT_TTM)","DIV(DIV(BOOK_TO_MARKET_RATIO_LF,SUM(REF(OPER_MAIN_PROFIT_TTM,30),40)),OPER_MAIN_PROFIT_TTM)","DIV(BOOK_TO_MARKET_RATIO_LF,MUL(SUM(REF(OPER_MAIN_PROFIT_TTM,30),40),OPER_MAIN_PROFIT_TTM))",0.05886889043789187,2,False,False,85,0.05886889043789187,0.08454960312586107,0.08492299169301987,0.025680712687969207,-0.5911716222763062,reject_nonpositive_valid_or_test_net,"book_to_market_ratio_lf,oper_main_profit_ttm",146.0,0.06961983855309553,0.09569737290682859,0.08623523265123367,0.02607753435373306,48.0,0.1000599108606577,0.1261016193777323,0.08611676096916199,0.026041708517074585,47.0,-0.017564950003015233,0.007484213183534906,0.08283453434705734,0.02504916318655014,
"Div(TsWMA(book_to_market_ratio_lf,30),oper_main_profit_ttm)","(WMA(BOOK_TO_MARKET_RATIO_LF,30)/OPER_MAIN_PROFIT_TTM)","DIV(WMA(BOOK_TO_MARKET_RATIO_LF,30),OPER_MAIN_PROFIT_TTM)","DIV(WMA(BOOK_TO_MARKET_RATIO_LF,30),OPER_MAIN_PROFIT_TTM)",0.05886854139346305,2,False,False,54,0.05886854139346305,0.07561679559129897,0.05538443848490715,0.016748254197835922,-0.20629870891571045,reject_nonpositive_valid_or_test_net,"book_to_market_ratio_lf,oper_main_profit_ttm",146.0,0.07766933653436296,0.09553186076961152,0.0590691938996315,0.017862524235248565,48.0,0.063932111120224,0.07954724058508873,0.05163733288645744,0.01561512946486473,47.0,-0.005279422383739593,0.0097388726599673,0.04966367408633232,0.015018295043706893,
"Div(Ref(book_to_market_ratio_lyr,10),oper_main_profit_ttm)","(REF(BOOK_TO_MARKET_RATIO_LYR,10)/OPER_MAIN_PROFIT_TTM)","DIV(REF(BOOK_TO_MARKET_RATIO_LYR,10),OPER_MAIN_PROFIT_TTM)","DIV(REF(BOOK_TO_MARKET_RATIO_LYR,10),OPER_MAIN_PROFIT_TTM)",0.05885218495946702,2,False,False,55,0.05885218495946702,0.0780776433430272,0.06357625126838684,0.01922545838356018,-0.19521723687648773,reject_nonpositive_valid_or_test_net,"book_to_market_ratio_lyr,oper_main_profit_ttm",146.0,0.07820927295880775,0.09859008021550636,0.0673968493938446,0.02038080725669861,48.0,0.06209080533385278,0.08018282130360604,0.05982809513807297,0.018092015969753263,47.0,-0.005138011108433947,0.012208129687512174,0.057361576706171036,0.01734614079594612,
