candidate_a,candidate_b,correlation,abs_correlation,days,correlation_std,common_stocks_mean,common_stocks_min,cycle
C5-001,C5-002,0.7862406386634854,0.7862406386634854,241,0.073568269388656,4950.954356846473,4374,5
C5-001,C5-003,0.918080347015117,0.918080347015117,241,0.026626441017460534,4931.991701244813,4321,5
C5-001,C5-004,0.9411156050804999,0.9411156050804999,241,0.02228500961100064,4950.954356846473,4374,5
C5-001,C5-005,0.3300480404902908,0.3300480404902908,241,0.10638479206296785,4423.995850622407,3620,5
C5-001,C5-006,0.10969760617812674,0.10969760617812674,241,0.14378249317845582,4770.0829875518675,4268,5
C5-001,C5-007,0.4829411696614227,0.4829411696614227,241,0.1364025185904868,4879.485477178423,4187,5
C5-001,C5-008,0.5095057743862457,0.5095057743862457,241,0.1736882638663113,4934.630705394191,4329,5
C5-001,C5-009,0.9078612078827488,0.9078612078827488,241,0.012294643721261335,4950.954356846473,4374,5
C5-001,C5-010,0.9857749268738376,0.9857749268738376,241,0.00382445815546581,4950.954356846473,4374,5
C5-001,C5-011,0.3172683590629513,0.3172683590629513,241,0.14472596312691832,4933.8589211618255,4326,5
C5-001,C5-012,0.35813058152648686,0.35813058152648686,241,0.15618749462883658,4950.954356846473,4374,5
C5-001,C5-013,-0.015530093325258754,0.015530093325258754,241,0.10089157604784459,4950.929460580913,4374,5
C5-001,C5-014,0.30751961773100894,0.30751961773100894,241,0.1475472848652827,4925.074688796681,4344,5
C5-002,C5-003,0.9570696751271938,0.9570696751271938,241,0.016777547276362038,4931.991701244813,4321,5
C5-002,C5-004,0.944769883532644,0.944769883532644,241,0.019424418425145112,4950.954356846473,4374,5
C5-002,C5-005,0.1844829253396596,0.1844829253396596,241,0.0853690061839562,4423.995850622407,3620,5
C5-002,C5-006,0.2001863967675153,0.2001863967675153,241,0.08556000955417609,4770.0829875518675,4268,5
C5-002,C5-007,0.14464389671548278,0.14464389671548278,241,0.10993366669795568,4879.485477178423,4187,5
C5-002,C5-008,0.1401140345442798,0.1401140345442798,241,0.14399133585855217,4934.630705394191,4329,5
C5-002,C5-009,0.4718441512343017,0.4718441512343017,241,0.12430639416196292,4950.954356846473,4374,5
C5-002,C5-010,0.7059641238518094,0.7059641238518094,241,0.0950305790979347,4950.954356846473,4374,5
C5-002,C5-011,0.6448566438499181,0.6448566438499181,241,0.057884596128785375,4933.8589211618255,4326,5
C5-002,C5-012,0.6622423554556012,0.6622423554556012,241,0.0653191028244962,4950.954356846473,4374,5
C5-002,C5-013,-0.08040414975525467,0.08040414975525467,241,0.06512130378531246,4950.929460580913,4374,5
C5-002,C5-014,0.5831497612724252,0.5831497612724252,241,0.060282758595278825,4925.074688796681,4344,5
C5-003,C5-004,0.994029505790351,0.994029505790351,241,0.0039475438154893015,4931.991701244813,4321,5
C5-003,C5-005,0.2506953200323555,0.2506953200323555,241,0.08783931024972004,4423.979253112033,3620,5
C5-003,C5-006,0.17143468561524894,0.17143468561524894,241,0.11375617413422422,4766.526970954357,4219,5
C5-003,C5-007,0.28546747365348135,0.28546747365348135,241,0.11400019444348423,4879.468879668049,4187,5
C5-003,C5-008,0.29322264912182483,0.29322264912182483,241,0.15035636859196408,4931.991701244813,4321,5
C5-003,C5-009,0.6789007963189443,0.6789007963189443,241,0.0666751335679449,4931.991701244813,4321,5
C5-003,C5-010,0.8603105864954664,0.8603105864954664,241,0.04151129508879952,4931.991701244813,4321,5
C5-003,C5-011,0.5363746064755177,0.5363746064755177,241,0.0941641848187672,4931.991701244813,4321,5
C5-003,C5-012,0.5630906573307303,0.5630906573307303,241,0.10461366294584035,4931.991701244813,4321,5
C5-003,C5-013,-0.06643316853130524,0.06643316853130524,241,0.08230690527826282,4931.9668049792535,4321,5
C5-003,C5-014,0.49235257688039163,0.49235257688039163,241,0.09627522120125305,4906.170124481328,4291,5
C5-004,C5-005,0.2715447542145047,0.2715447542145047,241,0.09071264768125449,4423.995850622407,3620,5
C5-004,C5-006,0.16362094365795937,0.16362094365795937,241,0.11976235123436181,4770.0829875518675,4268,5
C5-004,C5-007,0.32613248867779926,0.32613248867779926,241,0.11665861666745135,4879.485477178423,4187,5
C5-004,C5-008,0.33659847986887104,0.33659847986887104,241,0.15377011436187782,4934.630705394191,4329,5
C5-004,C5-009,0.7206998828659084,0.7206998828659084,241,0.06245230782120811,4950.954356846473,4374,5
C5-004,C5-010,0.8914238545594266,0.8914238545594266,241,0.036549570640863255,4950.954356846473,4374,5
C5-004,C5-011,0.5076303269693935,0.5076303269693935,241,0.09858854973313572,4933.8589211618255,4326,5
C5-004,C5-012,0.5379633416446498,0.5379633416446498,241,0.10957283563091591,4950.954356846473,4374,5
C5-004,C5-013,-0.04937864190010273,0.04937864190010273,241,0.08055478040358942,4950.929460580913,4374,5
C5-004,C5-014,0.4685379304775262,0.4685379304775262,241,0.1013132242966445,4925.074688796681,4344,5
C5-005,C5-006,0.04815737689829466,0.04815737689829466,241,0.09534995401926312,4328.6556016597515,3536,5
C5-005,C5-007,0.14879888727399476,0.14879888727399476,241,0.11338608444670843,4428.091286307054,3623,5
C5-005,C5-008,0.026625623757389624,0.026625623757389624,241,0.12017152060814285,4428.091286307054,3623,5
C5-005,C5-009,0.36698695404712944,0.36698695404712944,241,0.122042250217345,4428.091286307054,3623,5
C5-005,C5-010,0.36350516693902435,0.36350516693902435,241,0.1112704738033376,4423.995850622407,3620,5
C5-005,C5-011,0.13853587167208106,0.13853587167208106,241,0.11243458791376347,4423.995850622407,3620,5
C5-005,C5-012,0.08089431535091109,0.08089431535091109,241,0.12571100129126128,4423.995850622407,3620,5
C5-005,C5-013,0.04205196964740081,0.04205196964740081,241,0.07666282056446537,4428.066390041494,3623,5
C5-005,C5-014,0.080050195728542,0.080050195728542,241,0.10990698326889911,4398.887966804979,3590,5
C5-006,C5-007,0.051585964463673147,0.051585964463673147,241,0.14957880685558947,4745.717842323652,4089,5
C5-006,C5-008,0.04200298295157909,0.04200298295157909,241,0.1488644954568139,4767.120331950207,4227,5
C5-006,C5-009,0.027343684971695256,0.027343684971695256,241,0.15410103936129765,4770.0829875518675,4268,5
C5-006,C5-010,0.0947657112529794,0.0947657112529794,241,0.15038976768052562,4770.0829875518675,4268,5
C5-006,C5-011,0.5534398351114147,0.5534398351114147,241,0.03556840199718446,4766.921161825726,4224,5
C5-006,C5-012,0.6434530694446723,0.6434530694446723,241,0.03006954155339673,4772.946058091286,4325,5
C5-006,C5-013,-0.15609078277333882,0.15609078277333882,241,0.03027097232138778,4772.946058091286,4325,5
C5-006,C5-014,0.44778628071506493,0.44778628071506493,241,0.03792082284713622,4748.875518672199,4295,5
C5-007,C5-008,0.7900085747338886,0.7900085747338886,241,0.10104066498811203,4883.609958506224,4192,5
C5-007,C5-009,0.6021496805273878,0.6021496805273878,241,0.1391816665152993,4883.609958506224,4192,5
C5-007,C5-010,0.520646537201404,0.520646537201404,241,0.1429174629489858,4879.485477178423,4187,5
C5-007,C5-011,-0.08432372605202362,0.08432372605202362,241,0.1608119609586085,4879.485477178423,4187,5
C5-007,C5-012,-0.013590277227576152,0.013590277227576152,241,0.17412156871141013,4879.485477178423,4187,5
C5-007,C5-013,0.01167244707352216,0.01167244707352216,241,0.11219393244479815,4883.585062240664,4192,5
C5-007,C5-014,-0.056951782217131756,0.056951782217131756,241,0.14258197048559007,4853.738589211618,4157,5
C5-008,C5-009,0.6352982407343384,0.6352982407343384,241,0.17587256723984504,4938.755186721992,4334,5
C5-008,C5-010,0.5435507964974973,0.5435507964974973,241,0.1820669458068317,4934.630705394191,4329,5
C5-008,C5-011,-0.12423673998309692,0.12423673998309692,241,0.16800567872180688,4933.8589211618255,4326,5
C5-008,C5-012,-0.03979300990282646,0.03979300990282646,241,0.1808340618739689,4934.630705394191,4329,5
C5-008,C5-013,0.013506984204456816,0.013506984204456816,241,0.1076322103198546,4938.730290456431,4334,5
C5-008,C5-014,-0.07466381290864729,0.07466381290864729,241,0.15553848186102975,4908.784232365145,4299,5
C5-009,C5-010,0.942943208800997,0.942943208800997,241,0.00667235851478334,4950.954356846473,4374,5
C5-009,C5-011,0.038506977250885706,0.038506977250885706,241,0.16910724842451702,4933.8589211618255,4326,5
C5-009,C5-012,0.08777608807506505,0.08777608807506505,241,0.18338544472002416,4950.954356846473,4374,5
C5-009,C5-013,0.02427372510112665,0.02427372510112665,241,0.11495286556429134,4955.053941908714,4379,5
C5-009,C5-014,0.07010700039540815,0.07010700039540815,241,0.17249838248487318,4925.074688796681,4344,5
C5-010,C5-011,0.24580913880429767,0.24580913880429767,241,0.15484512333810446,4933.8589211618255,4326,5
C5-010,C5-012,0.290326294305791,0.290326294305791,241,0.16571007025358758,4950.954356846473,4374,5
C5-010,C5-013,-0.00022589237092187115,0.00022589237092187115,241,0.10336627660265565,4950.929460580913,4374,5
C5-010,C5-014,0.24702180380318278,0.24702180380318278,241,0.1569946775505747,4925.074688796681,4344,5
C5-011,C5-012,0.9005441068414489,0.9005441068414489,241,0.019943514280273796,4933.8589211618255,4326,5
C5-011,C5-013,-0.13650507738933956,0.13650507738933956,241,0.046542450740766746,4933.834024896266,4326,5
C5-011,C5-014,0.7506976923091603,0.7506976923091603,241,0.027871174824470487,4908.01244813278,4296,5
C5-012,C5-013,-0.19884821398491148,0.19884821398491148,241,0.04533818677824985,4983.161825726141,4450,5
C5-012,C5-014,0.8165008154956845,0.8165008154956845,241,0.013589371263725369,4957.240663900415,4420,5
C5-013,C5-014,-0.4774985988073121,0.4774985988073121,241,0.03402510926510385,4957.248962655602,4420,5
C10-015,C10-016,0.5976964933102984,0.5976964933102984,120,0.09127843373272133,4422.416666666667,3623,10
C10-015,C10-017,0.7792219307531674,0.7792219307531674,120,0.058376651036927955,4422.416666666667,3623,10
C10-015,C10-018,0.6838528337052555,0.6838528337052555,120,0.07521580088190392,4418.308333333333,3620,10
C10-015,C10-019,0.6223493717266125,0.6223493717266125,120,0.07975552857703086,4418.308333333333,3620,10
C10-015,C10-020,0.6522823798737374,0.6522823798737374,120,0.09486297188751637,4422.416666666667,3623,10
C10-015,C10-021,0.6321928797349566,0.6321928797349566,120,0.07906141612245818,4418.308333333333,3620,10
C10-015,C10-022,0.7485310557068924,0.7485310557068924,120,0.0672605056022181,4422.416666666667,3623,10
C10-015,C10-023,0.7345880905607319,0.7345880905607319,120,0.06380023090213455,4393.208333333333,3590,10
C10-015,C10-024,0.8346215617651159,0.8346215617651159,120,0.0458967752574314,4422.416666666667,3623,10
C10-015,C10-025,0.7391280993483853,0.7391280993483853,120,0.047107992828105336,4393.208333333333,3590,10
C10-015,C10-026,0.7465748816603089,0.7465748816603089,120,0.05619739819391894,4393.208333333333,3590,10
C10-015,C10-027,0.4929244657375477,0.4929244657375477,120,0.10231156426702742,4422.416666666667,3623,10
C10-015,C10-028,0.3425422394347691,0.3425422394347691,120,0.13048397606385598,4422.416666666667,3623,10
C10-015,C10-029,0.5777630081327101,0.5777630081327101,120,0.09515781865280333,4422.416666666667,3623,10
C10-015,C10-030,0.1437733825194999,0.1437733825194999,120,0.1270684121724379,4418.308333333333,3620,10
C10-015,C10-031,0.12744361588917508,0.12744361588917508,120,0.136152251185809,4418.308333333333,3620,10
C10-015,C10-032,0.08528822051625537,0.08528822051625537,120,0.152618861396969,4422.416666666667,3623,10
C10-015,C10-033,0.17026405464467623,0.17026405464467623,120,0.10842270859564494,4422.416666666667,3623,10
C10-015,C10-034,0.11193736415112139,0.11193736415112139,120,0.12592381110338807,4422.416666666667,3623,10
C10-015,C10-035,0.12124527839400363,0.12124527839400363,120,0.12506975073373808,4393.208333333333,3590,10
C10-016,C10-017,0.9244993466747381,0.9244993466747381,120,0.015063930168127551,4422.416666666667,3623,10
C10-016,C10-018,0.7897825953454792,0.7897825953454792,120,0.0355852992741854,4418.308333333333,3620,10
C10-016,C10-019,0.676292496333033,0.676292496333033,120,0.06216109204353102,4418.308333333333,3620,10
C10-016,C10-020,0.8010113089244495,0.8010113089244495,120,0.04432885855537837,4422.416666666667,3623,10
C10-016,C10-021,0.7024287536486266,0.7024287536486266,120,0.060654157559106345,4418.308333333333,3620,10
C10-016,C10-022,0.8305454858286035,0.8305454858286035,120,0.02558374830055877,4422.416666666667,3623,10
C10-016,C10-023,0.8606674213881068,0.8606674213881068,120,0.025444282454214165,4393.208333333333,3590,10
C10-016,C10-024,0.7929477808469169,0.7929477808469169,120,0.04277692998360205,4422.416666666667,3623,10
C10-016,C10-025,0.7051300942357793,0.7051300942357793,120,0.07332706274040744,4393.208333333333,3590,10
C10-016,C10-026,0.7119755377521984,0.7119755377521984,120,0.05511243151233505,4393.208333333333,3590,10
C10-016,C10-027,0.8893643998140836,0.8893643998140836,120,0.03578147417516939,4743.85,3946,10
C10-016,C10-028,0.6708506889966308,0.6708506889966308,120,0.1320437020301649,4743.85,3946,10
C10-016,C10-029,0.8875380975644769,0.8875380975644769,120,0.03661469892490846,4743.85,3946,10
C10-016,C10-030,0.1246975903136291,0.1246975903136291,120,0.15181107726897267,4739.708333333333,3941,10
C10-016,C10-031,0.15958062811763646,0.15958062811763646,120,0.1663379613303389,4739.708333333333,3941,10
C10-016,C10-032,0.10275196733998831,0.10275196733998831,120,0.1925427527130804,4743.85,3946,10
C10-016,C10-033,0.08262799054111034,0.08262799054111034,120,0.14985533804296788,4743.85,3946,10
C10-016,C10-034,0.053025626921511915,0.053025626921511915,120,0.16833541863186505,4743.85,3946,10
C10-016,C10-035,0.1264684687021816,0.1264684687021816,120,0.15324745046013552,4714.175,3911,10
C10-017,C10-018,0.8622314883733005,0.8622314883733005,120,0.02312922330612635,4418.308333333333,3620,10
C10-017,C10-019,0.7624639066265682,0.7624639066265682,120,0.048172360463298494,4418.308333333333,3620,10
C10-017,C10-020,0.8477291175069878,0.8477291175069878,120,0.032378292853154626,4422.416666666667,3623,10
C10-017,C10-021,0.7784281393273105,0.7784281393273105,120,0.04838689520863694,4418.308333333333,3620,10
C10-017,C10-022,0.9303376354441255,0.9303376354441255,120,0.010444008031803056,4422.416666666667,3623,10
C10-017,C10-023,0.9286906001173851,0.9286906001173851,120,0.011514015244369773,4393.208333333333,3590,10
C10-017,C10-024,0.9365182491136714,0.9365182491136714,120,0.016843860922875282,4422.416666666667,3623,10
C10-017,C10-025,0.8201481907807937,0.8201481907807937,120,0.04305820150342886,4393.208333333333,3590,10
C10-017,C10-026,0.8308664142167305,0.8308664142167305,120,0.03552273922249369,4393.208333333333,3590,10
C10-017,C10-027,0.8319609986908922,0.8319609986908922,120,0.04245622111706822,4422.416666666667,3623,10
C10-017,C10-028,0.5648963888545319,0.5648963888545319,120,0.12408290178099349,4422.416666666667,3623,10
C10-017,C10-029,0.8124147712476902,0.8124147712476902,120,0.0526855813845341,4422.416666666667,3623,10
C10-017,C10-030,0.14300585957426376,0.14300585957426376,120,0.15075651488175973,4418.308333333333,3620,10
C10-017,C10-031,0.14784066233063442,0.14784066233063442,120,0.16418509748472335,4418.308333333333,3620,10
C10-017,C10-032,0.10378764909553256,0.10378764909553256,120,0.18584505655432032,4422.416666666667,3623,10
C10-017,C10-033,0.15150472612780247,0.15150472612780247,120,0.14592567014828878,4422.416666666667,3623,10
C10-017,C10-034,0.09974052296965513,0.09974052296965513,120,0.16469879155790298,4422.416666666667,3623,10
C10-017,C10-035,0.12781688939718291,0.12781688939718291,120,0.1483231976464235,4393.208333333333,3590,10
C10-018,C10-019,0.9607085003817927,0.9607085003817927,120,0.010051146699457449,4418.308333333333,3620,10
C10-018,C10-020,0.9036572304995967,0.9036572304995967,120,0.017743384166726075,4418.308333333333,3620,10
C10-018,C10-021,0.8837428152075241,0.8837428152075241,120,0.02382102978228522,4418.308333333333,3620,10
C10-018,C10-022,0.9113880954601321,0.9113880954601321,120,0.015714054211285012,4418.308333333333,3620,10
C10-018,C10-023,0.8946452044583689,0.8946452044583689,120,0.017116032348690056,4393.208333333333,3590,10
C10-018,C10-024,0.8031674372180876,0.8031674372180876,120,0.0420748778742962,4418.308333333333,3620,10
C10-018,C10-025,0.726946902213814,0.726946902213814,120,0.05618669276720646,4393.208333333333,3590,10
C10-018,C10-026,0.8400796182290041,0.8400796182290041,120,0.036623636958521895,4393.208333333333,3590,10
C10-018,C10-027,0.7299828375027475,0.7299828375027475,120,0.04944845679042453,4418.308333333333,3620,10
C10-018,C10-028,0.4737970525655269,0.4737970525655269,120,0.13746747394632602,4418.308333333333,3620,10
C10-018,C10-029,0.6822473182907813,0.6822473182907813,120,0.07485789772355297,4418.308333333333,3620,10
C10-018,C10-030,0.3707061741006327,0.3707061741006327,120,0.11853874664199782,4418.308333333333,3620,10
C10-018,C10-031,0.420046516628595,0.420046516628595,120,0.12298911166953663,4418.308333333333,3620,10
C10-018,C10-032,0.43998152174260846,0.43998152174260846,120,0.13206725888388532,4418.308333333333,3620,10
C10-018,C10-033,0.4170696553358669,0.4170696553358669,120,0.10684526799475258,4418.308333333333,3620,10
C10-018,C10-034,0.3809515445372401,0.3809515445372401,120,0.12254856987962952,4418.308333333333,3620,10
C10-018,C10-035,0.3557570575054296,0.3557570575054296,120,0.11488407837190374,4393.208333333333,3590,10
C10-019,C10-020,0.9185203846067913,0.9185203846067913,120,0.018119207289495613,4418.308333333333,3620,10
C10-019,C10-021,0.9300178605135969,0.9300178605135969,120,0.013331818591725213,4418.308333333333,3620,10
C10-019,C10-022,0.90795826343827,0.90795826343827,120,0.021780002748057716,4418.308333333333,3620,10
C10-019,C10-023,0.8376359948497653,0.8376359948497653,120,0.033803262547946966,4393.208333333333,3590,10
C10-019,C10-024,0.7122219866587798,0.7122219866587798,120,0.06028365130376996,4418.308333333333,3620,10
C10-019,C10-025,0.6455422820679911,0.6455422820679911,120,0.06553283704161443,4393.208333333333,3590,10
C10-019,C10-026,0.8084392513361196,0.8084392513361196,120,0.044012816407219026,4393.208333333333,3590,10
C10-019,C10-027,0.6452433865983487,0.6452433865983487,120,0.06962300874562727,4418.308333333333,3620,10
C10-019,C10-028,0.3776365058635091,0.3776365058635091,120,0.1526678240011181,4418.308333333333,3620,10
C10-019,C10-029,0.5687142921302233,0.5687142921302233,120,0.09622125248424361,4418.308333333333,3620,10
C10-019,C10-030,0.5175993770994911,0.5175993770994911,120,0.08972424363181015,4418.308333333333,3620,10
C10-019,C10-031,0.5267419169694986,0.5267419169694986,120,0.09852802731699409,4418.308333333333,3620,10
C10-019,C10-032,0.5988627910613108,0.5988627910613108,120,0.09640734800432958,4418.308333333333,3620,10
C10-019,C10-033,0.643445272468594,0.643445272468594,120,0.06700945653452807,4418.308333333333,3620,10
C10-019,C10-034,0.6017888732877398,0.6017888732877398,120,0.08225438305738178,4418.308333333333,3620,10
C10-019,C10-035,0.44166047280536724,0.44166047280536724,120,0.09282465729809922,4393.208333333333,3590,10
C10-020,C10-021,0.9132193237700398,0.9132193237700398,120,0.021135181107012745,4418.308333333333,3620,10
C10-020,C10-022,0.9454655877114584,0.9454655877114584,120,0.014519961018375488,4422.416666666667,3623,10
C10-020,C10-023,0.8736060393406943,0.8736060393406943,120,0.026397772329112227,4393.208333333333,3590,10
C10-020,C10-024,0.7703459523243421,0.7703459523243421,120,0.0641596296831302,4422.416666666667,3623,10
C10-020,C10-025,0.6467040903209091,0.6467040903209091,120,0.0737742644924487,4393.208333333333,3590,10
C10-020,C10-026,0.8012319199433188,0.8012319199433188,120,0.052746243804264036,4393.208333333333,3590,10
C10-020,C10-027,0.7482788696458482,0.7482788696458482,120,0.06302202336795766,4422.416666666667,3623,10
C10-020,C10-028,0.6217723388359067,0.6217723388359067,120,0.11206835913238322,4422.416666666667,3623,10
C10-020,C10-029,0.6825063693587797,0.6825063693587797,120,0.09249107555977532,4422.416666666667,3623,10
C10-020,C10-030,0.39041986864633066,0.39041986864633066,120,0.11528541510460957,4418.308333333333,3620,10
C10-020,C10-031,0.4235411068490416,0.4235411068490416,120,0.12524388618653504,4418.308333333333,3620,10
C10-020,C10-032,0.5485351904694636,0.5485351904694636,120,0.12343858098405654,4422.416666666667,3623,10
C10-020,C10-033,0.5404333490979198,0.5404333490979198,120,0.09397977212378393,4422.416666666667,3623,10
C10-020,C10-034,0.5134771542738991,0.5134771542738991,120,0.10731414783991816,4422.416666666667,3623,10
C10-020,C10-035,0.3332413250627722,0.3332413250627722,120,0.1131152036348835,4393.208333333333,3590,10
C10-021,C10-022,0.9177308696126997,0.9177308696126997,120,0.022287726265100765,4418.308333333333,3620,10
C10-021,C10-023,0.8954606307351612,0.8954606307351612,120,0.024598525553624864,4393.208333333333,3590,10
C10-021,C10-024,0.7141843183281407,0.7141843183281407,120,0.06576965015255974,4418.308333333333,3620,10
C10-021,C10-025,0.723913148564066,0.723913148564066,120,0.05785593098512524,4393.208333333333,3590,10
C10-021,C10-026,0.8687359545627233,0.8687359545627233,120,0.033556775777171005,4393.208333333333,3590,10
C10-021,C10-027,0.6797897192711692,0.6797897192711692,120,0.06203520629738675,4418.308333333333,3620,10
C10-021,C10-028,0.3556517668237174,0.3556517668237174,120,0.15883540120329026,4418.308333333333,3620,10
C10-021,C10-029,0.5807891093645025,0.5807891093645025,120,0.10058171150892105,4418.308333333333,3620,10
C10-021,C10-030,0.6615844980556408,0.6615844980556408,120,0.06803786144698341,4418.308333333333,3620,10
C10-021,C10-031,0.6688108535782114,0.6688108535782114,120,0.0778105639744147,4418.308333333333,3620,10
C10-021,C10-032,0.5774887937341915,0.5774887937341915,120,0.1025686964557768,4418.308333333333,3620,10
C10-021,C10-033,0.6300546707155404,0.6300546707155404,120,0.0694998199061222,4418.308333333333,3620,10
C10-021,C10-034,0.5841192003992169,0.5841192003992169,120,0.08756976716134057,4418.308333333333,3620,10
C10-021,C10-035,0.5533766788344595,0.5533766788344595,120,0.07646157871328506,4393.208333333333,3590,10
C10-022,C10-023,0.9286902409409373,0.9286902409409373,120,0.012030553746404533,4393.208333333333,3590,10
C10-022,C10-024,0.8730606546726821,0.8730606546726821,120,0.03248089151938072,4422.416666666667,3623,10
C10-022,C10-025,0.7689318788400121,0.7689318788400121,120,0.05072592466375881,4393.208333333333,3590,10
C10-022,C10-026,0.8615384815515087,0.8615384815515087,120,0.03570838631129997,4393.208333333333,3590,10
C10-022,C10-027,0.7735665310022776,0.7735665310022776,120,0.041439386562710914,4422.416666666667,3623,10
C10-022,C10-028,0.4727400207803289,0.4727400207803289,120,0.137438378587215,4422.416666666667,3623,10
C10-022,C10-029,0.7085585875416888,0.7085585875416888,120,0.07202688953994094,4422.416666666667,3623,10
C10-022,C10-030,0.3759784639633718,0.3759784639633718,120,0.12456937836328193,4418.308333333333,3620,10
C10-022,C10-031,0.33844250341411297,0.33844250341411297,120,0.14310160869763044,4418.308333333333,3620,10
C10-022,C10-032,0.3657146329795387,0.3657146329795387,120,0.15399516489758697,4422.416666666667,3623,10
C10-022,C10-033,0.48874640034796923,0.48874640034796923,120,0.10917741056917755,4422.416666666667,3623,10
C10-022,C10-034,0.42955967918270316,0.42955967918270316,120,0.12833169974152647,4422.416666666667,3623,10
C10-022,C10-035,0.28389983605707836,0.28389983605707836,120,0.12909875767924167,4393.208333333333,3590,10
C10-023,C10-024,0.8588717297360219,0.8588717297360219,120,0.03148885628217763,4393.208333333333,3590,10
C10-023,C10-025,0.8985901025421008,0.8985901025421008,120,0.03183792539532328,4393.208333333333,3590,10
C10-023,C10-026,0.947021318534951,0.947021318534951,120,0.014368484950410675,4393.208333333333,3590,10
C10-023,C10-027,0.7943903342816664,0.7943903342816664,120,0.04401099297838474,4393.208333333333,3590,10
C10-023,C10-028,0.4785137735272287,0.4785137735272287,120,0.13426629857253064,4393.208333333333,3590,10
C10-023,C10-029,0.7409792817879102,0.7409792817879102,120,0.06505008843478109,4393.208333333333,3590,10
C10-023,C10-030,0.39963825201747255,0.39963825201747255,120,0.12291157598862239,4393.208333333333,3590,10
C10-023,C10-031,0.4230041310690254,0.4230041310690254,120,0.13150497788064616,4393.208333333333,3590,10
C10-023,C10-032,0.28361703666664617,0.28361703666664617,120,0.1601816700784454,4393.208333333333,3590,10
C10-023,C10-033,0.307254231311808,0.307254231311808,120,0.12701791326044345,4393.208333333333,3590,10
C10-023,C10-034,0.2609695354949937,0.2609695354949937,120,0.1460365574379083,4393.208333333333,3590,10
C10-023,C10-035,0.47028687618612075,0.47028687618612075,120,0.11277019872014885,4393.208333333333,3590,10
C10-024,C10-025,0.8568670231997315,0.8568670231997315,120,0.023673160645423165,4393.208333333333,3590,10
C10-024,C10-026,0.8622810882122602,0.8622810882122602,120,0.023336605146614776,4393.208333333333,3590,10
C10-024,C10-027,0.5934495117040655,0.5934495117040655,120,0.09455872015607354,4422.416666666667,3623,10
C10-024,C10-028,0.4546519411729751,0.4546519411729751,120,0.1276993158896803,4422.416666666667,3623,10
C10-024,C10-029,0.8203919343720062,0.8203919343720062,120,0.039394823685288044,4422.416666666667,3623,10
C10-024,C10-030,0.10176036320282808,0.10176036320282808,120,0.1531603969435021,4418.308333333333,3620,10
C10-024,C10-031,0.0981183186313373,0.0981183186313373,120,0.16409655966310802,4418.308333333333,3620,10
C10-024,C10-032,0.07572646690164833,0.07572646690164833,120,0.17856342591646396,4422.416666666667,3623,10
C10-024,C10-033,0.1443677480764785,0.1443677480764785,120,0.13534877847129043,4422.416666666667,3623,10
C10-024,C10-034,0.08279351504305099,0.08279351504305099,120,0.15480861300033202,4422.416666666667,3623,10
C10-024,C10-035,0.08916918603056938,0.08916918603056938,120,0.15018071552963216,4393.208333333333,3590,10
C10-025,C10-026,0.9418752952539324,0.9418752952539324,120,0.01039999174130187,4393.208333333333,3590,10
C10-025,C10-027,0.5517792214879189,0.5517792214879189,120,0.10828634383646796,4393.208333333333,3590,10
C10-025,C10-028,0.31387386756951513,0.31387386756951513,120,0.11687163951733555,4393.208333333333,3590,10
C10-025,C10-029,0.7103484933386296,0.7103484933386296,120,0.06854138643218365,4393.208333333333,3590,10
C10-025,C10-030,0.3395622100075684,0.3395622100075684,120,0.12768795715262835,4393.208333333333,3590,10
C10-025,C10-031,0.3147714753919014,0.3147714753919014,120,0.138873487078763,4393.208333333333,3590,10
C10-025,C10-032,0.030484387368087687,0.030484387368087687,120,0.15953253816695526,4393.208333333333,3590,10
C10-025,C10-033,0.13449328210216838,0.13449328210216838,120,0.12190456486403735,4393.208333333333,3590,10
C10-025,C10-034,0.07042237470223386,0.07042237470223386,120,0.14113356952751147,4393.208333333333,3590,10
C10-025,C10-035,0.46235727090647266,0.46235727090647266,120,0.12050983263938252,4393.208333333333,3590,10
C10-026,C10-027,0.5680997586709123,0.5680997586709123,120,0.09014664207608249,4393.208333333333,3590,10
C10-026,C10-028,0.3456789791501841,0.3456789791501841,120,0.1285387645089281,4393.208333333333,3590,10
C10-026,C10-029,0.7076380023938962,0.7076380023938962,120,0.055883939549655495,4393.208333333333,3590,10
C10-026,C10-030,0.4567814509419275,0.4567814509419275,120,0.11041223359752488,4393.208333333333,3590,10
C10-026,C10-031,0.479964760690472,0.479964760690472,120,0.11520586654735716,4393.208333333333,3590,10
C10-026,C10-032,0.32459725054889466,0.32459725054889466,120,0.13932026085139523,4393.208333333333,3590,10
C10-026,C10-033,0.3563300176394783,0.3563300176394783,120,0.1053510096502386,4393.208333333333,3590,10
C10-026,C10-034,0.3038953109110661,0.3038953109110661,120,0.12640239463743763,4393.208333333333,3590,10
C10-026,C10-035,0.5610218689046782,0.5610218689046782,120,0.09669053212630913,4393.208333333333,3590,10
C10-027,C10-028,0.5961112238503828,0.5961112238503828,120,0.15296773164171779,4743.85,3946,10
C10-027,C10-029,0.5904278913531654,0.5904278913531654,120,0.12260924228320702,4743.85,3946,10
C10-027,C10-030,0.1974134745407055,0.1974134745407055,120,0.12637288372785405,4739.708333333333,3941,10
C10-027,C10-031,0.21046789189586945,0.21046789189586945,120,0.14509909286718778,4739.708333333333,3941,10
C10-027,C10-032,0.14291565509635287,0.14291565509635287,120,0.1793087069736087,4743.85,3946,10
C10-027,C10-033,0.14763482229527677,0.14763482229527677,120,0.14674581134869386,4743.85,3946,10
C10-027,C10-034,0.12608752514802896,0.12608752514802896,120,0.16127713079634254,4743.85,3946,10
C10-027,C10-035,0.16604215231696617,0.16604215231696617,120,0.1332310188900182,4714.175,3911,10
C10-028,C10-029,0.6003003502332763,0.6003003502332763,120,0.14123174883255915,4880.233333333334,4192,10
C10-028,C10-030,-0.08388357550489926,0.08388357550489926,120,0.16324558631511912,4876.091666666666,4187,10
C10-028,C10-031,-0.013714349599317877,0.013714349599317877,120,0.1772003111301086,4876.091666666666,4187,10
C10-028,C10-032,0.10291546921985813,0.10291546921985813,120,0.19117145282070094,4880.233333333334,4192,10
C10-028,C10-033,-0.0348856123664018,0.0348856123664018,120,0.1661450052505535,4880.233333333334,4192,10
C10-028,C10-034,-0.0014237897358413715,0.0014237897358413715,120,0.17116523230906014,4880.233333333334,4192,10
C10-028,C10-035,-0.057185334043071016,0.057185334043071016,120,0.14447499137209802,4850.341666666666,4157,10
C10-029,C10-030,0.041669135063707376,0.041669135063707376,120,0.16815288814729684,4930.725,4326,10
C10-029,C10-031,0.09040399488084164,0.09040399488084164,120,0.18349859285593087,4947.983333333334,4374,10
C10-029,C10-032,0.05537501727073178,0.05537501727073178,120,0.19883993173797596,4952.125,4379,10
C10-029,C10-033,0.014738088692464272,0.014738088692464272,120,0.15074215228940946,4934.866666666667,4331,10
C10-029,C10-034,-0.017860151817001686,0.017860151817001686,120,0.17136211933245138,4934.866666666667,4331,10
C10-029,C10-035,0.07314412901367197,0.07314412901367197,120,0.1710921760434419,4922.1,4344,10
C10-030,C10-031,0.9004281279297787,0.9004281279297787,120,0.01989241017597273,4930.725,4326,10
C10-030,C10-032,0.5756402956173897,0.5756402956173897,120,0.040201317296115965,4930.725,4326,10
C10-030,C10-033,0.7107241206873982,0.7107241206873982,120,0.025888697271018564,4930.725,4326,10
C10-030,C10-034,0.715756035061952,0.715756035061952,120,0.020952568673474378,4930.725,4326,10
C10-030,C10-035,0.7503501677181155,0.7503501677181155,120,0.02772254989169203,4904.875,4296,10
C10-031,C10-032,0.7140101217128224,0.7140101217128224,120,0.018351415926025964,4980.441666666667,4450,10
C10-031,C10-033,0.5790661638560127,0.5790661638560127,120,0.058389299651748584,4930.725,4326,10
C10-031,C10-034,0.585347560690343,0.585347560690343,120,0.04939162632862919,4930.725,4326,10
C10-031,C10-035,0.8163199311583196,0.8163199311583196,120,0.013635195630864625,4954.491666666667,4420,10
C10-032,C10-033,0.7684988131415217,0.7684988131415217,120,0.04129368662954377,4934.866666666667,4331,10
C10-032,C10-034,0.8048707035636103,0.8048707035636103,120,0.03159578386185759,4934.866666666667,4331,10
C10-032,C10-035,0.5456149516407659,0.5456149516407659,120,0.03531322639256731,4954.5,4420,10
C10-033,C10-034,0.9653657798207251,0.9653657798207251,120,0.007371501594300545,4934.866666666667,4331,10
C10-033,C10-035,0.45700557630921956,0.45700557630921956,120,0.05754550008603568,4904.875,4296,10
C10-034,C10-035,0.4574232989291352,0.4574232989291352,120,0.05040806020379598,4904.875,4296,10
