factor_a_name,factor_a_handler,factor_a_platform_net_excess_pct,factor_b_name,factor_b_handler,factor_b_platform_net_excess_pct,correlation,abs_correlation,days,common_stocks_mean
SIZE-ONLY-20260911,size_only,21.433287999999997,T10-ADD-AGG-IMPACT-20260911,t10_size_plus_impact_aggregate,19.759592,-0.7104640373766662,0.7104640373766662,1211,4433.262592898431
SIZE-ONLY-20260911,size_only,21.433287999999997,VERIFY-E260910-04,book_to_market_lf_minus_size,17.75808,-0.7141892216781425,0.7141892216781425,1211,4985.301403798514
SIZE-ONLY-20260911,size_only,21.433287999999997,H03-T10-SINGLE,impact60,16.443255999999998,-0.769539055035019,0.769539055035019,1211,4940.404624277457
SIZE-ONLY-20260911,size_only,21.433287999999997,F-NET01-PLAT-20260914,wma_low_volume40,13.628703999999999,-0.6236622245121681,0.6236622245121681,1211,4958.179190751445
SIZE-ONLY-20260911,size_only,21.433287999999997,COMBO-DIRECT-OSR2-CHIP-TURN-PAPER-EQ,reversal_chip_turn_paper,12.774432000000001,-0.28506955336970174,0.28506955336970174,1211,4404.062758051197
SIZE-ONLY-20260911,size_only,21.433287999999997,HT13-TURN-BIAS-1M,turn_bias,6.428368,0.0751805142735265,0.0751805142735265,1211,4433.262592898431
SIZE-ONLY-20260911,size_only,21.433287999999997,OSR2-RET40,reversal40,5.030975999999999,-0.051687012199692746,0.051687012199692746,1211,4957.350123864575
SIZE-ONLY-20260911,size_only,21.433287999999997,OSR2-DD120,drawdown120,4.791456,-0.10273138398947929,0.10273138398947929,1211,4886.479768786127
SIZE-ONLY-20260911,size_only,21.433287999999997,NONHT-CHIP-COST-250,chip250,4.279336,-0.1448292689561234,0.1448292689561234,1211,4751.623451692816
SIZE-ONLY-20260911,size_only,21.433287999999997,OSR3-RET40-BP-CFP,reversal_bm_cfp,3.560943999999999,-0.01011637026592615,0.01011637026592615,1211,4952.846407927333
SIZE-ONLY-20260911,size_only,21.433287999999997,NEW-VALUE-EVEBITDA,ev_ebitda_proxy,3.3196399999999997,-0.17260781151474439,0.17260781151474439,1211,4887.166804293972
SIZE-ONLY-20260911,size_only,21.433287999999997,NONHT-RESVOL-LOW,residual_volatility,0.37087199999999987,0.06827690725050972,0.06827690725050972,1211,4433.262592898431
T10-ADD-AGG-IMPACT-20260911,t10_size_plus_impact_aggregate,19.759592,VERIFY-E260910-04,book_to_market_lf_minus_size,17.75808,0.5682257644863046,0.5682257644863046,1211,4429.189099917424
T10-ADD-AGG-IMPACT-20260911,t10_size_plus_impact_aggregate,19.759592,H03-T10-SINGLE,impact60,16.443255999999998,0.7927493483702972,0.7927493483702972,1211,4433.262592898431
T10-ADD-AGG-IMPACT-20260911,t10_size_plus_impact_aggregate,19.759592,F-NET01-PLAT-20260914,wma_low_volume40,13.628703999999999,0.6819175894344164,0.6819175894344164,1211,4433.262592898431
T10-ADD-AGG-IMPACT-20260911,t10_size_plus_impact_aggregate,19.759592,COMBO-DIRECT-OSR2-CHIP-TURN-PAPER-EQ,reversal_chip_turn_paper,12.774432000000001,0.7743602986492779,0.7743602986492779,1211,4404.062758051197
T10-ADD-AGG-IMPACT-20260911,t10_size_plus_impact_aggregate,19.759592,HT13-TURN-BIAS-1M,turn_bias,6.428368,-0.5748077198166859,0.5748077198166859,1211,4433.262592898431
T10-ADD-AGG-IMPACT-20260911,t10_size_plus_impact_aggregate,19.759592,OSR2-RET40,reversal40,5.030975999999999,0.4803050971290828,0.4803050971290828,1211,4433.262592898431
T10-ADD-AGG-IMPACT-20260911,t10_size_plus_impact_aggregate,19.759592,OSR2-DD120,drawdown120,4.791456,0.32720756180494365,0.32720756180494365,1211,4433.262592898431
T10-ADD-AGG-IMPACT-20260911,t10_size_plus_impact_aggregate,19.759592,NONHT-CHIP-COST-250,chip250,4.279336,0.5837420339704879,0.5837420339704879,1211,4433.262592898431
T10-ADD-AGG-IMPACT-20260911,t10_size_plus_impact_aggregate,19.759592,OSR3-RET40-BP-CFP,reversal_bm_cfp,3.560943999999999,0.2857138329323243,0.2857138329323243,1211,4428.781998348472
T10-ADD-AGG-IMPACT-20260911,t10_size_plus_impact_aggregate,19.759592,NEW-VALUE-EVEBITDA,ev_ebitda_proxy,3.3196399999999997,0.13552274786767438,0.13552274786767438,1211,4426.990090834021
T10-ADD-AGG-IMPACT-20260911,t10_size_plus_impact_aggregate,19.759592,NONHT-RESVOL-LOW,residual_volatility,0.37087199999999987,0.11375819625347301,0.11375819625347301,1211,4433.262592898431
VERIFY-E260910-04,book_to_market_lf_minus_size,17.75808,H03-T10-SINGLE,impact60,16.443255999999998,0.580384871432227,0.580384871432227,1211,4936.308009909166
VERIFY-E260910-04,book_to_market_lf_minus_size,17.75808,F-NET01-PLAT-20260914,wma_low_volume40,13.628703999999999,0.6918928005679228,0.6918928005679228,1211,4954.082576383154
VERIFY-E260910-04,book_to_market_lf_minus_size,17.75808,COMBO-DIRECT-OSR2-CHIP-TURN-PAPER-EQ,reversal_chip_turn_paper,12.774432000000001,0.4238962509934489,0.4238962509934489,1211,4404.062758051197
VERIFY-E260910-04,book_to_market_lf_minus_size,17.75808,HT13-TURN-BIAS-1M,turn_bias,6.428368,-0.0821154774537022,0.0821154774537022,1211,4429.189099917424
VERIFY-E260910-04,book_to_market_lf_minus_size,17.75808,OSR2-RET40,reversal40,5.030975999999999,0.0848946664862254,0.0848946664862254,1211,4953.253509496284
VERIFY-E260910-04,book_to_market_lf_minus_size,17.75808,OSR2-DD120,drawdown120,4.791456,-0.013061144094323853,0.013061144094323853,1211,4882.3831544178365
VERIFY-E260910-04,book_to_market_lf_minus_size,17.75808,NONHT-CHIP-COST-250,chip250,4.279336,0.21277381183379115,0.21277381183379115,1211,4747.526837324525
VERIFY-E260910-04,book_to_market_lf_minus_size,17.75808,OSR3-RET40-BP-CFP,reversal_bm_cfp,3.560943999999999,0.4123493368067262,0.4123493368067262,1211,4952.846407927333
VERIFY-E260910-04,book_to_market_lf_minus_size,17.75808,NEW-VALUE-EVEBITDA,ev_ebitda_proxy,3.3196399999999997,-0.031079116952562547,0.031079116952562547,1211,4887.166804293972
VERIFY-E260910-04,book_to_market_lf_minus_size,17.75808,NONHT-RESVOL-LOW,residual_volatility,0.37087199999999987,0.32393139637965523,0.32393139637965523,1211,4429.189099917424
H03-T10-SINGLE,impact60,16.443255999999998,F-NET01-PLAT-20260914,wma_low_volume40,13.628703999999999,0.7238867845384299,0.7238867845384299,1211,4940.404624277457
H03-T10-SINGLE,impact60,16.443255999999998,COMBO-DIRECT-OSR2-CHIP-TURN-PAPER-EQ,reversal_chip_turn_paper,12.774432000000001,0.30754835897389216,0.30754835897389216,1211,4404.062758051197
H03-T10-SINGLE,impact60,16.443255999999998,HT13-TURN-BIAS-1M,turn_bias,6.428368,-0.2391526350579269,0.2391526350579269,1211,4433.262592898431
H03-T10-SINGLE,impact60,16.443255999999998,OSR2-RET40,reversal40,5.030975999999999,0.008966197514727605,0.008966197514727605,1211,4940.404624277457
H03-T10-SINGLE,impact60,16.443255999999998,OSR2-DD120,drawdown120,4.791456,-0.035960834089745194,0.035960834089745194,1211,4886.479768786127
H03-T10-SINGLE,impact60,16.443255999999998,NONHT-CHIP-COST-250,chip250,4.279336,0.14888747056313184,0.14888747056313184,1211,4751.623451692816
H03-T10-SINGLE,impact60,16.443255999999998,OSR3-RET40-BP-CFP,reversal_bm_cfp,3.560943999999999,0.016161218273555666,0.016161218273555666,1211,4935.900908340214
H03-T10-SINGLE,impact60,16.443255999999998,NEW-VALUE-EVEBITDA,ev_ebitda_proxy,3.3196399999999997,0.17124682416468417,0.17124682416468417,1211,4879.031379025599
H03-T10-SINGLE,impact60,16.443255999999998,NONHT-RESVOL-LOW,residual_volatility,0.37087199999999987,0.1719992045311851,0.1719992045311851,1211,4433.262592898431
F-NET01-PLAT-20260914,wma_low_volume40,13.628703999999999,COMBO-DIRECT-OSR2-CHIP-TURN-PAPER-EQ,reversal_chip_turn_paper,12.774432000000001,0.42578513791584727,0.42578513791584727,1211,4404.062758051197
F-NET01-PLAT-20260914,wma_low_volume40,13.628703999999999,HT13-TURN-BIAS-1M,turn_bias,6.428368,-0.2676858834501259,0.2676858834501259,1211,4433.262592898431
F-NET01-PLAT-20260914,wma_low_volume40,13.628703999999999,OSR2-RET40,reversal40,5.030975999999999,0.08563239715313771,0.08563239715313771,1211,4957.350123864575
F-NET01-PLAT-20260914,wma_low_volume40,13.628703999999999,OSR2-DD120,drawdown120,4.791456,-0.07541420959721494,0.07541420959721494,1211,4886.479768786127
F-NET01-PLAT-20260914,wma_low_volume40,13.628703999999999,NONHT-CHIP-COST-250,chip250,4.279336,0.23167605146239323,0.23167605146239323,1211,4751.623451692816
F-NET01-PLAT-20260914,wma_low_volume40,13.628703999999999,OSR3-RET40-BP-CFP,reversal_bm_cfp,3.560943999999999,0.22056673110783598,0.22056673110783598,1211,4952.846407927333
F-NET01-PLAT-20260914,wma_low_volume40,13.628703999999999,NEW-VALUE-EVEBITDA,ev_ebitda_proxy,3.3196399999999997,0.04873136948464324,0.04873136948464324,1211,4883.166804293972
F-NET01-PLAT-20260914,wma_low_volume40,13.628703999999999,NONHT-RESVOL-LOW,residual_volatility,0.37087199999999987,0.3861458086154319,0.3861458086154319,1211,4433.262592898431
COMBO-DIRECT-OSR2-CHIP-TURN-PAPER-EQ,reversal_chip_turn_paper,12.774432000000001,HT13-TURN-BIAS-1M,turn_bias,6.428368,-0.679925071252789,0.679925071252789,1211,4404.062758051197
COMBO-DIRECT-OSR2-CHIP-TURN-PAPER-EQ,reversal_chip_turn_paper,12.774432000000001,OSR2-RET40,reversal40,5.030975999999999,0.7359726531293843,0.7359726531293843,1211,4404.062758051197
COMBO-DIRECT-OSR2-CHIP-TURN-PAPER-EQ,reversal_chip_turn_paper,12.774432000000001,OSR2-DD120,drawdown120,4.791456,0.4798889047842654,0.4798889047842654,1211,4404.062758051197
COMBO-DIRECT-OSR2-CHIP-TURN-PAPER-EQ,reversal_chip_turn_paper,12.774432000000001,NONHT-CHIP-COST-250,chip250,4.279336,0.7954806558888866,0.7954806558888866,1211,4404.062758051197
COMBO-DIRECT-OSR2-CHIP-TURN-PAPER-EQ,reversal_chip_turn_paper,12.774432000000001,OSR3-RET40-BP-CFP,reversal_bm_cfp,3.560943999999999,0.5659036867697422,0.5659036867697422,1211,4403.682080924856
COMBO-DIRECT-OSR2-CHIP-TURN-PAPER-EQ,reversal_chip_turn_paper,12.774432000000001,NEW-VALUE-EVEBITDA,ev_ebitda_proxy,3.3196399999999997,0.01833807902790147,0.01833807902790147,1211,4402.837324525186
COMBO-DIRECT-OSR2-CHIP-TURN-PAPER-EQ,reversal_chip_turn_paper,12.774432000000001,NONHT-RESVOL-LOW,residual_volatility,0.37087199999999987,0.187260828686437,0.187260828686437,1211,4404.062758051197
HT13-TURN-BIAS-1M,turn_bias,6.428368,OSR2-RET40,reversal40,5.030975999999999,-0.3663836320436754,0.3663836320436754,1211,4433.262592898431
HT13-TURN-BIAS-1M,turn_bias,6.428368,OSR2-DD120,drawdown120,4.791456,-0.15018858416707542,0.15018858416707542,1211,4433.262592898431
HT13-TURN-BIAS-1M,turn_bias,6.428368,NONHT-CHIP-COST-250,chip250,4.279336,-0.40255171564552183,0.40255171564552183,1211,4433.262592898431
HT13-TURN-BIAS-1M,turn_bias,6.428368,OSR3-RET40-BP-CFP,reversal_bm_cfp,3.560943999999999,-0.23694063922024178,0.23694063922024178,1211,4428.781998348472
HT13-TURN-BIAS-1M,turn_bias,6.428368,NEW-VALUE-EVEBITDA,ev_ebitda_proxy,3.3196399999999997,-0.014705359544279024,0.014705359544279024,1211,4426.990090834021
HT13-TURN-BIAS-1M,turn_bias,6.428368,NONHT-RESVOL-LOW,residual_volatility,0.37087199999999987,-0.14393196795336508,0.14393196795336508,1211,4433.262592898431
OSR2-RET40,reversal40,5.030975999999999,OSR2-DD120,drawdown120,4.791456,0.6024953217381872,0.6024953217381872,1211,4886.479768786127
OSR2-RET40,reversal40,5.030975999999999,NONHT-CHIP-COST-250,chip250,4.279336,0.5848226605133485,0.5848226605133485,1211,4751.623451692816
OSR2-RET40,reversal40,5.030975999999999,OSR3-RET40-BP-CFP,reversal_bm_cfp,3.560943999999999,0.6024089775651188,0.6024089775651188,1211,4952.846407927333
OSR2-RET40,reversal40,5.030975999999999,NEW-VALUE-EVEBITDA,ev_ebitda_proxy,3.3196399999999997,0.016486659617475367,0.016486659617475367,1211,4883.009083402147
OSR2-RET40,reversal40,5.030975999999999,NONHT-RESVOL-LOW,residual_volatility,0.37087199999999987,-0.014800854034621556,0.014800854034621556,1211,4433.262592898431
OSR2-DD120,drawdown120,4.791456,NONHT-CHIP-COST-250,chip250,4.279336,0.5944266299969564,0.5944266299969564,1211,4751.623451692816
OSR2-DD120,drawdown120,4.791456,OSR3-RET40-BP-CFP,reversal_bm_cfp,3.560943999999999,0.26797935695369823,0.26797935695369823,1211,4881.976052848885
OSR2-DD120,drawdown120,4.791456,NEW-VALUE-EVEBITDA,ev_ebitda_proxy,3.3196399999999997,0.09297368378954836,0.09297368378954836,1211,4855.0
OSR2-DD120,drawdown120,4.791456,NONHT-RESVOL-LOW,residual_volatility,0.37087199999999987,-0.3885949044025431,0.3885949044025431,1211,4433.262592898431
NONHT-CHIP-COST-250,chip250,4.279336,OSR3-RET40-BP-CFP,reversal_bm_cfp,3.560943999999999,0.4225670200794805,0.4225670200794805,1211,4747.119735755574
NONHT-CHIP-COST-250,chip250,4.279336,NEW-VALUE-EVEBITDA,ev_ebitda_proxy,3.3196399999999997,0.044983742536677904,0.044983742536677904,1211,4744.439306358381
NONHT-CHIP-COST-250,chip250,4.279336,NONHT-RESVOL-LOW,residual_volatility,0.37087199999999987,0.07739596148162561,0.07739596148162561,1211,4433.262592898431
OSR3-RET40-BP-CFP,reversal_bm_cfp,3.560943999999999,NEW-VALUE-EVEBITDA,ev_ebitda_proxy,3.3196399999999997,-0.12782334651988722,0.12782334651988722,1211,4882.601981833196
OSR3-RET40-BP-CFP,reversal_bm_cfp,3.560943999999999,NONHT-RESVOL-LOW,residual_volatility,0.37087199999999987,0.30636222032546157,0.30636222032546157,1211,4428.781998348472
NEW-VALUE-EVEBITDA,ev_ebitda_proxy,3.3196399999999997,NONHT-RESVOL-LOW,residual_volatility,0.37087199999999987,-0.16914519487274235,0.16914519487274235,1211,4426.990090834021
