variant,scope,label_offset,date,stock_count,rank_ic,ic,benchmark,group_1_return,group_1_excess,turnover_1,group_1_count,group_2_return,group_2_excess,turnover_2,group_2_count,group_3_return,group_3_excess,turnover_3,group_3_count,group_4_return,group_4_excess,turnover_4,group_4_count,group_5_return,group_5_excess,turnover_5,group_5_count,group_6_return,group_6_excess,turnover_6,group_6_count,group_7_return,group_7_excess,turnover_7,group_7_count,group_8_return,group_8_excess,turnover_8,group_8_count,group_9_return,group_9_excess,turnover_9,group_9_count,group_10_return,group_10_excess,turnover_10,group_10_count,group_return,excess,turnover,selected_count
raw_low_2024,raw_2024,0,2024-01-08,5092,-0.07097151184420597,-0.10274201496982115,0.003874003625083679,0.0024054969902531525,-0.0014685066348305263,,509,0.004795757628352083,0.0009217540032684045,,509,0.0069970158667466914,0.0031230122416630126,,509,0.007845522329389655,0.003971518704305977,,509,0.0035604713506175523,-0.0003135322744661265,,510,0.003291964152776008,-0.0005820394723076707,,509,0.006144573852760591,0.002270570227676912,,509,0.008076818514056566,0.0042028148889728875,,509,0.0028566797131024733,-0.0010173239119812055,,509,-0.007211868460851779,-0.011085872085935458,,510,-0.007211868460851779,-0.011085872085935458,,510
raw_low_2024,raw_2024,0,2024-01-15,5093,-0.021126130172371093,0.017191170087442136,-0.1025049066111562,-0.09866289091766343,0.0038420156934927674,0.7858546168958742,509,-0.10266695424585712,-0.00016204763470091532,0.8605108055009824,509,-0.10621218546189291,-0.0037072788507367116,0.8722986247544204,509,-0.10288552590856997,-0.00038061929741377287,0.9117647058823529,510,-0.10534191594989639,-0.00283700933874019,0.9037328094302554,509,-0.1052076923540788,-0.0027027857429225977,0.8664047151277013,509,-0.09895304518820017,0.0035518614229560347,0.884313725490196,510,-0.10493524205770853,-0.0024303354465523286,0.8585461689587426,509,-0.09851573063342069,0.003989175977735515,0.8722986247544204,509,-0.10167574273808279,0.000829163873073413,0.7568627450980392,510,-0.10167574273808279,0.000829163873073413,0.7568627450980392,510
raw_low_2024,raw_2024,0,2024-01-22,5097,-0.24364426747267295,-0.15850738300100037,0.019682153492581195,0.025865725080524305,0.00618357158794311,0.8506876227897839,509,0.036253237027676875,0.01657108353509568,0.8823529411764706,510,0.032849367701794016,0.01316721420921282,0.907843137254902,510,0.02853394513859081,0.008851791646009615,0.8939096267190569,509,0.032332919649433085,0.01265076615685189,0.8764705882352941,510,0.01919854984392595,-0.0004836036486552467,0.8941176470588236,510,0.01570374180270131,-0.003978411689879887,0.8722986247544204,509,0.008394717458768153,-0.011287436033813042,0.9176470588235294,510,0.007106397973563291,-0.012575755519017904,0.9156862745098039,510,-0.009395386454020625,-0.02907753994660182,0.8019607843137255,510,-0.009395386454020625,-0.02907753994660182,0.8019607843137255,510
raw_low_2024,raw_2024,0,2024-01-29,5100,-0.3018916403835345,-0.1820575504984533,-0.19941122049318835,-0.12142034483747322,0.07799087565571514,0.7196078431372549,510,-0.16388106419880516,0.03553015629438319,0.8254901960784313,510,-0.19281826454275192,0.0065929559504364355,0.8686274509803922,510,-0.20232437042830392,-0.002913149935115572,0.8784313725490196,510,-0.21827204247570406,-0.018860821982515708,0.8823529411764706,510,-0.21519498502442633,-0.015783764531237976,0.9137254901960784,510,-0.22353879146720634,-0.024127570974017992,0.8666666666666667,510,-0.22919269241161644,-0.029781471918428087,0.8431372549019608,510,-0.21136377269599776,-0.011952552202809413,0.8607843137254902,510,-0.2161058768495982,-0.016694656356409848,0.8137254901960784,510,-0.2161058768495982,-0.016694656356409848,0.8137254901960784,510
raw_low_2024,raw_2024,0,2024-02-05,5100,0.4459593550462881,0.40299048321889563,0.12852427122137447,0.028713298953842857,-0.0998109722675316,0.9117647058823529,510,0.07039541879034139,-0.05812885243103308,0.9254901960784314,510,0.10437475243033187,-0.0241495187910426,0.8823529411764706,510,0.1276452526414591,-0.0008790185799153749,0.8862745098039215,510,0.1410770080748517,0.012552736853477242,0.9254901960784314,510,0.1592902485097537,0.030765977288379237,0.9176470588235294,510,0.161672329901885,0.03314805868051052,0.9215686274509804,510,0.1704668762599763,0.04194260503860184,0.8745098039215686,510,0.16623969371990965,0.037715422498535184,0.8862745098039215,510,0.15536783293139306,0.026843561710018587,0.8411764705882353,510,0.15536783293139306,0.026843561710018587,0.8411764705882353,510
raw_low_2024,raw_2024,0,2024-02-20,5104,0.4638761516456706,0.3257398972201424,0.11547641944829845,0.06052323644896361,-0.05495318299933484,0.9529411764705882,510,0.06484072260105027,-0.05063569684724818,0.9627450980392157,510,0.07861983089662829,-0.036856588551670164,0.9099804305283757,511,0.08839928450294036,-0.027077134945358086,0.8627450980392157,510,0.10399739080290199,-0.01147902864539646,0.8864970645792564,511,0.12673069778061236,0.011254278332313905,0.9274509803921569,510,0.14551339838773536,0.03003697893943691,0.9215686274509804,510,0.15522763211290844,0.039751212664609986,0.888454011741683,511,0.1682105159798449,0.052734096531546454,0.8686274509803922,510,0.1626258672375231,0.04714944778922464,0.821917808219178,511,0.1626258672375231,0.04714944778922464,0.821917808219178,511
raw_low_2024,raw_2024,0,2024-02-27,5103,-0.24893657336982156,-0.11501858904430003,-0.02785280055440243,-0.0008216491592382025,0.027031151395164228,0.6705882352941177,510,-0.014422296607872033,0.013430503946530397,0.8529411764705882,510,-0.01917032849926241,0.008682472055140021,0.8490196078431372,510,-0.0314002311987592,-0.0035474306443567666,0.8649706457925637,511,-0.03260463979907,-0.004751839244667572,0.9098039215686274,510,-0.034158282139095344,-0.006305481584692914,0.8745098039215686,510,-0.0411702244115043,-0.01331742385710187,0.8649706457925637,511,-0.036925335925792564,-0.009072535371390134,0.8372549019607843,510,-0.03956718352543232,-0.01171438297102989,0.8490196078431372,510,-0.028253979310825586,-0.0004011787564231553,0.7573385518590998,511,-0.028253979310825586,-0.0004011787564231553,0.7573385518590998,511
raw_low_2024,raw_2024,0,2024-03-05,5104,-0.020635952162637708,-0.04204496831373294,0.044542914954452284,0.029429721106147614,-0.01511319384830467,0.6411764705882352,510,0.03918195189653108,-0.005360963057921206,0.8196078431372549,510,0.04602793112231474,0.0014850161678624588,0.8277886497064579,511,0.04765803628713302,0.0031151213326807356,0.8607843137254902,510,0.054838364225807346,0.010295449271355062,0.8767123287671232,511,0.05512672648143997,0.010583811526987688,0.8588235294117648,510,0.05364735720962232,0.009104442255170035,0.8549019607843137,510,0.05034639500220119,0.005803480047748909,0.8806262230919766,511,0.03904604753356624,-0.005496867420886044,0.8549019607843137,510,0.030120419757621825,-0.014422495196830459,0.7123287671232876,511,0.030120419757621825,-0.014422495196830459,0.7123287671232876,511
raw_low_2024,raw_2024,0,2024-03-12,5103,0.0789909168107111,0.04119147930228623,0.02759915971150036,0.01088818727091553,-0.01671097244058483,0.6215686274509804,510,0.021409557191933895,-0.006189602519566465,0.8196078431372549,510,0.025431243804120013,-0.0021679159073803474,0.8568627450980393,510,0.027066631236804237,-0.0005325284746961235,0.8708414872798435,511,0.032736902599895444,0.005137742888395084,0.9019607843137255,510,0.030891305293725593,0.003292145582225233,0.8784313725490196,510,0.03393217689107124,0.006333017179570879,0.8943248532289628,511,0.03232960762236863,0.004730447910868272,0.884313725490196,510,0.034241396102747346,0.0066422363912469855,0.8686274509803922,510,0.027054283977948502,-0.0005448757335518584,0.776908023483366,511,0.027054283977948502,-0.0005448757335518584,0.776908023483366,511
raw_low_2024,raw_2024,0,2024-03-19,5105,-0.12919825113395186,-0.05862974894348659,-0.025997550548060838,-0.01985796677078807,0.0061395837772727675,0.7098039215686274,510,-0.024072011145510837,0.0019255394025500007,0.8551859099804305,511,-0.022481519767440162,0.0035160307806206756,0.8725490196078431,510,-0.02213163895299574,0.0038659115950650975,0.8962818003913895,511,-0.026242348561220985,-0.0002447980131601475,0.8764705882352941,510,-0.02837404113520316,-0.002376490587142323,0.9080234833659491,511,-0.02608258085065045,-8.503030258961292e-05,0.8725490196078431,510,-0.024356423357739448,0.0016411271903213898,0.8727984344422701,511,-0.033376210096801334,-0.007378659548740497,0.8725490196078431,510,-0.03299695441820065,-0.006999403870139812,0.8082191780821918,511,-0.03299695441820065,-0.006999403870139812,0.8082191780821918,511
raw_low_2024,raw_2024,0,2024-03-26,5107,-0.15934183387867332,-0.11270673242473828,0.023067040751516943,0.018120555424832537,-0.004946485326684406,0.6764705882352942,510,0.02723512830926135,0.004168087557744407,0.8571428571428572,511,0.031093078234514956,0.008026037482998013,0.8786692759295499,511,0.031713990770001366,0.008646950018484423,0.8764705882352941,510,0.032415101329698805,0.009348060578181862,0.8864970645792564,511,0.031205462104590513,0.00813842135307357,0.8708414872798435,511,0.027035298794052025,0.003968258042535082,0.888235294117647,510,0.020496168244840594,-0.0025708725066763485,0.8493150684931507,511,0.010532772680762649,-0.012534268070754294,0.8649706457925637,511,0.0008378589078090354,-0.022229181843707906,0.7436399217221135,511,0.0008378589078090354,-0.022229181843707906,0.7436399217221135,511
raw_low_2024,raw_2024,0,2024-04-02,5112,-0.16459243130643136,-0.1159039627495498,-0.036435115560645916,-0.02141466159073105,0.015020453969914867,0.6281800391389433,511,-0.027578087626830228,0.008857027933815688,0.8277886497064579,511,-0.0301719147160529,0.006263200844593017,0.8767123287671232,511,-0.03590959960410529,0.0005255159565406287,0.8688845401174168,511,-0.039213716258956074,-0.002778600698310159,0.896484375,512,-0.041351492890437665,-0.004916377329791749,0.888454011741683,511,-0.03671935377732054,-0.00028423821667462185,0.9001956947162426,511,-0.04210355271635413,-0.0056684371557082155,0.8786692759295499,511,-0.03914396983825318,-0.002708854277607267,0.8493150684931507,511,-0.05071143101764257,-0.014276315456996654,0.69140625,512,-0.05071143101764257,-0.014276315456996654,0.69140625,512
raw_low_2024,raw_2024,0,2024-04-11,5115,-0.22259698173827863,-0.1507792825869714,-0.05110354517850359,-0.020099376889485942,0.031004168289017645,0.7064579256360078,511,-0.040196642748381764,0.010906902430121823,0.8828125,512,-0.0426329102850156,0.00847063489348799,0.8923679060665362,511,-0.05117876415277406,-7.521897427047175e-05,0.90234375,512,-0.05476777743737059,-0.0036642322588670007,0.888454011741683,511,-0.052428109794885686,-0.0013245646163820984,0.90234375,512,-0.05638859296301369,-0.005285047784510104,0.8806262230919766,511,-0.056303612638371005,-0.005200067459867418,0.869140625,512,-0.07151875628688883,-0.020415211108385248,0.8864970645792564,511,-0.06550116188566366,-0.014397616707160069,0.767578125,512,-0.06550116188566366,-0.014397616707160069,0.767578125,512
raw_low_2024,raw_2024,0,2024-04-18,5113,0.12006052926167551,0.04970893599927423,0.016611409421384192,-0.00521211366491149,-0.021823523086295683,0.8062622309197651,511,0.010036352009208074,-0.006575057412176118,0.8688845401174168,511,0.008290142434861694,-0.008321266986522498,0.9021526418786693,511,0.016118991538177876,-0.0004924178832063156,0.892578125,512,0.02471911958513863,0.008107710163754438,0.8767123287671232,511,0.020454725646450417,0.0038433162250662255,0.8904109589041096,511,0.022695490771032438,0.006084081349648246,0.892578125,512,0.028630568849644728,0.012019159428260536,0.9021526418786693,511,0.027258902308586772,0.01064749288720258,0.8767123287671232,511,0.013117808937252952,-0.00349360048413124,0.79296875,512,0.013117808937252952,-0.00349360048413124,0.79296875,512
raw_low_2024,raw_2024,0,2024-04-25,5107,0.13511845789350282,0.05105729232486993,0.06563985838381103,0.04367410445838752,-0.021965753925423513,0.7941176470588236,510,0.05545369472943999,-0.010186163654371042,0.8727984344422701,511,0.06000517730016797,-0.005634681083643067,0.8904109589041096,511,0.0670318560697121,0.001391997685901064,0.9117647058823529,510,0.06668397317080184,0.0010441147869908046,0.904109589041096,511,0.07208003412615442,0.0064401757423433875,0.8923679060665362,511,0.07267598963125045,0.007036131247439417,0.8980392156862745,510,0.07672225574455414,0.01108239736074311,0.8727984344422701,511,0.07396335929678942,0.008323500912978385,0.8806262230919766,511,0.06808164689403816,0.0024417885102271247,0.7729941291585127,511,0.06808164689403816,0.0024417885102271247,0.7729941291585127,511
raw_low_2024,raw_2024,0,2024-05-07,5094,-0.2157079945875777,-0.11832461946772005,-0.018607461337724174,-0.019048510949467197,-0.0004410496117430232,0.7445972495088409,509,-0.007307100410020102,0.011300360927704072,0.8683693516699411,509,-0.00751165953359394,0.011095801804130234,0.8666666666666667,510,-0.012286025998601643,0.006321435339122531,0.8781925343811395,509,-0.01638489835923761,0.0022225629784865635,0.884313725490196,510,-0.019019604076763025,-0.0004121427390388517,0.888015717092338,509,-0.023891270847297155,-0.0052838095095729815,0.9135559921414538,509,-0.022692450021810553,-0.004084988684086379,0.8764705882352941,510,-0.02116689839143134,-0.002559437053707165,0.8899803536345776,509,-0.03674869408832747,-0.018141232750603295,0.8156862745098039,510,-0.03674869408832747,-0.018141232750603295,0.8156862745098039,510
raw_low_2024,raw_2024,0,2024-05-14,5095,-0.04719863940288245,0.00018514556905796365,0.004910318084723594,-0.005774272317131747,-0.010684590401855341,0.6601178781925343,509,0.002290790089850709,-0.002619527994872885,0.8568627450980393,510,0.006997281667662647,0.0020869635829390528,0.9096267190569745,509,0.008815098642857058,0.003904780558133464,0.9019607843137255,510,0.0077076111993567495,0.0027972931146331556,0.8939096267190569,509,0.009010168069317332,0.004099849984593738,0.8803921568627451,510,0.008799359169739335,0.003889041085015741,0.8703339882121808,509,0.009743092648483716,0.0048327745637601225,0.9,510,0.00511680529099231,0.0002064872062687165,0.8939096267190569,509,-0.0036060963696039265,-0.00851641445432752,0.8215686274509804,510,-0.0036060963696039265,-0.00851641445432752,0.8215686274509804,510
raw_low_2024,raw_2024,0,2024-05-21,5094,-0.17142564237010346,-0.08055012968961188,-0.029837152176408636,-0.027694186844885848,0.0021429653315227885,0.7465618860510805,509,-0.023401815171974153,0.006435337004434483,0.8526522593320236,509,-0.026113862928953128,0.0037232892474555086,0.8862745098039215,510,-0.02452297260962894,0.005314179566779695,0.8821218074656189,509,-0.027319854943427865,0.0025172972329807718,0.892156862745098,510,-0.02536040252868476,0.004476749647723877,0.9017681728880157,509,-0.031045571614020277,-0.0012084194376116401,0.8801571709233792,509,-0.03395470990125014,-0.0041175577248415,0.884313725490196,510,-0.03894917329869267,-0.009112021122284035,0.8664047151277013,509,-0.03999318997944983,-0.010156037803041196,0.7666666666666666,510,-0.03999318997944983,-0.010156037803041196,0.7666666666666666,510
raw_low_2024,raw_2024,0,2024-05-28,5093,-0.12363317671516569,-0.10354937114675358,-0.022959383675868167,-0.024460240827943954,-0.0015008571520757873,0.7288801571709234,509,-0.015418753186312315,0.007540630489555852,0.8703339882121808,509,-0.017270723739347446,0.005688659936520721,0.8742632612966601,509,-0.025354311917122587,-0.0023949282412544202,0.8588235294117648,510,-0.020792823832974046,0.002166559842894121,0.8801571709233792,509,-0.02094022853381747,0.0020191551420506958,0.8978388998035364,509,-0.014350868350834519,0.008608515325033648,0.8960784313725491,510,-0.022313416441457744,0.0006459672344104224,0.8546168958742633,509,-0.02475063964924035,-0.0017912559733721835,0.8605108055009824,509,-0.04391287173155283,-0.020953488055684664,0.7862745098039216,510,-0.04391287173155283,-0.020953488055684664,0.7862745098039216,510
raw_low_2024,raw_2024,0,2024-06-04,5091,-0.0708832220832858,-0.07415473773900279,-0.017596801526142264,-0.020875489303875106,-0.0032786877777328423,0.6817288801571709,509,-0.01803324124818691,-0.00043643972204464657,0.8447937131630648,509,-0.016830129514904944,0.0007666720112373196,0.8742632612966601,509,-0.013613742516249945,0.0039830590098923185,0.8722986247544204,509,-0.01681129366444571,0.0007855078616965522,0.8939096267190569,509,-0.01319858664309917,0.0043982148830430945,0.8781925343811395,509,-0.014848445064474705,0.0027483564616675588,0.8781925343811395,509,-0.015179325085666101,0.0024174764404761625,0.8762278978388998,509,-0.018315145052107393,-0.0007183435259651288,0.8290766208251473,509,-0.028241703804408193,-0.010644902278265929,0.7019607843137254,510,-0.028241703804408193,-0.010644902278265929,0.7019607843137254,510
raw_low_2024,raw_2024,0,2024-06-12,5099,0.12962993161488776,0.10124078996505956,0.00041383558558593113,-0.014608362794784387,-0.015022198380370319,0.724950884086444,509,-0.011529581403400359,-0.01194341698898629,0.8686274509803922,510,-0.006765098968532087,-0.007178934554118018,0.8725490196078431,510,-0.0019514154947341176,-0.002365251080320049,0.892156862745098,510,0.0017022787395606263,0.0012884431539746952,0.8803921568627451,510,0.0001593194913235603,-0.0002545160942623708,0.888235294117647,510,0.006063950091651354,0.005650114506065423,0.892156862745098,510,0.010910432156594619,0.010496596571008687,0.8901960784313725,510,0.009783820593584734,0.009369985007998802,0.888235294117647,510,0.010343558153653464,0.009929722568067532,0.792156862745098,510,0.010343558153653464,0.009929722568067532,0.792156862745098,510
raw_low_2024,raw_2024,0,2024-06-19,5097,-0.20329779864098177,-0.12377817931728927,-0.030730623799116952,-0.023084492736361078,0.007646131062755874,0.6640471512770137,509,-0.023725377574703405,0.0070052462244135465,0.8607843137254902,510,-0.025675267753460584,0.005055356045656368,0.8803921568627451,510,-0.026345715646698527,0.004384908152418425,0.8644400785854617,509,-0.025144084998241386,0.005586538800875566,0.8941176470588236,510,-0.030221786085870735,0.0005088377132462171,0.888235294117647,510,-0.03413999045560225,-0.0034093666564853006,0.8899803536345776,509,-0.030018415621878822,0.0007122081772381293,0.884313725490196,510,-0.03988778511886894,-0.009157161319751986,0.8588235294117648,510,-0.04904641675917267,-0.01831579296005572,0.7803921568627451,510,-0.04904641675917267,-0.01831579296005572,0.7803921568627451,510
raw_low_2024,raw_2024,0,2024-06-26,5096,-0.15505622642142144,-0.08980546348117055,-0.013227623728175757,0.001953256412113246,0.015180880140289003,0.7210216110019647,509,-0.010136422546475166,0.0030912011817005904,0.8450980392156863,510,-0.011006286932121722,0.0022213367960540343,0.8801571709233792,509,-0.01368402237525696,-0.0004563986470812031,0.9058823529411765,510,-0.01375170559359371,-0.0005240818654179535,0.903921568627451,510,-0.016021991764142512,-0.002794368035966756,0.8722986247544204,509,-0.017626241574382643,-0.004398617846206886,0.8862745098039215,510,-0.01581970960515328,-0.0025920858769775228,0.8919449901768173,509,-0.014377712232140781,-0.0011500885039650247,0.8490196078431372,510,-0.02178184075095031,-0.008554217022774552,0.7803921568627451,510,-0.02178184075095031,-0.008554217022774552,0.7803921568627451,510
raw_low_2024,raw_2024,0,2024-07-03,5086,-0.08141802736744326,-0.08247776363829046,-0.031567306826173494,-0.030576783886194787,0.0009905229399787066,0.75,508,-0.03350682781709072,-0.0019395209909172234,0.8447937131630648,509,-0.03039454132292652,0.0011727655032469746,0.8641732283464567,508,-0.0280798507709423,0.0034874560552311945,0.8939096267190569,509,-0.030525536336580436,0.001041770489593058,0.8958742632612966,509,-0.028012433048842635,0.0035548737773308595,0.8759842519685039,508,-0.02614927851318994,0.005418028312983554,0.8860510805500983,509,-0.027966874273800298,0.0036004325523731964,0.8700787401574803,508,-0.03630364781305212,-0.004736340986878626,0.8722986247544204,509,-0.04413898682730199,-0.012571680001128495,0.7976424361493124,509,-0.04413898682730199,-0.012571680001128495,0.7976424361493124,509
raw_low_2024,raw_2024,0,2024-07-10,5093,-0.061289083161835095,-0.0782130282107147,0.0037145220248560656,0.007208817570327241,0.0034942955454711757,0.7603143418467584,509,0.00466836797218942,0.0009538459473333542,0.8722986247544204,509,0.0018226948645740928,-0.0018918271602819728,0.8703339882121808,509,0.0023809884045684748,-0.0013335336202875908,0.892156862745098,510,0.006288828764234729,0.0025743067393786635,0.899803536345776,509,0.007074377562583647,0.0033598555377275813,0.9037328094302554,509,0.0024538721798442985,-0.0012606498450117671,0.8901960784313725,510,0.0015361591867849883,-0.0021783628380710775,0.8703339882121808,509,0.010612216302937728,0.006897694278081662,0.862475442043222,509,-0.006875200975072909,-0.010589722999928976,0.8058823529411765,510,-0.006875200975072909,-0.010589722999928976,0.8058823529411765,510
raw_low_2024,raw_2024,0,2024-07-17,5091,-0.13272597666119784,-0.042441838740795754,-0.02398965879551824,-0.017120080772275916,0.0068695780232423224,0.7229862475442044,509,-0.024482609456861055,-0.0004929506613428163,0.8369351669941061,509,-0.02213084351789757,0.0018588152776206693,0.8742632612966601,509,-0.021836085411369104,0.002153573384149135,0.8644400785854617,509,-0.023260758234667986,0.0007289005608502527,0.8958742632612966,509,-0.024149924787264895,-0.00016026599174665673,0.888015717092338,509,-0.02423565110838266,-0.0002459923128644223,0.8742632612966601,509,-0.02398123696379539,8.421831722848355e-06,0.8585461689587426,509,-0.02998364469251532,-0.005993985896997081,0.8408644400785854,509,-0.028706486158751234,-0.004716827363232996,0.7470588235294118,510,-0.028706486158751234,-0.004716827363232996,0.7470588235294118,510
raw_low_2024,raw_2024,0,2024-07-24,5086,-0.059443134960467756,-0.07462560283486673,0.06271006065820757,0.05136986917491362,-0.011340191483293953,0.7637795275590551,508,0.06064614726499382,-0.002063913393213747,0.8467583497053045,509,0.06958643944219865,0.006876378783991083,0.8799212598425197,508,0.06635795154302071,0.0036478908848131403,0.8664047151277013,509,0.06885876912078584,0.00614870846257827,0.9076620825147348,509,0.0658127719187534,0.003102711260545829,0.9035433070866141,508,0.06724279598848677,0.004532735330279203,0.8644400785854617,509,0.07228575648225023,0.009575695824042663,0.8582677165354331,508,0.060879524540449516,-0.001830536117758054,0.8349705304518664,509,0.0440767197985322,-0.01863334085967537,0.7544204322200393,509,0.0440767197985322,-0.01863334085967537,0.7544204322200393,509
raw_low_2024,raw_2024,0,2024-07-31,5085,-0.1982168166449624,-0.11576988419491077,-0.017244188748982932,-0.00832825288501476,0.008915935863968171,0.812992125984252,508,-0.009326494934079747,0.007917693814903185,0.8683693516699411,509,-0.010306942688109397,0.006937246060873535,0.889763779527559,508,-0.009781694346721295,0.007462494402261637,0.8762278978388998,509,-0.017003314116248544,0.00024087463273438775,0.8996062992125984,508,-0.01998775955929337,-0.0027435708103104375,0.9017681728880157,509,-0.02289748051987785,-0.005653291770894919,0.905511811023622,508,-0.02386485531090639,-0.00662066656192346,0.8899803536345776,509,-0.02513017631847634,-0.007885987569493408,0.8720472440944882,508,-0.025809897602423474,-0.008565708853440542,0.8664047151277013,509,-0.025809897602423474,-0.008565708853440542,0.8664047151277013,509
raw_low_2024,raw_2024,0,2024-08-07,5087,-0.19410356718270136,-0.16960344920269924,-0.014616547720334772,-0.009730535754687832,0.00488601196564694,0.8149606299212598,508,-0.009730341016440174,0.004886206703894598,0.8781925343811395,509,-0.008768915049376866,0.005847632670957906,0.8821218074656189,509,-0.009972779514193925,0.004643768206140847,0.8996062992125984,508,-0.010850244257079146,0.003766303463255625,0.8978388998035364,509,-0.01247151554495179,0.0021450321753829823,0.8821218074656189,509,-0.01026883883960297,0.004347708880731802,0.8937007874015748,508,-0.020504370461531772,-0.0058878227411970005,0.8978388998035364,509,-0.017538660268528506,-0.0029221125481937345,0.8801571709233792,509,-0.0363020122748476,-0.021685464554512826,0.8565815324165029,509,-0.0363020122748476,-0.021685464554512826,0.8565815324165029,509
raw_low_2024,raw_2024,0,2024-08-14,5090,-0.026266959099137312,-0.01874942576786505,-0.019760284820510295,-0.01992433735591585,-0.00016405253540555456,0.7504911591355599,509,-0.021356405119076313,-0.0015961202985660186,0.8664047151277013,509,-0.02178193130959877,-0.0020216464890884765,0.862475442043222,509,-0.02207117455400316,-0.0023108897334928637,0.8840864440078585,509,-0.020715940099690303,-0.0009556552791800087,0.9096267190569745,509,-0.020299240370776333,-0.0005389555502660383,0.8742632612966601,509,-0.01910063265216098,0.0006596521683493138,0.9056974459724951,509,-0.01881539602242065,0.0009448887980896443,0.8801571709233792,509,-0.013936007821796964,0.0058242769987133305,0.8408644400785854,509,-0.01960178289966364,0.00015850192084665427,0.7485265225933202,509,-0.01960178289966364,0.00015850192084665427,0.7485265225933202,509
raw_low_2024,raw_2024,0,2024-08-21,5091,-0.1458527406469323,-0.16607728598080723,-0.017668384381492867,-0.014337276143661195,0.003331108237831672,0.8133595284872299,509,-0.011599480557569186,0.0060689038239236815,0.8644400785854617,509,-0.011909655902918202,0.005758728478574665,0.8860510805500983,509,-0.014425063417397466,0.0032433209640954017,0.888015717092338,509,-0.015266412068796534,0.002401972312696333,0.8781925343811395,509,-0.016925232528591978,0.0007431518529008897,0.9155206286836935,509,-0.014091824524705797,0.00357655985678707,0.9037328094302554,509,-0.017809796392062798,-0.00014141201056993083,0.8722986247544204,509,-0.022338996389735917,-0.00467061200824305,0.8369351669941061,509,-0.03794027898457196,-0.020271894603079092,0.7019607843137254,510,-0.03794027898457196,-0.020271894603079092,0.7019607843137254,510
raw_low_2024,raw_2024,0,2024-08-28,5089,0.10765430206916735,0.05290408500151168,0.02071761949237119,0.005929431161335182,-0.014788188331036007,0.7519685039370079,508,0.013103124419225178,-0.007614495073146011,0.8644400785854617,509,0.01867347426566851,-0.002044145226702678,0.888015717092338,509,0.02100833164014411,0.0002907121477729209,0.8821218074656189,509,0.02402082610058343,0.0033032066082122405,0.862475442043222,509,0.021422700327213048,0.0007050808348418591,0.8978388998035364,509,0.02630866262180106,0.00559104312942987,0.8703339882121808,509,0.025401740352926153,0.004684120860554964,0.8664047151277013,509,0.023363997232863216,0.002646377740492027,0.8585461689587426,509,0.027914853386763288,0.007197233894392099,0.7445972495088409,509,0.027914853386763288,0.007197233894392099,0.7445972495088409,509
raw_low_2024,raw_2024,0,2024-09-04,5087,-0.08260026602887624,-0.12339328378591047,-0.011258092897079788,-0.014975960718378218,-0.00371786782129843,0.7559055118110236,508,-0.008296080204543284,0.002962012692536504,0.8939096267190569,509,-0.009040194374476606,0.0022178985226031823,0.925343811394892,509,-0.007498107795470454,0.003759985101609334,0.9133858267716536,508,-0.00965629517011282,0.0016017977269669678,0.9135559921414538,509,-0.006784584602331554,0.004473508294748234,0.8860510805500983,509,-0.013779192489334865,-0.002521099592255077,0.8976377952755905,508,-0.0064866775653914036,0.004771415331688384,0.8899803536345776,509,-0.010308023716287279,0.000950069180792509,0.9096267190569745,509,-0.025760682633709005,-0.014502589736629217,0.7740667976424361,509,-0.025760682633709005,-0.014502589736629217,0.7740667976424361,509
raw_low_2024,raw_2024,0,2024-09-11,5089,-0.1704643968338197,-0.14313595148295763,-0.0033190195594285077,0.006678462016862168,0.009997481576290676,0.7519685039370079,508,0.0004525999499379707,0.0037716195093664786,0.8605108055009824,509,0.002487692764904211,0.005806712324332719,0.8506876227897839,509,0.0007605707549291726,0.004079590314357681,0.8428290766208252,509,-0.0012102582528085376,0.00210876130661997,0.8958742632612966,509,-0.0013266340182124603,0.0019923855412160474,0.8860510805500983,509,-0.000461310729112524,0.002857708830315984,0.8958742632612966,509,-0.004121657537611178,-0.00080263797818267,0.8762278978388998,509,-0.01378885877970524,-0.010469839220276732,0.8192534381139489,509,-0.022641160345833508,-0.019322140786405,0.7269155206286837,509,-0.022641160345833508,-0.019322140786405,0.7269155206286837,509
raw_low_2024,raw_2024,0,2024-09-20,5090,0.017515752759346526,-0.019518274648701067,0.13993469150093424,0.1282913312133173,-0.01164336028761695,0.7976424361493124,509,0.13289824210993367,-0.0070364493910005654,0.8801571709233792,509,0.13939446412190107,-0.0005402273790331702,0.9037328094302554,509,0.1402363144581363,0.000301622957202069,0.8939096267190569,509,0.14948791681091447,0.009553225309980234,0.9096267190569745,509,0.14267137871685703,0.002736687215922795,0.899803536345776,509,0.1459204425655157,0.005985751064581463,0.9135559921414538,509,0.14877954506027027,0.008844853559336036,0.8860510805500983,509,0.13684721226075144,-0.0030874792401827944,0.8546168958742633,509,0.13482006769174498,-0.005114623809189256,0.8290766208251473,509,0.13482006769174498,-0.005114623809189256,0.8290766208251473,509
raw_low_2024,raw_2024,0,2024-09-27,5095,0.2836139176094984,0.25925258976442134,0.05055324527192963,0.022387189108269385,-0.028166056163660243,0.8015717092337917,509,0.026126154978261592,-0.024427090293668036,0.8666666666666667,510,0.02453231539121898,-0.02602092988071065,0.8840864440078585,509,0.03895836200836351,-0.01159488326356612,0.9019607843137255,510,0.042625978123412435,-0.007927267148517193,0.8939096267190569,509,0.05142161069365767,0.0008683654217280443,0.8607843137254902,510,0.061392078324851315,0.010838833052921687,0.8860510805500983,509,0.0692343836391964,0.018681138367266772,0.8470588235294118,510,0.079120244346115,0.028566999074185376,0.8683693516699411,509,0.08968960979013474,0.03913636451820511,0.7862745098039216,510,0.08968960979013474,0.03913636451820511,0.7862745098039216,510
raw_low_2024,raw_2024,0,2024-10-11,5090,0.3507799781274913,0.12123656485332727,0.04784947294723187,0.014162344384879061,-0.033687128562352814,0.7151277013752455,509,0.01881061897254093,-0.029038853974690942,0.8388998035363457,509,0.0340595136901219,-0.013789959257109977,0.8546168958742633,509,0.030179461261972216,-0.017670011685259657,0.8585461689587426,509,0.039750328817282736,-0.008099144129949137,0.8664047151277013,509,0.049801566127492654,0.0019520931802607805,0.8703339882121808,509,0.06181540601267759,0.013965933065445718,0.8683693516699411,509,0.06611249372019373,0.01826302077296186,0.825147347740668,509,0.0849388906230002,0.03708941767576832,0.8094302554027505,509,0.07886410586215778,0.031014632914925906,0.7347740667976425,509,0.07886410586215778,0.031014632914925906,0.7347740667976425,509
raw_low_2024,raw_2024,0,2024-10-18,5097,-0.09738150148552141,-0.06702225319415066,0.05281437478936021,0.05951236773577155,0.006697992946411338,0.7288801571709234,509,0.0529297452410283,0.0001153704516680884,0.7745098039215687,510,0.04851055996527833,-0.004303814824081882,0.8450980392156863,510,0.05854182018408217,0.005727445394721954,0.8585461689587426,509,0.05777698807452926,0.004962613285169046,0.888235294117647,510,0.05664039884168392,0.003826024052323705,0.8450980392156863,510,0.05373932440128892,0.0009249496119287035,0.8526522593320236,509,0.047240357769264774,-0.00557401702009544,0.8215686274509804,510,0.048801974154995244,-0.00401240063436497,0.7843137254901961,510,0.044476388756960215,-0.008337986032399998,0.6980392156862745,510,0.044476388756960215,-0.008337986032399998,0.6980392156862745,510
raw_low_2024,raw_2024,0,2024-10-25,5096,-0.10305770939084115,-0.014392784805102848,-0.009248075591605604,0.0021621415065360802,0.011410217098141684,0.7445972495088409,509,-0.007930465478416566,0.0013176101131890383,0.8588235294117648,510,-0.008924059571931044,0.0003240160196745605,0.899803536345776,509,-0.015163844143609616,-0.005915768552004012,0.9,510,-0.010959302820389583,-0.0017112272287839788,0.9215686274509804,510,-0.01094862248508718,-0.0017005468934815759,0.899803536345776,509,-0.015691312748488347,-0.006443237156882742,0.884313725490196,510,-0.00625850692626352,0.002989568665342084,0.899803536345776,509,-0.009391440229349679,-0.00014336463774407456,0.884313725490196,510,-0.00934980722515525,-0.00010173163354964578,0.8235294117647058,510,-0.00934980722515525,-0.00010173163354964578,0.8235294117647058,510
raw_low_2024,raw_2024,0,2024-11-01,5093,0.13786001721949642,0.046761972990748885,0.08778824533599526,0.06509907740301756,-0.022689167932977705,0.7367387033398821,509,0.06860869932116306,-0.019179546014832197,0.8565815324165029,509,0.08039221873492325,-0.007396026601072012,0.8899803536345776,509,0.0823217594710534,-0.005466485864941861,0.8941176470588236,510,0.08810641348632507,0.0003181681503298117,0.8899803536345776,509,0.09844928894175628,0.01066104360576102,0.9056974459724951,509,0.09712526739873499,0.00933702206273973,0.8960784313725491,510,0.10941939037740278,0.02163114504140752,0.8801571709233792,509,0.09997904993057768,0.012190804594582424,0.8487229862475442,509,0.08837253617900485,0.0005842908430095939,0.8137254901960784,510,0.08837253617900485,0.0005842908430095939,0.8137254901960784,510
raw_low_2024,raw_2024,0,2024-11-08,5100,-0.3242330169790946,-0.24212788137602698,-0.033733403612996385,-0.011706507365018722,0.022026896247977663,0.7156862745098039,510,-0.02339115053490613,0.010342253078090256,0.8392156862745098,510,-0.023336783680576907,0.010396619932419478,0.8745098039215686,510,-0.024624835553263613,0.009108568059732772,0.8529411764705882,510,-0.025748372756495354,0.00798503085650103,0.892156862745098,510,-0.027568127890259413,0.006165275722736972,0.888235294117647,510,-0.03915548711194386,-0.005422083498947475,0.884313725490196,510,-0.03970437175231579,-0.005970968139319403,0.8745098039215686,510,-0.04923124900356029,-0.015497845390563904,0.8431372549019608,510,-0.07286715048162377,-0.03913374686862739,0.7549019607843137,510,-0.07286715048162377,-0.03913374686862739,0.7549019607843137,510
raw_low_2024,raw_2024,0,2024-11-15,5098,-0.15847800816922353,-0.030337942659147948,-0.010155537833386599,-0.012580189448741381,-0.0024246516153547826,0.7367387033398821,509,-0.00867143630619079,0.0014841015271958077,0.8568627450980393,510,0.00011462120814332538,0.010270159041529925,0.8372549019607843,510,-0.003971225671086769,0.00618431216229983,0.8745098039215686,510,-0.0029156752276926576,0.007239862605693941,0.8980392156862745,510,-0.009107611463640756,0.0010479263697458427,0.8781925343811395,509,-0.011200797523156924,-0.0010452596897703257,0.8803921568627451,510,-0.01664157004009711,-0.0064860322067105125,0.8666666666666667,510,-0.021546680801802755,-0.011391142968416156,0.8196078431372549,510,-0.015037512520866058,-0.0048819746874794595,0.7862745098039216,510,-0.015037512520866058,-0.0048819746874794595,0.7862745098039216,510
raw_low_2024,raw_2024,0,2024-11-22,5103,0.05097140689151789,-0.0158814098464642,0.03921714410597401,0.02293241684917748,-0.01628472725679653,0.6137254901960785,510,0.032064495553856744,-0.007152648552117266,0.7627450980392156,510,0.04219766198765532,0.0029805178816813133,0.8333333333333334,510,0.044223428132158925,0.005006284026184915,0.8297455968688845,511,0.044864177646577956,0.005647033540603946,0.8470588235294118,510,0.047913047659325754,0.008695903553351744,0.8509803921568627,510,0.043716929724749644,0.004499785618775634,0.8747553816046967,511,0.044132730105584564,0.004915585999610554,0.8431372549019608,510,0.04657923706263081,0.007362092956656803,0.8,510,0.02355937848699159,-0.01565776561898242,0.6555772994129159,511,0.02355937848699159,-0.01565776561898242,0.6555772994129159,511
raw_low_2024,raw_2024,0,2024-11-29,5106,-0.05502611827740649,-0.006507723298231367,0.03411139200758848,0.031077941910774246,-0.0030334500968142372,0.6254901960784314,510,0.032520099872473056,-0.0015912921351154269,0.7964774951076321,511,0.031151219871046368,-0.002960172136542115,0.8411764705882353,510,0.03720842478879546,0.0030970327812069806,0.863013698630137,511,0.038026933640748585,0.003915541633160102,0.8943248532289628,511,0.03517023743042288,0.0010588454228343952,0.8980392156862745,510,0.03983223053736318,0.005720838529774695,0.8551859099804305,511,0.03368678632600352,-0.0004246056815849636,0.8470588235294118,510,0.03204910035210285,-0.002062291655485632,0.8238747553816047,511,0.030380457317794356,-0.0037309346897941263,0.7534246575342466,511,0.030380457317794356,-0.0037309346897941263,0.7534246575342466,511
raw_low_2024,raw_2024,0,2024-12-06,5105,-0.10349236111065083,0.0030122945480461584,0.013285253628631527,0.011046031079430545,-0.0022392225492009823,0.7254901960784313,510,0.01641395935120117,0.0031287057225696437,0.8473581213307241,511,0.016472571374376462,0.003187317745744935,0.8803921568627451,510,0.016322884006553812,0.003037630377922285,0.8747553816046967,511,0.009807705984749166,-0.0034775476438823616,0.8803921568627451,510,0.012851500408277643,-0.0004337532203538847,0.8708414872798435,511,0.008362513556201753,-0.004922740072429774,0.8725490196078431,510,0.013675715032150678,0.0003904614035191503,0.8669275929549902,511,0.012311854768711673,-0.0009733988599198544,0.8588235294117648,510,0.015571312287520138,0.002286058658888611,0.8043052837573386,511,0.015571312287520138,0.002286058658888611,0.8043052837573386,511
raw_low_2024,raw_2024,0,2024-12-13,5106,-0.20899108760938637,-0.17917253340977177,-0.023503612172213112,-0.01183176679100398,0.011671845381209132,0.7960784313725491,510,-0.0180075042714827,0.0054961079007304105,0.8727984344422701,511,-0.021002223039470698,0.002501389132742414,0.8941176470588236,510,-0.018217853384746442,0.00528575878746667,0.8904109589041096,511,-0.018966048698246897,0.004537563473966215,0.8923679060665362,511,-0.020921214346094986,0.0025823978261181255,0.9019607843137255,510,-0.02014445459769129,0.0033591575745218205,0.8845401174168297,511,-0.02292146281698293,0.0005821493552301826,0.8686274509803922,510,-0.03187446677779632,-0.008370854605583206,0.8356164383561644,511,-0.05111519787592351,-0.027611585703710396,0.7729941291585127,511,-0.05111519787592351,-0.027611585703710396,0.7729941291585127,511
raw_low_2024,raw_2024,0,2024-12-20,5112,-0.26554801595391675,-0.12437681970574994,-0.03082747532384765,7.711336368248241e-05,0.030904588687530134,0.6790606653620352,511,-0.010138308168535216,0.020689167155312434,0.8512720156555773,511,-0.024767046885994196,0.0060604284378534545,0.8864970645792564,511,-0.028917510307952466,0.001909965015895184,0.8825831702544031,511,-0.03555608128143535,-0.0047286059575877,0.87890625,512,-0.040655471247236945,-0.009827995923389295,0.8943248532289628,511,-0.04517448010946453,-0.01434700478561688,0.8786692759295499,511,-0.04369239779920378,-0.01286492247535613,0.888454011741683,511,-0.040255773993769596,-0.009428298669921946,0.8454011741682974,511,-0.03916921882528117,-0.008341743501433518,0.7734375,512,-0.03916921882528117,-0.008341743501433518,0.7734375,512
raw_low_2024,raw_2024,0,2024-12-27,5108,-0.3080288435159692,-0.17264063360818438,-0.08987117411724307,-0.051716073151780326,0.03815510096546275,0.6784313725490196,510,-0.07153092449456669,0.018340249622676386,0.8297455968688845,511,-0.08251493659224327,0.007356237524999809,0.8688845401174168,511,-0.08958473856437513,0.0002864355528679474,0.888454011741683,511,-0.09011725412977285,-0.0002460800125297785,0.9099804305283757,511,-0.09603782503237648,-0.006166650915133409,0.8980392156862745,510,-0.10156290946605777,-0.011691735348814694,0.8669275929549902,511,-0.10701418012539143,-0.01714300600814836,0.8904109589041096,511,-0.09999938768484437,-0.010128213567601296,0.8923679060665362,511,-0.10857091222446602,-0.018699738107222946,0.7847358121330724,511,-0.10857091222446602,-0.018699738107222946,0.7847358121330724,511
