start_date,end_date,code,样本简称,所属行业,change_type
2021-12-13,2022-06-10,000021,深科技,信息技术,OLD
2021-12-13,2022-06-10,002049,紫光国微,信息技术,OLD
2021-12-13,2022-06-10,002129,中环股份,工业,OLD
2021-12-13,2022-06-10,002156,通富微电,信息技术,OLD
2021-12-13,2022-06-10,002185,华天科技,信息技术,OLD
2021-12-13,2022-06-10,002371,北方华创,信息技术,OLD
2021-12-13,2022-06-10,002409,雅克科技,信息技术,OLD
2021-12-13,2022-06-10,300223,北京君正,信息技术,OLD
2021-12-13,2022-06-10,300236,上海新阳,信息技术,OLD
2021-12-13,2022-06-10,300316,晶盛机电,工业,OLD
2021-12-13,2022-06-10,300346,南大光电,信息技术,OLD
2021-12-13,2022-06-10,300373,扬杰科技,信息技术,OLD
2021-12-13,2022-06-10,300456,赛微电子,信息技术,OLD
2021-12-13,2022-06-10,300458,全志科技,信息技术,OLD
2021-12-13,2022-06-10,300474,景嘉微,信息技术,OLD
2021-12-13,2022-06-10,300623,捷捷微电,信息技术,+
2021-12-13,2022-06-10,300661,圣邦股份,信息技术,OLD
2021-12-13,2022-06-10,300782,卓胜微,信息技术,OLD
2021-12-13,2022-06-10,600460,士兰微,信息技术,OLD
2021-12-13,2022-06-10,600584,长电科技,信息技术,OLD
2021-12-13,2022-06-10,600667,太极实业,工业,OLD
2021-12-13,2022-06-10,600703,三安光电,信息技术,OLD
2021-12-13,2022-06-10,600745,闻泰科技,信息技术,OLD
2021-12-13,2022-06-10,603005,晶方科技,信息技术,OLD
2021-12-13,2022-06-10,603160,汇顶科技,信息技术,OLD
2021-12-13,2022-06-10,603290,斯达半导,信息技术,OLD
2021-12-13,2022-06-10,603501,韦尔股份,信息技术,OLD
2021-12-13,2022-06-10,603893,瑞芯微,信息技术,OLD
2021-12-13,2022-06-10,603986,兆易创新,信息技术,OLD
2021-12-13,2022-06-10,605358,立昂微,信息技术,OLD
2022-06-13,2022-12-09,000021,深科技,信息技术,OLD
2022-06-13,2022-12-09,002049,紫光国微,信息技术,OLD
2022-06-13,2022-12-09,002129,中环股份,工业,OLD
2022-06-13,2022-12-09,002156,通富微电,信息技术,OLD
2022-06-13,2022-12-09,002185,华天科技,信息技术,OLD
2022-06-13,2022-12-09,002371,北方华创,信息技术,OLD
2022-06-13,2022-12-09,002409,雅克科技,信息技术,OLD
2022-06-13,2022-12-09,300223,北京君正,信息技术,OLD
2022-06-13,2022-12-09,300316,晶盛机电,工业,OLD
2022-06-13,2022-12-09,300373,扬杰科技,信息技术,OLD
2022-06-13,2022-12-09,300474,景嘉微,信息技术,OLD
2022-06-13,2022-12-09,300623,捷捷微电,信息技术,OLD
2022-06-13,2022-12-09,300661,圣邦股份,信息技术,OLD
2022-06-13,2022-12-09,300782,卓胜微,信息技术,OLD
2022-06-13,2022-12-09,600460,士兰微,信息技术,OLD
2022-06-13,2022-12-09,600584,长电科技,信息技术,OLD
2022-06-13,2022-12-09,600703,三安光电,信息技术,OLD
2022-06-13,2022-12-09,600745,闻泰科技,信息技术,OLD
2022-06-13,2022-12-09,603160,汇顶科技,信息技术,OLD
2022-06-13,2022-12-09,603290,斯达半导,信息技术,OLD
2022-06-13,2022-12-09,603501,韦尔股份,信息技术,OLD
2022-06-13,2022-12-09,603893,瑞芯微,信息技术,OLD
2022-06-13,2022-12-09,603986,兆易创新,信息技术,OLD
2022-06-13,2022-12-09,605358,立昂微,信息技术,OLD
2022-06-13,2022-12-09,688008,澜起科技,信息技术,+
2022-06-13,2022-12-09,688012,中微公司,信息技术,+
2022-06-13,2022-12-09,688126,沪硅产业,信息技术,+
2022-06-13,2022-12-09,688396,华润微,信息技术,+
2022-06-13,2022-12-09,688536,思瑞浦,信息技术,+
2022-06-13,2022-12-09,688981,中芯国际,信息技术,+
2022-12-12,2023-06-09,002049,紫光国微,信息技术,OLD
2022-12-12,2023-06-09,002156,通富微电,信息技术,OLD
2022-12-12,2023-06-09,002185,华天科技,信息技术,OLD
2022-12-12,2023-06-09,002371,北方华创,信息技术,OLD
2022-12-12,2023-06-09,002409,雅克科技,信息技术,OLD
2022-12-12,2023-06-09,300223,北京君正,信息技术,OLD
2022-12-12,2023-06-09,300316,晶盛机电,工业,OLD
2022-12-12,2023-06-09,300373,扬杰科技,信息技术,OLD
2022-12-12,2023-06-09,300474,景嘉微,信息技术,OLD
2022-12-12,2023-06-09,300661,圣邦股份,信息技术,OLD
2022-12-12,2023-06-09,300782,卓胜微,信息技术,OLD
2022-12-12,2023-06-09,600460,士兰微,信息技术,OLD
2022-12-12,2023-06-09,600584,长电科技,信息技术,OLD
2022-12-12,2023-06-09,600703,三安光电,信息技术,OLD
2022-12-12,2023-06-09,600745,闻泰科技,信息技术,OLD
2022-12-12,2023-06-09,603160,汇顶科技,信息技术,OLD
2022-12-12,2023-06-09,603290,斯达半导,信息技术,OLD
2022-12-12,2023-06-09,603501,韦尔股份,信息技术,OLD
2022-12-12,2023-06-09,603893,瑞芯微,信息技术,OLD
2022-12-12,2023-06-09,603986,兆易创新,信息技术,OLD
2022-12-12,2023-06-09,605358,立昂微,信息技术,OLD
2022-12-12,2023-06-09,688008,澜起科技,信息技术,OLD
2022-12-12,2023-06-09,688012,中微公司,信息技术,OLD
2022-12-12,2023-06-09,688099,晶晨股份,信息技术,+
2022-12-12,2023-06-09,688126,沪硅产业,信息技术,OLD
2022-12-12,2023-06-09,688385,复旦微电,信息技术,+
2022-12-12,2023-06-09,688396,华润微,信息技术,OLD
2022-12-12,2023-06-09,688536,思瑞浦,信息技术,OLD
2022-12-12,2023-06-09,688728,格科微,信息技术,+
2022-12-12,2023-06-09,688981,中芯国际,信息技术,OLD
2023-06-12,2023-12-08,002049,紫光国微,信息技术,OLD
2023-06-12,2023-12-08,002156,通富微电,信息技术,OLD
2023-06-12,2023-12-08,002185,华天科技,信息技术,OLD
2023-06-12,2023-12-08,002371,北方华创,信息技术,OLD
2023-06-12,2023-12-08,300223,北京君正,信息技术,OLD
2023-06-12,2023-12-08,300316,晶盛机电,工业,OLD
2023-06-12,2023-12-08,300474,景嘉微,信息技术,OLD
2023-06-12,2023-12-08,300661,圣邦股份,信息技术,OLD
2023-06-12,2023-12-08,300782,卓胜微,信息技术,OLD
2023-06-12,2023-12-08,301269,华大九天,信息技术,+
2023-06-12,2023-12-08,600460,士兰微,信息技术,OLD
2023-06-12,2023-12-08,600584,长电科技,信息技术,OLD
2023-06-12,2023-12-08,600703,三安光电,信息技术,OLD
2023-06-12,2023-12-08,600745,闻泰科技,信息技术,OLD
2023-06-12,2023-12-08,603290,斯达半导,信息技术,OLD
2023-06-12,2023-12-08,603501,韦尔股份,信息技术,OLD
2023-06-12,2023-12-08,603893,瑞芯微,信息技术,OLD
2023-06-12,2023-12-08,603986,兆易创新,信息技术,OLD
2023-06-12,2023-12-08,605358,立昂微,信息技术,OLD
2023-06-12,2023-12-08,688008,澜起科技,信息技术,OLD
2023-06-12,2023-12-08,688012,中微公司,信息技术,OLD
2023-06-12,2023-12-08,688082,盛美上海,信息技术,+
2023-06-12,2023-12-08,688099,晶晨股份,信息技术,OLD
2023-06-12,2023-12-08,688126,沪硅产业,信息技术,OLD
2023-06-12,2023-12-08,688256,寒武纪,信息技术,+
2023-06-12,2023-12-08,688385,复旦微电,信息技术,OLD
2023-06-12,2023-12-08,688396,华润微,信息技术,OLD
2023-06-12,2023-12-08,688536,思瑞浦,信息技术,OLD
2023-06-12,2023-12-08,688728,格科微,信息技术,OLD
2023-06-12,2023-12-08,688981,中芯国际,信息技术,OLD
2023-12-11,2024-06-14,002049,紫光国微,信息技术,OLD
2023-12-11,2024-06-14,002156,通富微电,信息技术,OLD
2023-12-11,2024-06-14,002185,华天科技,信息技术,OLD
2023-12-11,2024-06-14,002371,北方华创,信息技术,OLD
2023-12-11,2024-06-14,300223,北京君正,信息技术,OLD
2023-12-11,2024-06-14,300316,晶盛机电,工业,OLD
2023-12-11,2024-06-14,300474,景嘉微,信息技术,OLD
2023-12-11,2024-06-14,300661,圣邦股份,信息技术,OLD
2023-12-11,2024-06-14,300782,卓胜微,信息技术,OLD
2023-12-11,2024-06-14,301269,华大九天,信息技术,OLD
2023-12-11,2024-06-14,600460,士兰微,信息技术,OLD
2023-12-11,2024-06-14,600584,长电科技,信息技术,OLD
2023-12-11,2024-06-14,600703,三安光电,信息技术,OLD
2023-12-11,2024-06-14,600745,闻泰科技,信息技术,OLD
2023-12-11,2024-06-14,603290,斯达半导,信息技术,OLD
2023-12-11,2024-06-14,603501,韦尔股份,信息技术,OLD
2023-12-11,2024-06-14,603893,瑞芯微,信息技术,OLD
2023-12-11,2024-06-14,603986,兆易创新,信息技术,OLD
2023-12-11,2024-06-14,688008,澜起科技,信息技术,OLD
2023-12-11,2024-06-14,688012,中微公司,信息技术,OLD
2023-12-11,2024-06-14,688041,海光信息,信息技术,+
2023-12-11,2024-06-14,688047,龙芯中科,信息技术,+
2023-12-11,2024-06-14,688072,拓荆科技,信息技术,+
2023-12-11,2024-06-14,688082,盛美上海,信息技术,OLD
2023-12-11,2024-06-14,688099,晶晨股份,信息技术,OLD
2023-12-11,2024-06-14,688126,沪硅产业,信息技术,OLD
2023-12-11,2024-06-14,688256,寒武纪,信息技术,OLD
2023-12-11,2024-06-14,688396,华润微,信息技术,OLD
2023-12-11,2024-06-14,688728,格科微,信息技术,OLD
2023-12-11,2024-06-14,688981,中芯国际,信息技术,OLD
2024-06-17,2024-12-13,002049,紫光国微,信息技术,OLD
2024-06-17,2024-12-13,002156,通富微电,信息技术,OLD
2024-06-17,2024-12-13,002185,华天科技,信息技术,OLD
2024-06-17,2024-12-13,002371,北方华创,信息技术,OLD
2024-06-17,2024-12-13,300223,北京君正,信息技术,OLD
2024-06-17,2024-12-13,300316,晶盛机电,工业,OLD
2024-06-17,2024-12-13,300474,景嘉微,信息技术,OLD
2024-06-17,2024-12-13,300661,圣邦股份,信息技术,OLD
2024-06-17,2024-12-13,300782,卓胜微,信息技术,OLD
2024-06-17,2024-12-13,301269,华大九天,信息技术,OLD
2024-06-17,2024-12-13,600460,士兰微,信息技术,OLD
2024-06-17,2024-12-13,600584,长电科技,信息技术,OLD
2024-06-17,2024-12-13,600703,三安光电,信息技术,OLD
2024-06-17,2024-12-13,600745,闻泰科技,信息技术,OLD
2024-06-17,2024-12-13,603290,斯达半导,信息技术,OLD
2024-06-17,2024-12-13,603501,韦尔股份,信息技术,OLD
2024-06-17,2024-12-13,603893,瑞芯微,信息技术,OLD
2024-06-17,2024-12-13,603986,兆易创新,信息技术,OLD
2024-06-17,2024-12-13,688008,澜起科技,信息技术,OLD
2024-06-17,2024-12-13,688012,中微公司,信息技术,OLD
2024-06-17,2024-12-13,688041,海光信息,信息技术,OLD
2024-06-17,2024-12-13,688047,龙芯中科,信息技术,OLD
2024-06-17,2024-12-13,688072,拓荆科技,信息技术,OLD
2024-06-17,2024-12-13,688082,盛美上海,信息技术,OLD
2024-06-17,2024-12-13,688099,晶晨股份,信息技术,OLD
2024-06-17,2024-12-13,688126,沪硅产业,信息技术,OLD
2024-06-17,2024-12-13,688256,寒武纪,信息技术,OLD
2024-06-17,2024-12-13,688396,华润微,信息技术,OLD
2024-06-17,2024-12-13,688728,格科微,信息技术,OLD
2024-06-17,2024-12-13,688981,中芯国际,信息技术,OLD
2024-12-16,2025-06-13,002049,紫光国微,信息技术,OLD
2024-12-16,2025-06-13,002156,通富微电,信息技术,OLD
2024-12-16,2025-06-13,002185,华天科技,信息技术,OLD
2024-12-16,2025-06-13,002371,北方华创,信息技术,OLD
2024-12-16,2025-06-13,300223,北京君正,信息技术,OLD
2024-12-16,2025-06-13,300316,晶盛机电,工业,OLD
2024-12-16,2025-06-13,300474,景嘉微,信息技术,OLD
2024-12-16,2025-06-13,300661,圣邦股份,信息技术,OLD
2024-12-16,2025-06-13,300782,卓胜微,信息技术,OLD
2024-12-16,2025-06-13,301269,华大九天,信息技术,OLD
2024-12-16,2025-06-13,600460,士兰微,信息技术,OLD
2024-12-16,2025-06-13,600584,长电科技,信息技术,OLD
2024-12-16,2025-06-13,600703,三安光电,信息技术,OLD
2024-12-16,2025-06-13,600745,闻泰科技,信息技术,OLD
2024-12-16,2025-06-13,603501,韦尔股份,信息技术,OLD
2024-12-16,2025-06-13,603893,瑞芯微,信息技术,OLD
2024-12-16,2025-06-13,603986,兆易创新,信息技术,OLD
2024-12-16,2025-06-13,688008,澜起科技,信息技术,OLD
2024-12-16,2025-06-13,688012,中微公司,信息技术,OLD
2024-12-16,2025-06-13,688041,海光信息,信息技术,OLD
2024-12-16,2025-06-13,688047,龙芯中科,信息技术,OLD
2024-12-16,2025-06-13,688072,拓荆科技,信息技术,OLD
2024-12-16,2025-06-13,688082,盛美上海,信息技术,OLD
2024-12-16,2025-06-13,688099,晶晨股份,信息技术,OLD
2024-12-16,2025-06-13,688120,华海清科,信息技术,+
2024-12-16,2025-06-13,688126,沪硅产业,信息技术,OLD
2024-12-16,2025-06-13,688256,寒武纪,信息技术,OLD
2024-12-16,2025-06-13,688396,华润微,信息技术,OLD
2024-12-16,2025-06-13,688728,格科微,信息技术,OLD
2024-12-16,2025-06-13,688981,中芯国际,信息技术,OLD
2025-06-16,2025-12-12,002049,紫光国微,信息技术,OLD
2025-06-16,2025-12-12,002156,通富微电,信息技术,OLD
2025-06-16,2025-12-12,002185,华天科技,信息技术,OLD
2025-06-16,2025-12-12,002371,北方华创,信息技术,OLD
2025-06-16,2025-12-12,300223,北京君正,信息技术,OLD
2025-06-16,2025-12-12,300316,晶盛机电,工业,OLD
2025-06-16,2025-12-12,300474,景嘉微,信息技术,OLD
2025-06-16,2025-12-12,300661,圣邦股份,信息技术,OLD
2025-06-16,2025-12-12,300782,卓胜微,信息技术,OLD
2025-06-16,2025-12-12,301269,华大九天,信息技术,OLD
2025-06-16,2025-12-12,600460,士兰微,信息技术,OLD
2025-06-16,2025-12-12,600584,长电科技,信息技术,OLD
2025-06-16,2025-12-12,600703,三安光电,信息技术,OLD
2025-06-16,2025-12-12,600745,闻泰科技,信息技术,OLD
2025-06-16,2025-12-12,603501,韦尔股份,信息技术,OLD
2025-06-16,2025-12-12,603893,瑞芯微,信息技术,OLD
2025-06-16,2025-12-12,603986,兆易创新,信息技术,OLD
2025-06-16,2025-12-12,688008,澜起科技,信息技术,OLD
2025-06-16,2025-12-12,688012,中微公司,信息技术,OLD
2025-06-16,2025-12-12,688041,海光信息,信息技术,OLD
2025-06-16,2025-12-12,688047,龙芯中科,信息技术,OLD
2025-06-16,2025-12-12,688072,拓荆科技,信息技术,OLD
2025-06-16,2025-12-12,688082,盛美上海,信息技术,OLD
2025-06-16,2025-12-12,688120,华海清科,信息技术,OLD
2025-06-16,2025-12-12,688126,沪硅产业,信息技术,OLD
2025-06-16,2025-12-12,688249,晶合集成,信息技术,+
2025-06-16,2025-12-12,688256,寒武纪,信息技术,OLD
2025-06-16,2025-12-12,688396,华润微,信息技术,OLD
2025-06-16,2025-12-12,688728,格科微,信息技术,OLD
2025-06-16,2025-12-12,688981,中芯国际,信息技术,OLD
2025-12-15,2026-06-12,002049,紫光国微,信息技术,OLD
2025-12-15,2026-06-12,002156,通富微电,信息技术,OLD
2025-12-15,2026-06-12,002371,北方华创,信息技术,OLD
2025-12-15,2026-06-12,300223,北京君正,信息技术,OLD
2025-12-15,2026-06-12,300316,晶盛机电,工业,OLD
2025-12-15,2026-06-12,300474,景嘉微,信息技术,OLD
2025-12-15,2026-06-12,300661,圣邦股份,信息技术,OLD
2025-12-15,2026-06-12,300782,卓胜微,信息技术,OLD
2025-12-15,2026-06-12,301269,华大九天,信息技术,OLD
2025-12-15,2026-06-12,600460,士兰微,信息技术,OLD
2025-12-15,2026-06-12,600584,长电科技,信息技术,OLD
2025-12-15,2026-06-12,600703,三安光电,信息技术,OLD
2025-12-15,2026-06-12,600745,闻泰科技,信息技术,OLD
2025-12-15,2026-06-12,603501,豪威集团,信息技术,OLD
2025-12-15,2026-06-12,603893,瑞芯微,信息技术,OLD
2025-12-15,2026-06-12,603986,兆易创新,信息技术,OLD
2025-12-15,2026-06-12,688008,澜起科技,信息技术,OLD
2025-12-15,2026-06-12,688012,中微公司,信息技术,OLD
2025-12-15,2026-06-12,688041,海光信息,信息技术,OLD
2025-12-15,2026-06-12,688047,龙芯中科,信息技术,OLD
2025-12-15,2026-06-12,688072,拓荆科技,信息技术,OLD
2025-12-15,2026-06-12,688082,盛美上海,信息技术,OLD
2025-12-15,2026-06-12,688120,华海清科,信息技术,OLD
2025-12-15,2026-06-12,688126,沪硅产业,信息技术,OLD
2025-12-15,2026-06-12,688249,晶合集成,信息技术,OLD
2025-12-15,2026-06-12,688256,寒武纪,信息技术,OLD
2025-12-15,2026-06-12,688396,华润微,信息技术,OLD
2025-12-15,2026-06-12,688521,芯原股份,信息技术,+
2025-12-15,2026-06-12,688728,格科微,信息技术,OLD
2025-12-15,2026-06-12,688981,中芯国际,信息技术,OLD
2026-06-15,2026-12-11,001309,德明利,信息技术,+
2026-06-15,2026-12-11,002049,紫光国微,信息技术,OLD
2026-06-15,2026-12-11,002156,通富微电,信息技术,OLD
2026-06-15,2026-12-11,002371,北方华创,信息技术,OLD
2026-06-15,2026-12-11,300223,北京君正,信息技术,OLD
2026-06-15,2026-12-11,300316,晶盛机电,工业,OLD
2026-06-15,2026-12-11,300604,长川科技,信息技术,+
2026-06-15,2026-12-11,301269,华大九天,信息技术,OLD
2026-06-15,2026-12-11,600460,士兰微,信息技术,OLD
2026-06-15,2026-12-11,600584,长电科技,信息技术,OLD
2026-06-15,2026-12-11,600703,三安光电,信息技术,OLD
2026-06-15,2026-12-11,603501,豪威集团,信息技术,OLD
2026-06-15,2026-12-11,603893,瑞芯微,信息技术,OLD
2026-06-15,2026-12-11,603986,兆易创新,信息技术,OLD
2026-06-15,2026-12-11,688008,澜起科技,信息技术,OLD
2026-06-15,2026-12-11,688012,中微公司,信息技术,OLD
2026-06-15,2026-12-11,688041,海光信息,信息技术,OLD
2026-06-15,2026-12-11,688047,龙芯中科,信息技术,OLD
2026-06-15,2026-12-11,688072,拓荆科技,信息技术,OLD
2026-06-15,2026-12-11,688082,盛美上海,信息技术,OLD
2026-06-15,2026-12-11,688120,华海清科,信息技术,OLD
2026-06-15,2026-12-11,688126,沪硅产业,信息技术,OLD
2026-06-15,2026-12-11,688249,晶合集成,信息技术,OLD
2026-06-15,2026-12-11,688256,寒武纪,信息技术,OLD
2026-06-15,2026-12-11,688396,华润微,信息技术,OLD
2026-06-15,2026-12-11,688498,源杰科技,信息技术,+
2026-06-15,2026-12-11,688521,芯原股份,信息技术,OLD
2026-06-15,2026-12-11,688525,佰维存储,信息技术,+
2026-06-15,2026-12-11,688702,盛科通信,信息技术,+
2026-06-15,2026-12-11,688981,中芯国际,信息技术,OLD
