factor,periods,rank_ic,ic_ir,win,s_i,direction,turnover,net_excess,gross_excess,sharpe,max_dd,max_pool_corr,corr_size,corr_h03,corr_t10,corr_e,corr_f
alpha191_070,120,-0.11121908020454857,-0.4301837693212336,0.6333333333333333,0.030301607323794423,0,0.48363690113811214,-33.57598332571128,-26.263393380503018,-0.7618442852653724,75.73737766729157,-0.5558758098696752,-0.5694347693266941,-0.7173936287702856,-0.7290400066835344,-0.5558758098696752,-0.6223638195235757
alpha191_088,120,-0.08550132883658319,-0.46994075788101586,0.6083333333333333,0.024443173557922863,0,0.6232720810182881,-40.67356102981216,-31.249687164815644,-0.9765085851524186,81.36928032171484,0.03962138127396061,-0.02731920661500305,0.03962138127396061,-0.3591509307787585,-0.05414402497729159,0.0005497867379486709
alpha191_071,120,-0.07597657678379886,-0.48783922565550675,0.6166666666666667,0.022856351871468162,0,0.7172182619775107,-41.74228936578606,-30.897949244686096,-1.1016178896446231,81.6352279127412,0.05964937003639965,-0.02092828924250775,0.05964937003639965,-0.29732882994747467,-0.03656924856051362,0.020691199273752566
alpha191_095,120,-0.09705161656398034,-0.36304635147466957,0.6166666666666667,0.021727778433934197,0,0.20638818645660456,-24.879812527689936,-21.759223148466077,-0.43358582679250196,69.13338593251133,-0.5864076366266642,-0.6252576671609418,-0.8636698401606212,-0.7659710084971941,-0.5864076366266642,-0.6912693153955628
alpha191_132,120,-0.09757835153978843,-0.3372169946189961,0.6,0.019743047067674005,0,0.1736276358310433,-22.857380463973286,-20.23213061020791,-0.35708774347025896,66.20864820390558,-0.6127184260017309,-0.6555284343267893,-0.887425009192525,-0.779510708802986,-0.6127184260017309,-0.722209970991561
alpha191_134,120,-0.0566144887882558,-0.5653497924198827,0.6083333333333333,0.0194709186030089,0,0.7240868975623258,-40.842162949321825,-29.893969058179458,-1.0730883500406774,80.1738942726624,0.08494416881447085,0.022841083228500696,0.08494416881447085,-0.18347840761248363,-0.016643567330577588,0.027429759831490947
alpha191_059,120,-0.08063468543093388,-0.42530740110272297,0.5666666666666667,0.019433566149640782,0,0.552343136333535,-38.475256957464204,-30.123828736101153,-0.9075955693317035,81.18889549016943,0.014051906023590913,-0.012937776124352771,0.014051906023590913,-0.2987459832272054,-0.03113764366831944,-0.0011383942339109425
alpha191_118,120,-0.07987886735533038,-0.4196194014128386,0.5666666666666667,0.01899394275293492,0,0.6425624085547825,-34.358018997523686,-24.642475380175377,-0.830549785140393,73.94195456479271,-0.08677578238051036,-0.08677578238051036,-0.10574767511250192,-0.41753789250290957,-0.13836253978012125,-0.13724698206009073
alpha191_046,120,0.06441956094467843,0.46077398650550755,0.6166666666666667,0.018304429041671955,1,0.7956377323114563,-7.796693127135376,4.233349385413843,0.16821883603994456,33.52592675128584,0.20569589747428654,0.016174650397874645,-0.06415521628154891,0.20569589747428654,0.01776775178903491,-0.0330681245025404
alpha191_097,120,-0.07281076014234499,-0.46164857213028027,0.5333333333333333,0.017926924509564738,0,0.44498508625093075,-29.32159717385693,-22.593422669742857,-0.6824750376038895,67.10214372475956,-0.20724949099439716,-0.383207765257024,-0.6279657752595962,-0.497227729623965,-0.20724949099439716,-0.3195167280624916
alpha191_042,120,0.08071850137851572,0.37093486779391677,0.575,0.01721625131648362,1,0.8305482690222881,-6.752715199532452,5.805174628084542,0.18467348008929363,44.12421297396521,0.3507783069732343,0.02698700917140404,0.08801890630422433,0.3507783069732343,0.20809478682298896,0.22426319688120888
alpha191_100,120,-0.06685110731750221,-0.45005311498208284,0.5666666666666667,0.017049044483337918,0,0.27859666963301244,-25.680042159804962,-21.467660514953813,-0.5355626058871031,63.36526699350229,-0.1925328732176151,-0.368334119091089,-0.642787586524561,-0.5070828260063428,-0.1925328732176151,-0.31881357621887746
alpha191_106,120,-0.08167640777851069,-0.40125177997589045,0.5166666666666667,0.01693261540163478,0,0.5580382498330986,-38.484855367867354,-30.047317030390907,-0.8821702853013375,81.77565394125897,0.03710513122552738,-0.014767021244275874,0.03710513122552738,-0.3144175020387324,-0.033037547309741386,0.010480934699476703
alpha191_029,120,-0.05198108601110439,-0.5167412922518199,0.6083333333333333,0.016340303914468907,0,0.8544164040768453,-41.0155713239638,-28.096795294321897,-1.088429375261881,80.87119768880625,0.05395952600775429,-0.0021282196492068252,0.05395952600775429,-0.138360348080774,-0.009579816552384435,0.027060186298518155
alpha191_020,120,-0.0525292440468732,-0.48837943266504197,0.6,0.015392521443561279,0,0.8573654685799597,-39.68618420990231,-26.722818324973318,-1.0335190014284217,79.41728773848554,0.0481129144767441,-0.006448198633762327,0.0481129144767441,-0.1419767499962322,-0.011228892452449173,0.024554714345910656
alpha191_135,120,-0.07754685634914801,-0.3531097601355133,0.55,0.015060403514590922,0,0.5649927181053154,-34.781127895624515,-26.238437997872143,-0.6990191387794971,76.45237301398451,0.010689168402806553,-0.0335540800925302,0.010689168402806553,-0.4928063613064804,-0.07589624386005459,-0.027090658225701825
alpha191_167,120,-0.08450572166719549,-0.30053055607973805,0.5833333333333334,0.014814655055994401,0,0.3733806122849226,-26.002437342987644,-20.356922485239615,-0.3519803950598655,73.94557297002082,-0.08912708447124394,-0.1407593987611244,-0.08912708447124394,-0.4849098806470275,-0.451476046191736,-0.4092698166503016
alpha191_018,120,-0.04973529709685142,-0.48130231910109417,0.6083333333333333,0.014562109248953705,0,0.8539683285291236,-39.193797983781685,-26.281796856421337,-1.002093964048673,80.0620407093827,0.041074659127233216,-0.01062564243122633,0.041074659127233216,-0.11947064048113974,-0.01096182501307109,0.021151953308806117
alpha191_019,120,-0.05252924803657954,-0.4447992839824663,0.6,0.014018983148884771,0,0.8573654685799597,-39.68618420990231,-26.722818324973318,-1.0335190014284217,79.41728773848554,0.04811291604718899,-0.006448200713406666,0.04811291604718899,-0.14197674835006616,-0.011228894187141602,0.024554714137714897
alpha191_081,120,-0.06072659855845661,-0.39189891292334095,0.5833333333333334,0.013882567977011574,0,0.1737228071760852,-23.129778978772872,-20.50309013427046,-0.4488632261170956,61.604910413861404,-0.21581800802635145,-0.4265525680507406,-0.7135256814091174,-0.4941568350437822,-0.21581800802635145,-0.35491145482994063
alpha191_055,120,-0.07590537495190701,-0.3518999093517561,0.5083333333333333,0.013578139737150958,0,0.5634149097715134,-40.218979102893385,-31.700145667148107,-0.9796764714378844,82.55830631300378,0.024335210182832932,-0.021705956815141977,-0.010432173593543474,-0.3044747171291084,0.0020953673670623266,0.024335210182832932
alpha191_067,120,-0.07551019530177087,-0.31414670609110174,0.5583333333333333,0.013244380847777135,0,0.6394279343240581,-33.87914215743669,-24.210991790456937,-0.8538726425687129,73.22673770550159,0.015971533344708157,-0.031045983597440544,0.015971533344708157,-0.5184362476286456,-0.07546508547643577,-0.02966586264950854
alpha191_116,120,-0.0680580448645844,-0.3300201369466032,0.5583333333333333,0.012540459951644918,0,0.638607022626668,-38.03072583681874,-28.37498765470352,-0.8673419807633818,80.73430579263015,0.04043248992724875,-0.008406496327040821,0.04043248992724875,-0.2721685597497441,-0.02232198539769666,0.0174849911142033
alpha191_187,120,-0.08251685621138156,-0.26081040036471675,0.5583333333333333,0.012016033653808239,0,0.2457291025224459,-21.79240193203159,-18.07697790189221,-0.21450441260504713,70.42224443056766,-0.0992210176023732,-0.14477125641057711,-0.0992210176023732,-0.5078825368374571,-0.4711826049129671,-0.433829552419076
alpha191_035,120,0.060861006536697224,0.36051597884429876,0.5333333333333333,0.011702061517347553,1,0.5701664579141561,-6.942042150127612,1.6788746935344268,0.19730898477552558,42.16116997295977,0.2526274200320279,-0.07111237565280687,0.0009857026454922174,0.2526274200320279,-0.06932483396737314,-0.053626247226817754
alpha191_084,120,-0.053831647514150885,-0.38815940895880796,0.5583333333333333,0.011666520435990861,0,0.5214118529213893,-32.40494183704236,-24.521194620870958,-0.7557473758398601,72.54943217793432,-0.02407223181263316,-0.02407223181263316,-0.03501086794727529,-0.259449855174485,-0.07576679189043865,-0.07067093478415183
alpha191_110,120,-0.06514791898437565,-0.3245309650539403,0.5333333333333333,0.011276009076936185,0,0.6929807947037319,-30.77761536167487,-20.29974574575445,-0.6689045067134387,70.44120898918544,0.05760840534255996,-0.01995352335310978,0.05760840534255996,-0.32033032489092766,-0.057435750160885535,-0.005299497672161555
alpha191_147,120,-0.06415172824373333,-0.3195187086246803,0.5416666666666666,0.01110290857242618,0,0.6593315767990284,-36.58716405743698,-26.618070616235666,-0.7958166625560718,78.91709849437176,0.03452034757250422,-0.007934871764587055,0.03452034757250422,-0.2721914395557482,-0.019445231914588534,0.016646591622567847
alpha191_094,120,-0.05369112825090273,-0.38620817418995285,0.5333333333333333,0.011059174726389195,0,0.4053763302995295,-28.098201508252004,-21.968911394123115,-0.5955104980993857,69.11442948535439,-0.06549417655403321,-0.06549417655403321,-0.10925103743953977,-0.3350032662178341,-0.07299749642003729,-0.08576733581770164
alpha191_034,120,0.05028767452785441,0.38817532536479266,0.5583333333333333,0.01089890921877618,1,0.9389335053946318,-3.8200175324874133,10.376657069079421,0.27327867072540263,33.21051917384757,0.16053608186609225,0.05195150291836028,-0.041447618394249756,0.16053608186609225,0.03181288044340858,-0.01551066738927216
alpha191_060,120,-0.04404318980613454,-0.4362578819501843,0.5666666666666667,0.010888040262854046,0,0.5708120418094748,-31.89045198726599,-23.25977391510673,-0.7915913040012083,69.38150370342314,0.0005965360020081245,0.0005965360020081245,-0.008565605447172286,-0.1992694892471626,-0.017266442912973568,-0.010276546476705574
alpha191_066,120,-0.0409351157989013,-0.40484698642762174,0.6416666666666667,0.01063399405674434,0,0.85919727308559,-37.43716098351489,-24.446098214460775,-0.9524089962977225,77.6083389786727,0.05160120489591931,0.0001946175498043018,0.05160120489591931,-0.08380873074852001,0.005316050752665205,0.03521470782571591
alpha191_079,120,-0.0635454941013955,-0.3036750024914358,0.55,0.01061344794375844,0,0.7635975572339564,-32.869158267688825,-21.3235632023114,-0.8697590260345867,71.02164963538857,0.059854785864195494,-0.010221183308554418,0.059854785864195494,-0.3518302811610757,-0.03622609284218466,0.015416980660985586
alpha191_031,120,-0.05028767452785441,-0.37669429688236183,0.5416666666666666,0.010260835107314552,0,0.9368859638702368,-29.428553438225503,-15.262837664507522,-0.6106062458052962,71.16334346333413,0.041447618394249756,-0.05195150291836028,0.041447618394249756,-0.16053608186609225,-0.03181288044340858,0.01551066738927216
alpha191_149,120,0.06909704251318409,0.2815872255362987,0.5166666666666667,0.010052702988593116,1,0.08525510271908195,4.7452371774993924,6.034294330611911,0.7371096057356601,21.366571083563336,0.4874772963839979,0.1274476934773034,0.2792982400612504,0.32829992481513287,0.40620993354143875,0.4874772963839979
alpha191_063,120,-0.05965002534195847,-0.30379791952060575,0.55,0.009966854479031116,0,0.8331423208315953,-38.210199063367725,-25.613087172394,-0.9250264451403506,76.72180266117856,0.020939734625847164,-0.009888606196929014,0.020939734625847164,-0.24221258216921715,-0.06811423438430708,-0.045051191160070475
alpha191_166,120,-0.04833256514649877,-0.3611310094808012,0.5666666666666667,0.009890819890552623,0,0.8150793230366841,-39.04304020660591,-26.719040842291243,-0.977043823157738,78.80808994888238,0.026706990967909926,-0.00934382806710971,0.026706990967909926,-0.0024522750497924664,-0.0181043482336278,0.006500820181179497
alpha191_189,120,-0.07410805466155743,-0.24168438463953063,0.55,0.009850917773241163,0,0.3922776331678829,-23.69262074020656,-17.76138292670817,-0.2862852484793279,70.88143925115008,-0.11262460618330922,-0.15711081341292718,-0.11262460618330922,-0.43279124876437713,-0.46224180951860194,-0.4259722830302639
alpha191_026,120,0.05422650842253356,0.32116896265097256,0.5583333333333333,0.00972386156418921,1,0.7351359716638549,-11.729214162848468,-0.6139582712909819,0.0778787557819724,47.2719011725607,0.13621764575124334,0.00452799895443782,-0.05965120255676341,0.13621764575124334,-0.027416186885839522,-0.06637918441642753
alpha191_069,120,-0.06372562383869096,-0.29034009311668535,0.525,0.009713604368603308,0,0.6813166543640932,-31.124838333927574,-20.823330519942484,-0.6818281576881269,74.52759385150888,-0.01557254922763952,-0.02144405246953772,-0.01557254922763952,-0.34546760587125164,-0.06415041917272231,-0.0433823110306461
alpha191_151,120,-0.06998024024407187,-0.2677254045251672,0.5166666666666667,0.009680002199524806,0,0.355838502832163,-27.332961157188397,-21.95268299436609,-0.4413709743408823,73.626355178665,-0.014569565679273777,-0.02865673336987878,-0.014569565679273777,-0.5078221898606484,-0.058040869971952236,-0.029112321109899794
alpha191_075,120,-0.05644367362232279,-0.3139833876303953,0.5416666666666666,0.0095996202543807,0,0.3445328665767026,-22.765083753566973,-17.555746810927232,-0.5306727023063822,55.692352407615594,-0.23169192260452975,-0.2630611507522337,-0.25367119022446066,-0.4540191266533166,-0.23502569716900604,-0.23169192260452975
alpha191_054,120,0.07201134404573696,0.24572343925990264,0.5333333333333333,0.009437266733144852,1,0.8413704310093195,-6.514098520290784,6.207422396570128,0.18541386296155923,35.11161815065815,0.41506827433387095,0.1835007384486228,0.1355805837863368,0.4005092821510599,0.41506827433387095,0.37603392114941925
alpha191_175,120,-0.07602479027027015,-0.2318146355284101,0.5333333333333333,0.009399284825400795,0,0.2790582500003404,-21.602278502359436,-17.38291776235429,-0.2079590807496191,70.43041501156169,-0.09786990749467685,-0.15062817199829628,-0.09786990749467685,-0.4510720041701778,-0.4792215547692796,-0.44031032777449525
alpha191_041,120,0.06163921143810738,0.24943649716969807,0.6083333333333333,0.0093531669685662,1,0.9218502153048871,-12.098391766486003,1.8399834889238909,-0.00029622125186743896,45.37008366099396,0.34563895169784353,0.139970869598614,0.043777761952128555,0.31135335440510553,0.34563895169784353,0.296213562134056
alpha191_065,120,0.04093511412590901,0.37105143398585266,0.6083333333333333,0.00923999495138245,1,0.8730297782505225,-14.646432926647332,-1.4462226794994315,-0.048277373993580334,40.99784810678931,0.08380872917343765,-0.00019462059728611315,-0.05160120730640798,0.08380872917343765,-0.005316051819247029,-0.03521470860868411
alpha191_003,120,-0.051276052023637685,-0.3391008841401028,0.525,0.009128571152625461,0,0.7689411638584452,-36.936108478453896,-25.3097180809142,-0.8898793337343217,80.98871124938877,0.023518716260209287,-0.005974193212032084,0.023518716260209287,-0.12763092006863994,-0.011164262175016586,0.011197594096606506
alpha191_113,120,0.051121589652566406,0.3056797255427524,0.5833333333333334,0.009115652871678332,1,0.7115751298467703,-1.6291270310370767,9.12988893224609,0.36459119878463697,37.733662859909735,0.2605197407243612,0.015656819219537033,0.06664104770906334,0.2605197407243612,0.1590892462202342,0.17281635997671219
alpha191_014,120,-0.04903476441639032,-0.327907831276447,0.525,0.008441413709888275,0,0.7785071711756469,-38.3100531848482,-26.539024756672415,-0.9189502111530882,82.82689172137083,0.03732583187723808,-0.00096880757175735,0.03732583187723808,-0.10550297987121059,0.0003499716190713635,0.025662764445357814
alpha191_048,120,-0.035452399406232016,-0.40031383280690175,0.5833333333333334,0.008278716768297422,0,0.9102583366624287,-31.347897748006353,-17.584791697670433,-0.7527227530768887,68.34083784207058,0.06508422471072842,0.019841300826316428,0.06508422471072842,-0.031294218487116394,0.018117391604294077,0.04497941605975022
alpha191_154,60,0.04948496728094584,0.27860752669451483,0.6,0.008272130605621986,1,0.7422689095070215,-0.2483257781270648,10.974780133619099,0.6749286986535462,22.74857584354327,0.3361310651317338,0.006404728139855043,0.033499334660111464,0.3361310651317338,0.06112396478013656,0.0642729220339906
alpha191_043,120,-0.0421884800540011,-0.3794298828513961,0.5166666666666667,0.008270577856360187,0,0.7309190097029201,-33.79793931905792,-22.746443892349767,-0.8421187263207425,72.68986400984254,-0.022936035831908824,-0.027819826579230225,-0.022936035831908824,-0.14665429600555593,-0.03407223506029433,-0.025872810254515013
alpha191_161,120,-0.07387732296796988,-0.21535429036869844,0.5166666666666667,0.008220062538754923,0,0.19841198659586617,-19.424931078994263,-16.424941841664765,-0.1395432287424272,68.37464746200895,-0.09936696996248741,-0.1482791830132752,-0.09936696996248741,-0.45280496922590796,-0.4847389746560997,-0.44896951297914117
alpha191_122,120,-0.06690553710624549,-0.25638821727277944,0.475,0.008148050907565336,0,0.5386286583066928,-28.978187158047287,-20.83412184445009,-0.5175040762489108,70.6988813188637,0.020252421027332657,-0.03951787067326332,0.020252421027332657,-0.4817107102900235,-0.082544048437471,-0.026087294983751234
alpha191_105,120,0.04074539696178119,0.4181931189414457,0.475,0.008093736203028426,1,0.8727456529201666,-6.3978231575380295,6.79809111461489,0.18968872218210353,36.65210630958581,0.14863808241698565,-0.03704373157742661,0.06527898727259261,0.14863808241698565,-0.006395702471201261,0.03551051079065754
alpha191_064,120,-0.042049422025176024,-0.37851299680057715,0.5083333333333333,0.008090761811778133,0,0.8685469326843414,-23.387946040285396,-10.255516418098154,-0.3996483351544575,58.9853111894841,0.055904881694837316,0.055904881694837316,-0.02928693760571952,-0.12286703634306936,0.005158422075936629,-0.030554656131428427
alpha191_052,120,-0.05886874774308795,-0.2696105506744154,0.5,0.007935817748263596,0,0.6250235516792562,-29.566747218659494,-20.11639111726914,-0.6363385527698249,68.96832591058902,0.03816823179223567,-0.02606341281185282,0.03816823179223567,-0.4266361666474048,-0.06013982625467636,-0.010757682408926248
alpha191_145,120,-0.04289185611872764,-0.3390470928496563,0.5416666666666666,0.007877111192156021,0,0.8850377133429749,-31.908649468469708,-18.526879242723926,-0.7195420838403871,68.60029088233726,0.048399738139623026,-0.04379389539281065,0.048399738139623026,-0.09139096447249462,-0.040095672954563136,0.017366821969992466
alpha191_080,120,-0.023708196336254383,-0.5193571211713897,0.6166666666666667,0.007593029368373951,0,0.9127369395013758,-26.856726020212978,-13.056143494952178,-0.5595993200657203,62.23365344219918,0.01838992933965503,-0.023249361711332517,0.01838992933965503,-0.002713321280961109,-0.015222133166320182,0.00731312690278429
alpha191_168,120,0.031473059248490476,0.4250614091955338,0.5666666666666667,0.007580856985652804,1,0.8522398080881065,-11.699421807857501,1.1864440904346685,0.02058138327386332,40.336181675795615,0.04806987813266952,0.04806987813266952,-0.03505068473077064,0.022681649595871586,0.03627049817610299,-0.010044915374967468
alpha191_078,120,-0.046091966806291434,-0.29249799214205136,0.5583333333333333,0.007527342657467731,0,0.926998388003352,-32.84810227000088,-18.831886643390195,-0.8715037712183861,69.91110737564942,0.04833825573676599,-0.0011417704170413267,0.04833825573676599,-0.1664724938847229,-0.013399364149848237,0.019447832023476906
alpha191_098,120,0.037446945046659505,0.34590666938478837,0.5666666666666667,0.0073401172225109395,1,0.7069583342638065,-10.882785488031857,-0.19357547396310348,0.08041447138344958,37.55837450837652,0.10015586382944844,0.045218854704076036,-0.029329483467483142,0.09091080515775563,0.10015586382944844,0.05512293266568129
alpha191_179,120,-0.0342667739895539,-0.4036265147206056,0.525,0.00726126374196423,0,0.8955666046263935,-24.968672232443442,-11.427705170492375,-0.5029384339497227,59.417749767583786,0.012109712026993704,0.012109712026993704,-0.02826148903212747,-0.07946353564541633,-0.027723803816862562,-0.04679048659452707
alpha191_083,120,0.04769031474062356,0.3070845880164307,0.475,0.006956356310886691,1,0.8652953584940513,-9.813032745373384,3.270233075056672,0.0674224788418816,38.997005569374785,0.15229793852871587,-0.08915336521808195,-0.005514885225880391,0.15229793852871587,0.008289454653187872,0.04268777648342736
alpha191_036,120,-0.04519406078988548,-0.3472263599644716,0.44166666666666665,0.006930884738870868,0,0.8663480304376269,-22.018594481848407,-8.919412261631487,-0.3574791018919156,58.36892554684398,0.062273468880591515,0.062273468880591515,-0.033731897011522856,-0.14016461827802648,0.009690037604266427,-0.03045676311336048
alpha191_032,120,0.03713506937499149,0.3657533927068813,0.5,0.006791138806154271,1,0.87547325292542,-8.073037342601674,5.1641182416306775,0.12762417604120044,38.14584800617739,0.11500431445123914,-0.03736340652272575,0.03704382336954312,0.11500431445123914,0.010702158938003086,0.0429535551554312
alpha191_099,120,0.048046779715091276,0.2942557288828387,0.4666666666666667,0.006597752086584106,1,0.8561645076020629,-10.137166946581392,2.8080404083618005,0.056797777606820435,36.933528521263845,0.15288433556496298,-0.08302409204889022,-0.004908685511613933,0.15288433556496298,0.007151372098420988,0.03716475697458702
alpha191_150,120,-0.06327491949673165,-0.19346354394952323,0.5333333333333333,0.006528741423444527,0,0.09331036051146793,-17.310230622604887,-15.899377971671491,-0.11328884899773019,64.57340402429466,-0.1880603802196285,-0.2847354323625523,-0.1880603802196285,-0.416492182463201,-0.535593908566033,-0.48284197704399356
alpha191_139,120,0.040144346867536866,0.3261943618655029,0.49166666666666664,0.006438305974407098,1,0.869995090829671,-9.287946381184655,3.8663793921599687,0.0869944940044895,45.847862207492504,0.13263694545088328,-0.03823815787364799,0.05475168261138316,0.13263694545088328,-0.012734314283694044,0.021781066409560363
alpha191_092,120,0.03629846473531039,0.35978084646798264,0.49166666666666664,0.006420917080912776,1,0.9310294484560893,-9.423682964039607,4.653482296616462,0.11051760337642844,37.20528365053182,0.09309702698937027,0.029601995270265673,0.004013521793482652,0.09309702698937027,0.06319904442368932,0.04847475343888218
alpha191_190,120,0.038885138757100854,0.3299414743242729,0.5,0.00641491000541089,1,0.7447941654209693,-6.653519280644363,4.6077685005206925,0.1909968413170924,36.061080456330984,0.1715940574459925,0.06033828673172972,0.008543366639833728,0.1715940574459925,0.10071474316596808,0.06410164121792206
alpha191_089,120,-0.04404555069606776,-0.2700512329212758,0.5333333333333333,0.00634376281075715,0,0.7499859816320255,-35.77744148773193,-24.437653445455698,-0.8185883216666009,76.58104132181433,0.043514969185094926,-0.006089946222017339,0.043514969185094926,-0.0069941597141765545,-0.009638336164822991,0.019047065591567835
alpha191_159,120,-0.08863598390147585,-0.1432377806119679,0.49166666666666664,0.006242210628066045,0,0.5182378818700273,-35.10610948985492,-27.270352715980106,-0.57345776118138,76.4701239800036,0.06768523581327299,0.06768523581327299,-0.053521876180111665,-0.4543104167444909,-0.2590908114628193,-0.29965452845601986
alpha191_114,120,0.05186929847711077,0.2270588802229904,0.5166666666666667,0.006084982162251831,1,0.9732644311619151,-16.855140371382458,-2.139382172214299,-0.1863725541466707,45.935138900324446,0.3311056344071298,0.22072871547440992,0.28108056832938433,0.3311056344071298,0.2900363262446515,0.32313361089868925
alpha191_027,120,-0.0442482696336374,-0.28934561506077705,0.4666666666666667,0.005974753303175961,0,0.42598315829798217,-24.41128298421796,-17.970417630752465,-0.32117971949736185,63.071644300816786,0.1178816256926185,0.1178816256926185,-0.05962969203787905,-0.10406778676640821,0.020415663880008608,-0.01919112897679133
alpha191_074,120,-0.04250091608434056,-0.3007831003437345,0.44166666666666665,0.005646071144056107,0,0.8433233449595785,-19.27155299945174,-6.52050402366291,-0.24663238996582018,54.30562312886777,0.023400354564873327,0.023400354564873327,-0.047917121407162935,-0.12378736860309572,-0.027264067697324857,-0.048788689835639894
alpha191_112,120,-0.049358933987124806,-0.23272687103415723,0.475,0.005456396375592411,0,0.8479158103527845,-31.64531765772849,-18.824830605194386,-0.8304740405224942,68.53159033966882,0.06917807808730143,0.013315571972992745,0.06917807808730143,-0.21204711979818752,-0.009496584490742399,0.029659425740037052
alpha191_040,120,-0.04218062631593316,-0.25184138810482687,0.5083333333333333,0.0053999373036222615,0,0.6238707751518254,-22.574276420622915,-13.141350300327314,-0.37475299318304783,61.35124476426751,0.012469452947648504,0.012469452947648504,0.011546424124496338,-0.3135989459720463,-0.027848682492309842,-0.014008432504593741
alpha191_090,120,0.03833536201302148,0.3092936710989758,0.44166666666666665,0.005236790808712739,1,0.8768260925728364,-7.3298466327630765,5.927763886938209,0.15479884776726768,37.16832661138473,0.11586490254812441,-0.05462548447721062,0.025455221296896265,0.11586490254812441,-0.006098903252629849,0.02742058905110674
alpha191_056,120,0.037166271971305634,0.27486090994391515,0.5,0.005107777666628048,1,0.726666031899791,-6.736798178952529,4.250392223372312,0.19079987163350082,33.55374428420198,0.16515818813128424,-0.0005774832520552174,-0.029936062470985916,0.16515818813128424,0.11214907727811783,0.09293332120914387
alpha191_016,120,0.037684389389320484,0.2965073223939208,0.45,0.0050281638272447835,1,0.8776711540055365,-8.190994878771907,5.079392969791807,0.12321876876246221,40.74804004230968,0.11913371640211405,-0.05408572020312155,0.020484834853947573,0.11913371640211405,-0.009980256018412095,0.016832487398696798
alpha191_174,120,-0.05843424548129169,-0.16433101932739375,0.5166666666666667,0.004961322213843372,0,0.1285852982156588,-15.254165698769528,-13.309955989748767,-0.012028547405065319,63.79704735359053,-0.12399927303798448,-0.1452532925390616,-0.12399927303798448,-0.3961083658407047,-0.46645091711168024,-0.4527496402466138
alpha191_173,120,-0.05114138757360109,-0.18203742336937806,0.525,0.004887564371252363,0,0.08168730087788038,-15.98353350074888,-14.748421511475328,-0.06955193785013215,63.385416696145526,-0.086990379425648,-0.21253662257533967,-0.086990379425648,-0.34165976101200307,-0.47630758015315006,-0.4097658868005666
alpha191_158,120,-0.04882443514413341,-0.1944595178969624,0.5083333333333333,0.00482630786085751,0,0.7896969745100338,-29.435437907225108,-17.4952196526334,-0.487456698679691,66.07025469199934,0.04994478645239811,0.04994478645239811,-0.00279624444270589,-0.26696266937618063,-0.1624481103510871,-0.17883309947218867
alpha191_121,120,0.048439033560853724,0.1804171158902715,0.55,0.0048065769023587146,1,0.8871836059119134,-11.92107410650518,1.4931420148829533,0.01770778741887451,40.64958384347813,0.3287374832328419,0.14085965999743583,0.048651637310495634,0.29250303713528886,0.3287374832328419,0.28316716700136074
alpha191_012,120,0.0518677283703695,0.17996682609104833,0.49166666666666664,0.004589447971922611,1,0.329112002091122,1.3301271171294955,6.30630058874726,0.49560098710746875,27.14898588818334,0.4548182042899247,0.18491764035296163,0.0844444932229663,0.33981313928254575,0.4548182042899247,0.3984708885764165
alpha191_164,120,-0.06421389574103614,-0.14758392754677288,0.48333333333333334,0.004580520485994868,0,0.23612905507096713,-16.296183225165407,-12.725911912492382,-0.04342361339757097,65.05356629398543,-0.09761114167608374,-0.13461753148156236,-0.09761114167608374,-0.4068916846276,-0.45256276923693206,-0.4240439790125083
alpha191_109,120,-0.027519472152748126,-0.2980920808835865,0.55,0.004511835195356831,0,0.9144937592606744,-28.623939404123732,-14.796793764102334,-0.6530722970125248,64.42177370780304,0.0269237369084438,-0.031218610129073336,0.0269237369084438,-0.0768707747460859,-0.03891916543002701,-0.003057315951430691
alpha191_136,120,0.027066380515151638,0.3274605634575103,0.5083333333333333,0.004505445875575524,1,0.8753650352144083,-5.847634339813262,7.3878849926285906,0.2097563062765739,37.12352625264829,0.09238959445629291,-0.032873272352339965,0.043037000884368314,0.09238959445629291,-0.014186312806752558,0.017401398790579243
alpha191_058,120,-0.03933346814305575,-0.244692689911004,0.4666666666666667,0.004491485657611445,0,0.6887233400239999,-26.01399725141711,-15.600500350254231,-0.5073714485654163,64.92928061049156,0.06395979338644671,0.06254890367773203,0.06395979338644671,-0.17989162982104506,0.01117521117666715,0.021209166020117694
alpha191_157,120,0.04651993555880803,0.20241971547919899,0.475,0.004472862256964182,1,0.9079847688509364,-6.751194409292763,6.977535295733395,0.18255404414791174,38.476519301409496,0.23410018331129154,0.062155503177068284,0.011174012540046824,0.23410018331129154,0.13309430473843437,0.09725819330334963
alpha191_050,120,-0.045503458306114644,-0.20271097512869127,0.48333333333333334,0.004458291029064119,0,0.8496205069080041,-29.525627978212388,-16.679365913763366,-0.7219004546754115,67.70641803751012,0.051492386671155674,-0.0002204026417381044,0.051492386671155674,-0.2294341914366085,-0.027665998123450098,0.009307219578966007
alpha191_051,120,-0.04550292606426217,-0.2027110224429532,0.48333333333333334,0.0044582399222058,0,0.8496205069080041,-29.525628060603125,-16.679365996154104,-0.7219004589907081,67.70641817520418,0.05149283142714323,-0.00021996090473436943,0.05149283142714323,-0.22943762058545078,-0.027671301359919295,0.009301972202805292
alpha191_126,120,-0.04966005250793471,-0.17195432712399414,0.5166666666666667,0.004411951472204468,0,0.06622807548193739,-15.170839456364781,-14.16947095507789,-0.04589484543391519,62.1392460291194,-0.08658711968865371,-0.2114183453364013,-0.08658711968865371,-0.33269317450822317,-0.47526992960465037,-0.4098328852585989
alpha191_011,120,-0.03011554756483641,-0.31857715022973493,0.4583333333333333,0.004397307438706241,0,0.7866471239029649,-33.3920912497065,-21.497986736293672,-0.9033899640000951,70.2997655200077,0.02782430703743676,0.010933235891652607,0.02782430703743676,-0.07056095466455004,0.007645433049254176,0.02153491879473033
alpha191_006,120,0.03515817706381417,0.24562537529804154,0.5083333333333333,0.004389834721681295,1,0.8184129078368749,-13.330844878181708,-0.9564417116881607,-0.06222768127151413,44.282936619808886,0.07977408329249377,-0.007280066692693296,-0.03362559838675005,0.07977408329249377,-0.00020656875914821978,-0.016288645399752413
alpha191_049,120,0.04516906916060591,0.20146411911603254,0.475,0.004322474696622995,1,0.8693785152649162,-10.553523267850837,2.591479882954695,0.05155025144127053,39.940328518118825,0.22728082658460663,-0.0002160391849646633,-0.05170885284848697,0.22728082658460663,0.025618296675024972,-0.011233244364624676
alpha191_169,120,-0.042566272320699004,-0.21440398776797595,0.4583333333333333,0.00418292349290543,0,0.6219459905589829,-28.33719475319354,-18.93337137594172,-0.4957894263738017,71.65696472657707,0.029321158714276683,-0.011550846111418015,0.029321158714276683,-0.1110166975042761,-0.021511540605448482,0.010232315046166895
alpha191_153,120,-0.04690424574487843,-0.1622202657184203,0.5166666666666667,0.003931223257495737,0,0.050173042019113205,-14.65717750225657,-13.898561106927577,-0.027690269537672604,61.96991781261597,-0.08823382889936024,-0.21116536669023622,-0.08823382889936024,-0.3230490950737437,-0.47508117993044685,-0.41065227530753795
alpha191_007,120,0.04426166334722562,0.1857185042654686,0.475,0.003904599708745517,1,0.8793203994744221,-13.784766498214058,-0.4894420581607939,-0.07281682171996097,33.62239623442832,0.27575396678110947,0.18189401792460957,0.21063101504602555,0.27575396678110947,0.23664105725216888,0.24473198917758554
alpha191_047,120,0.04139902684417991,0.20805701187682152,0.45,0.003876011018913777,1,0.7519789234747805,-7.179391737575267,4.190529585363412,0.17760314929250628,37.79845690349182,0.21011108324074187,-0.027760270154640256,-0.0846096707658875,0.21011108324074187,-0.02641210341717355,-0.06575616826581655
alpha191_038,120,0.02475362975599656,0.30694355820322217,0.5083333333333333,0.0038622999911732936,1,0.8799663443084289,-26.06717277747589,-12.762081651532442,-0.516762355311223,61.99514988343152,0.07162607758241744,0.00622715151130365,-0.022742378399917232,0.07162607758241744,0.0339711976746068,0.0167636916771256
alpha191_072,120,0.042066639772772293,0.197580831518916,0.45,0.003740202749479974,1,0.643364438595875,-4.702263357571295,5.025406953998335,0.26627614135367367,35.99692594267642,0.2748770233313977,-0.034959870432708755,-0.08577578824678796,0.2748770233313977,-0.03318721763593444,-0.07206144399977973
alpha191_140,120,0.05010211941477911,0.1484079707252366,0.49166666666666664,0.003655813986762249,1,0.890786265163246,-15.336418224610131,-1.867729895341852,-0.09388321343443906,38.03568011464682,0.256948259079589,-0.058434616743519754,0.002468387455164913,0.256948259079589,0.08174644099935584,0.10810169212169764
alpha191_057,120,-0.036567975421802776,-0.1968965451162457,0.49166666666666664,0.0035400531110373044,0,0.8677925147381269,-26.02055254096083,-12.89952971812035,-0.5897615790230674,60.899474759721585,0.07152587437561554,0.011185373172836851,0.07152587437561554,-0.14532295922985153,0.008336894338438212,0.04610490894183908
alpha191_129,120,-0.053199627013582204,-0.1339556172139972,0.475,0.0033850347142754503,0,0.3027337746170595,-16.267471471142922,-11.690136798932983,-0.043461488698398165,62.633493530522564,-0.1280266160013209,-0.14667847034954432,-0.1280266160013209,-0.3652878126826059,-0.45537901898149935,-0.43728127331642763
alpha191_128,120,-0.037646798848451235,-0.1761915645444808,0.5083333333333333,0.0033717995978433234,0,0.8055493497301005,-26.666758515068278,-14.48685234714916,-0.5863913963752307,64.04260689147765,0.027728520169443223,0.006978450930313109,0.027728520169443223,-0.21784406143211013,-0.022135022677754124,-0.0018025906322734079
alpha191_073,120,0.02637981047772112,0.28860444934718227,0.44166666666666665,0.0033625543822558652,1,0.924795424234318,-11.389243671497251,2.5936631429256396,0.009415848197818471,45.97421459149638,0.04263914953058813,0.02138151903792794,0.008420815897980423,0.04263914953058813,0.025377960609428037,0.016661405674467018
alpha191_082,120,0.041351101592034006,0.18753023006629446,0.43333333333333335,0.003360318691187836,1,0.5804203136724733,-3.8803432697809255,4.89561187294687,0.29618005487538795,34.21683677785373,0.3090597057543985,-0.039916725630327436,-0.08278578283824428,0.3090597057543985,-0.03817855227676089,-0.07390731528575685
alpha191_077,120,-0.03485437649629041,-0.19136549494414248,0.5,0.0033349625045910507,0,0.6985985337075113,-19.15175508388899,-8.588945254231417,-0.21040936283861594,62.26983447799942,-0.04224421331800857,-0.09425163034527675,-0.04224421331800857,-0.1874554249924571,-0.27014385588977324,-0.2442293897514291
alpha191_148,120,0.03478400981456976,0.17611534302052168,0.5333333333333333,0.003267198837398477,1,0.7714073738504627,-10.20854667722666,1.4551328153923349,0.0631870209888454,37.07798760699986,0.20299999722700304,0.0201316209270051,-0.0012350730729746332,0.20299999722700304,0.15074052459151258,0.13010546411883323
alpha191_010,120,-0.03410670527284975,-0.20894069360160952,0.4583333333333333,0.003266211050746829,0,0.6637205171750219,-26.399640531193103,-16.364186311506767,-0.4957643395576779,71.06354625791138,-0.01402904230953111,-0.06405085784063641,-0.01402904230953111,-0.12394005834350982,-0.13164192708531158,-0.10296721601875708
alpha191_068,120,-0.06120301540155957,-0.20724346946890498,0.25,0.003170981313444508,0,0.6326369371712066,-29.239366736276956,-19.67389624624831,-0.5906087543858268,76.57495441242408,0.013378901718980615,-0.04951857964466215,-0.011803954998059259,-0.22948731546089135,-0.015289655557429633,0.013378901718980615
alpha191_141,120,0.019521923616778382,0.36486375413168176,0.44166666666666665,0.003145922032921284,1,0.8939985411262517,-9.844635688993037,3.6726222528358887,0.06639150925365021,42.33890872961326,0.060529913710673414,0.016010879087140845,0.04428158594253149,0.060529913710673414,0.032376880015153965,0.04505314407148875
alpha191_160,120,-0.049924861069280325,-0.12037769271624914,0.49166666666666664,0.0029548377958104675,0,0.1308483275213746,-12.725354940517642,-10.74692822839446,0.057892352869959106,59.8589405959512,-0.14921469060854964,-0.16738739649461737,-0.14921469060854964,-0.35567792490773076,-0.4754518706744703,-0.4653511968058311
alpha191_023,120,-0.031961637758419606,-0.1904817938834069,0.48333333333333334,0.0029425865462431094,0,0.6343669910407824,-23.9840079737628,-14.39237906922617,-0.44319167678798643,62.7925050637971,0.0730912339857855,0.05216079062160572,0.0730912339857855,-0.22339786727701547,0.04394502651670887,0.06008740413003639
alpha191_028,120,-0.027952507568744546,-0.19103494529280296,0.55,0.0029369481648054765,0,0.9446990970484482,-25.764896323010934,-11.481045975638393,-0.6039494367465127,58.19096292919301,0.053627914224533696,0.008552975765121882,0.053627914224533696,-0.06785477046862456,0.009704510194259332,0.036324565487051194
alpha191_176,120,-0.032440915537443805,-0.22375027844222015,0.38333333333333336,0.0027824878223623793,0,0.8835739239250955,-20.335076163298883,-6.97543843355144,-0.3137352940471211,55.0970438421549,0.004857049649475561,0.004857049649475561,-0.044152681265876334,-0.12029352002781775,-0.03192734676438962,-0.050792375857955464
alpha191_102,120,-0.0222218920402517,-0.23469027647105226,0.5083333333333333,0.002651091509873578,0,0.9149164209142957,-24.014358973554156,-10.180822689330004,-0.4724370074072072,57.26075195045293,0.036190289665841896,-0.046507814842840715,0.036190289665841896,-0.014475262398289338,-0.03549631893706491,0.008383270998238735
alpha191_170,120,0.029008114846854786,0.18430859828170723,0.49166666666666664,0.0026286687848908045,1,0.8998488417489106,-15.016113810314447,-1.410399323070921,-0.08021860664125534,36.609634865753385,0.10142350326159262,0.05407214141923524,-0.0027285944436159218,0.10142350326159262,0.06185333973834219,0.03036058339197652
alpha191_096,120,-0.03566951406887589,-0.1699900990384827,0.4166666666666667,0.0025264434288428186,0,0.8347047301398481,-26.797660961573914,-14.176925441859412,-0.5932044184546902,63.117747101326536,0.07426872690713533,0.014773366589236904,0.07426872690713533,-0.17741847305799338,0.008283202005888854,0.047535894850736164
alpha191_053,120,-0.027537595583414568,-0.1754660804455619,0.48333333333333334,0.002335425081593106,0,0.8424909478250836,-23.078472723220823,-10.34000959210556,-0.4273385888077053,62.193868618646164,0.0664815414089092,0.05788041913970204,0.0664815414089092,-0.11736244754856327,0.016898260792506618,0.026836953624888867
alpha191_155,120,-0.015546171743152322,-0.3130119860971856,0.4666666666666667,0.002270864443648292,0,0.82508561566499,-34.69457803088025,-22.219283522025602,-0.9083750799171023,72.56982218468286,0.09653690882225503,0.010139628853209385,0.04051451183261826,0.09653690882225503,0.004184766487207632,0.01778395953501839
alpha191_171,120,-0.014680792798732089,-0.2919990784550266,0.5083333333333333,0.0021791121338446385,0,0.9022060761447669,-23.83432913172258,-10.192973260413707,-0.4144106313008616,58.03943035319483,-0.05177105769638636,-0.05398458891015513,-0.05177105769638636,-0.10275498385799628,-0.09232665003008812,-0.08580701186460692
alpha191_184,120,0.028562871821701148,0.14649308158759805,0.5083333333333333,0.002127000415344224,1,0.6812511614200115,-9.506815076729866,0.7937024839407059,0.1274476315628843,46.346574866096745,0.06666897690102754,-0.0888973912800562,-0.01427898097420208,0.06666897690102754,-0.03754059093906449,-0.002539501480925984
alpha191_076,120,-0.0176662073081552,-0.24441290919869424,0.475,0.0020509783332793865,0,0.647859225684721,-19.490295434118927,-9.694663941765945,-0.2580729035328481,54.563834321896564,0.06402677984498041,0.06402677984498041,0.04160274739129314,-0.06323571995352967,0.040993817715123136,0.03857213747162305
alpha191_039,120,0.024334730807835277,0.1696959582781291,0.475,0.001961515095341061,1,0.9683230987400261,-13.119926017239248,1.5211192357099446,-0.00840640000092695,49.49486725879135,0.07138643015368937,-0.011953032162840393,-0.03626978442406923,0.07138643015368937,-0.01274489765591247,-0.027879622177413042
alpha191_037,120,0.021787690071059622,0.15698458606875232,0.5083333333333333,0.001738668516159776,1,0.9048521030490178,-21.416538663793855,-7.735174865692707,-0.25442959150615924,61.53973289963558,0.02058738025502877,0.009457370276401322,-0.0026463038145107206,0.01617342849484304,0.02058738025502877,0.013103979255483063
alpha191_001,120,0.024527468020007683,0.17294757107284048,0.4,0.0016967864074508403,1,0.8903187987767772,-11.204574779449263,2.2570454580556065,0.017810716850925223,38.75631478175515,0.07253481983079843,-0.03690924065302436,-0.005873563192828788,0.07253481983079843,-0.01205107332925639,-0.0002860516709523424
alpha191_137,120,-0.02394956527728185,-0.15345015716386567,0.4583333333333333,0.001684404588077365,0,0.7949473147624311,-31.76065280558079,-19.741049406372834,-0.7122084927356791,72.21863076054743,0.02772945644907613,0.011093633992686943,0.022380377077964534,-0.05146130570704353,0.01900162132543492,0.02772945644907613
alpha191_165,120,-0.024450264462079704,-0.14146364903952255,0.475,0.0016429412246238978,0,0.23172957367784652,-14.019262842134317,-10.51551168812528,0.018673932899867275,59.74041939216652,-0.05813406003073962,-0.11534844425663622,-0.06860067064292312,-0.05813406003073962,-0.2523539308783776,-0.22825485774692775
alpha191_009,120,-0.05374739899703489,-0.14366454784995009,0.20833333333333334,0.0016086657864624746,0,0.7088554338030248,-27.164758548278844,-16.446864389177108,-0.5134384578172858,74.72821939014402,0.02124117464454698,-0.022452395262898283,0.011685990540935092,-0.1339035177659077,-0.002520323712809643,0.02124117464454698
alpha191_152,120,-0.026776999186867125,-0.13083685771041864,0.44166666666666665,0.0015473431410314906,0,0.709510556338044,-21.545393179425155,-10.817593567593931,-0.28182373803846344,62.40251606401615,0.04109679893088396,-0.005609233432133681,0.04109679893088396,-0.15345947593544537,-0.006129817399500485,0.032079196307111986
alpha191_022,120,-0.02039507123308375,-0.22290629039289317,0.3333333333333333,0.0015153965569551693,0,0.6244545136534886,-20.989924884460866,-11.548172638020116,-0.2929026830725733,59.27368386476785,0.09638238574614928,-0.03609736865606064,0.09638238574614928,-0.02204931539502262,-0.03226482536447573,0.009880296225095992
alpha191_025,120,0.028734143975870086,0.11465479836792007,0.4583333333333333,0.0015099825967545778,1,0.9177809973472961,-15.641139031402718,-1.7642903515115993,-0.10701144028740518,57.05317982580258,0.09301503454213358,-0.023241122173853913,-0.052706478407352604,0.09301503454213358,0.008904597896343614,-0.02479234180855674
alpha191_182,120,0.020103711551050264,0.14039397039520785,0.5166666666666667,0.0014582606069048403,1,0.6297407362912758,-2.9851846950169723,6.536495237707118,0.3193973600776649,32.540261165739956,0.11430193551677605,0.09072172899672155,0.04054058818758423,0.11430193551677605,-0.012937441992469543,-0.04293358702328837
alpha191_180,120,0.011040604030948227,0.265539986951634,0.49166666666666664,0.0014414299097387736,1,0.8945212210832232,-10.904981777274553,2.620179085503782,0.039949361203032836,44.21201318179908,0.32239135525035123,0.16711865919928615,0.32239135525035123,0.20296912598732728,0.07518966921871417,0.15305356303456338
alpha191_093,120,-0.036709070854184636,-0.08596431623499204,0.45,0.001420051579020836,0,0.2487907466195721,-12.195776368499885,-8.434060279611955,0.06891519619746717,57.76779289332802,-0.0844261562267539,-0.1290642844536324,-0.0844261562267539,-0.2778414035170258,-0.42516371076939047,-0.40112738943203324
alpha191_044,120,-0.014842363910478558,-0.21531710264934584,0.4083333333333333,0.0013049577074158453,0,0.8694186499219136,-21.452678409119912,-8.307068422300578,-0.3835787696226959,57.951658782906094,-0.01325523049275175,-0.02493101358762421,-0.017288036958041642,-0.03343763787565351,-0.017416652153385077,-0.01325523049275175
alpha191_144,120,-0.03934250707605457,-0.06270793495314825,0.5166666666666667,0.0012746618102198193,0,0.4846376029546164,-18.93785035565726,-11.61012979898346,-0.11965464055467986,52.96303041423505,0.2677149305936526,0.2677149305936526,0.10669894477481102,-0.15293244304763437,-0.048010709410678545,-0.10430836777779721
alpha191_101,120,0.016684257729197453,0.15149856704615108,0.38333333333333336,0.000968929102977466,1,0.7183467319938618,-7.7668007833641335,3.094601804383057,0.15350891720297816,39.13485707134725,0.09665031675544832,-0.0282128786184589,0.03686631849533429,0.09665031675544832,-0.02557908846976408,0.003088822816663331
alpha191_183,120,-0.015015715077810486,-0.1318540476932528,0.475,0.0009404443357085114,0,0.4430315480236704,-16.424309606394633,-9.725672600276736,-0.06789069920532163,57.96908515474628,0.03230448732670407,-0.08371088859627147,-0.0880883534996821,0.03230448732670407,-0.18966763675605539,-0.1873889208163653
alpha191_015,120,0.018111051409328796,0.11322244355677942,0.38333333333333336,0.0007860547067795531,1,0.8703589750763122,-19.427613449869245,-6.267785746715404,-0.21017184546444076,52.09074105687333,0.10437045721337937,0.039330703174472834,0.08764434741357241,0.10437045721337937,0.06316214715442858,0.08432414797727791
alpha191_061,120,-0.019454505760456122,-0.07472857284114745,0.5333333333333333,0.0007753639737646763,0,0.8857373238738682,-19.49140495130423,-6.099056614331344,-0.25045577810965974,52.09901046475406,-0.06050907910658681,-0.08625785569652274,-0.06050907910658681,-0.09403066153821112,-0.0886218529393705,-0.071310130532046
alpha191_138,4,0.014391567320228454,0.09030862112648827,0.5,0.0006498413002694308,1,1.0,-26.68385398521478,-11.563853985214777,-2.306330375902944,5.713239213824273,0.049680397823112135,0.02825616213014729,0.018066255090276283,0.049680397823112135,0.006690398577566937,0.01607435404492642
alpha191_117,120,0.015877564493770722,0.11414237751545527,0.35,0.0006343060361658882,1,0.8860121147300426,-11.91852944869235,1.477973726025894,-0.002669807615464072,45.93845370133748,0.043217552328433224,-0.003251879040059416,0.009150957624440851,0.043217552328433224,0.0031770012922065754,0.013475881670576003
alpha191_162,120,-0.012601872109785505,-0.09824441215868096,0.5083333333333333,0.0006293489547417497,0,0.9298932041694435,-23.61490399800208,-9.554918750960095,-0.4887664833096467,54.32441428413695,0.054426033777832325,0.019618948057184633,0.054426033777832325,0.05352800107745001,0.028129053802597663,0.04234231675104048
alpha191_185,120,0.02929758119146223,0.043923992334401425,0.48333333333333334,0.0006219855869739737,1,0.8822706968494964,-16.038086881189383,-2.698153944824999,-0.19161502797790594,47.50233296179945,0.19125434526970286,-0.03531561042258066,0.010072835751518693,0.19125434526970286,0.11641645565316454,0.12785985368318842
alpha191_123,120,0.014809811952103829,0.09923123918871989,0.36666666666666664,0.0005388518637916985,1,0.7199194362301296,-7.9318292397713765,2.9533526360281837,0.1501352262626365,35.659120818423986,0.04848689479849836,-0.036934650806071605,0.004308387558329343,0.04848689479849836,-0.02307972929531084,-0.0023526590372002104
alpha191_013,120,-0.01441175583835632,-0.0852073568849326,0.425,0.0005218947397993686,0,0.9696034718173617,-27.83982962711403,-13.179425133235522,-0.5302226907200255,70.83099785576381,-0.018964633288110672,-0.08092547873557268,-0.018964633288110672,-0.025398585633266434,-0.10074291242049023,-0.0745983415319149
alpha191_085,120,0.012060315266155832,0.11089362001536922,0.375,0.0005015295068964905,1,0.933811770905637,-10.849338405794724,3.269895570298509,0.03375411013592085,40.84436625534388,0.07436631230488372,0.019361168714372056,0.020486495386902562,0.07436631230488372,0.01728651628411413,0.016654018853781004
alpha191_124,120,-0.022428031141472758,-0.0498726479221944,0.39166666666666666,0.00043809690944345074,0,0.6843086921497944,-17.882039646687453,-7.535292221382561,-0.20116652888795772,58.44667150776623,-0.060902500733714594,-0.1305890629397294,-0.060902500733714594,-0.09913122304106274,-0.09711002109392,-0.06204971798502527
alpha191_086,120,-0.016140649804288285,-0.06488149243395334,0.39166666666666666,0.00041016486719444155,0,0.8374197490985587,-17.407499179988186,-4.745712573617977,-0.20277399741386842,59.09897351690074,-0.009395547479879059,-0.010220328754181022,-0.009395547479879059,-0.07613185991860023,-0.057221945265188805,-0.05422925403726024
alpha191_178,120,-0.0059856513267710024,-0.17107757146526945,0.375,0.00038400400973319414,0,0.7969760926267633,-30.475648058167888,-18.425369537651225,-0.6990593102728805,66.17681328925111,0.051805199233948766,0.015994360064340327,0.051805199233948766,-0.008957318532496249,0.01318382881106466,0.031678631262300076
alpha191_108,120,0.01632713722030238,0.05528899164354778,0.4083333333333333,0.0003686069726123454,1,0.8991604892594887,-15.669713521431744,-2.074406923828276,-0.149588334794013,52.773245254094,0.10449221448159882,0.0016703418121882118,-0.006260428914133367,0.10449221448159882,0.061692904769164114,0.05315948983821046
alpha191_146,120,0.005364214107025722,-0.16250813210779572,0.39166666666666666,0.00034142696244728965,0,0.8724922332888496,-19.653147996323767,-6.46106542899636,-0.31979184979197894,51.684596537255935,0.002838523566009764,-0.007800584788523746,0.002838523566009764,-0.006957676817604169,-0.009782374326233474,-0.006966854269416753
alpha191_008,120,-0.009374417872375303,-0.07863611351506362,0.43333333333333335,0.0003194393747782231,0,0.7388192894361759,-30.037134848443696,-18.866187192168717,-0.5452089890000079,70.91759380110582,-0.013271979901773534,-0.013271979901773534,-0.025675078650610503,-0.01478696137919235,-0.02661872622175463,-0.024547751238465625
alpha191_130,120,0.019184229039218605,0.11728453275474406,0.14166666666666666,0.00031875188970933906,1,0.8755750253392982,-8.152426906818322,5.086267476311868,0.1271958844204125,37.77159288245584,0.06253736429075928,-0.05824034977967405,0.01393179193408495,0.06253736429075928,-0.04804827040856737,-0.020126003219953385
alpha191_172,120,-0.00836749020395962,-0.08875661071295778,0.4083333333333333,0.0003032569455265771,0,0.8677050353618405,-16.96694234156861,-3.847242206897583,-0.17673040173994403,50.91895257596748,0.0016652727416286372,-0.00718435400886784,0.0016652727416286372,-0.03865332182929811,-0.012723611141560304,0.00041303089699132876
alpha191_120,120,0.05114797787395857,0.018276423119081578,0.275,0.0002570705734602196,1,0.13719799931430002,3.4442729559979552,5.518706705630172,0.5703910922629405,29.96123785670377,0.41823561305029777,0.1859437936555931,0.07725692017375568,0.31871401004829897,0.41823561305029777,0.35909594362083685
alpha191_191,120,-0.011490978585586955,-0.05359672672543976,0.39166666666666666,0.00024121921196500385,0,0.8563554287266364,-22.288384337887646,-9.340290255540907,-0.28601382402316344,58.89371132582985,-0.01892440206100561,-0.01892440206100561,-0.029131340110802102,-0.047136991871134785,-0.037222837012051015,-0.04363950959015163
alpha191_107,120,-0.0261040000227028,0.02169668253367774,0.4083333333333333,0.0002312678322186105,1,0.7644867203962766,-27.694256249450305,-16.135217037058602,-0.47042436752496847,66.53042136368443,-0.12139033115126112,-0.12139033115126112,-0.12605689610029122,-0.15242122251475373,-0.1737865088758958,-0.17403271760807276
alpha191_181,120,0.007413350809382894,0.07255794727723024,0.4166666666666667,0.00022412396548950674,1,0.8201149780990459,-23.20891632780016,-10.808777858942587,-0.3049557169449184,59.32616134253599,0.023242234991808317,0.023242234991808317,-0.001901055309418459,-0.00429560035235992,-0.01627104429547641,-0.026927904443353863
alpha191_142,120,0.0034984544216635697,0.1390098931256755,0.45,0.00021884389886722488,1,0.8398897280813509,-19.391073871910663,-6.691941183320638,-0.20206342504929742,59.60192310398207,-0.044779920894043874,-0.044779920894043874,-0.06286398648918107,-0.053886845192404546,-0.08366008829115197,-0.09003307857596318
alpha191_004,120,0.005402803455567393,0.08446013715842025,0.4,0.00018252860835888359,1,0.8532112897486493,-11.454467221029363,1.446087479970215,0.015543469295816197,42.65901967217257,0.036106902768115276,-0.023627573283472855,-0.010077740164323739,0.036106902768115276,-0.018860089075375102,-0.010155588653213015
alpha191_156,120,-0.0032037988461991536,-0.07980413798364405,0.45,0.0001150543823372626,0,0.9992303723904761,-24.40275221861905,-9.294388988075053,-0.41129461646924004,68.66635028825418,0.10699164501736061,0.08687340076144609,0.09824659341157004,0.08744426435410432,0.10639060225730586,0.10699164501736061
alpha191_131,120,-0.010088782378988389,0.030235090801941165,0.375,0.00011438821924115173,1,0.8720183696782867,-20.690465609042086,-7.50554785950639,-0.299756184970368,63.190759251786545,0.014110502966936282,-0.00152134234961879,0.014110502966936282,-0.05775032733621758,-0.00597405179332407,0.008028079367106039
alpha191_021,120,0.005823345529263456,0.045417849163586224,0.425,0.00011240562727210102,1,1.0,-14.806895380151941,0.31310461984805915,-0.07075151245819482,48.724524164480854,0.0012595480728789632,-0.0013519588140269545,0.0012595480728789632,-0.0074070406494798425,-0.0025530676850907597,-0.0004258616231375874
alpha191_127,120,-0.013859940848242077,0.019561983461982166,0.4083333333333333,0.00011071057291008973,1,0.6530992721312083,-14.074272798895926,-4.199411804272057,-0.01302566507859824,44.72183316413263,0.04637589899260424,0.04637589899260424,-0.10700845951464508,-0.08592916186344123,-0.13838628763612312,-0.20587769442090592
alpha191_111,120,0.0032242807819362488,-0.07919546245693766,0.39166666666666666,0.00010001145964977931,0,0.757945178395057,-28.694198239345997,-17.234067142012734,-0.6587964596681847,64.76827778871102,-0.013530342161174639,-0.01562201804555515,-0.028149220472556708,-0.024231947659587437,-0.013530342161174639,-0.020095625728253786
alpha191_091,120,-0.002042610469136648,0.10410191563808692,0.44166666666666665,9.391585104329528e-05,1,0.7915149271632896,-15.382815138000888,-3.4151094392919523,-0.08579774110672661,52.06622751169356,-0.07245047049931588,-0.07506524107837814,-0.07245047049931588,-0.1128593010209304,-0.1790546550385906,-0.17364893739712173
alpha191_087,120,-0.005432681122889904,-0.030424587640514686,0.4166666666666667,6.886961789430568e-05,0,1.0,-20.005902423763146,-4.885902423763144,-0.27992797449789064,61.76981665092804,0.0018932193171994165,-0.006920700052983205,2.7522403608779e-05,0.0018932193171994165,-0.01556170195794236,-0.012182175092201564
alpha191_125,120,-0.0017703012340348563,-0.10526918737757604,0.3,5.590745169611082e-05,0,0.9992005271021768,-21.20183832444442,-6.093926354659507,-0.2609232934998912,68.22938822421115,0.004876422653814497,-0.03136434233388614,-0.04116766078331733,0.004876422653814497,-0.02059309817309394,-0.021217771217241378
alpha191_024,120,0.0035521472553778004,0.0354521641481336,0.43333333333333335,5.45702332829316e-05,1,0.9983410840102321,-15.493919359108519,-0.3990021688738077,-0.08934932613762353,49.1436761031509,0.0018300978665412415,-0.002440546655929169,0.0018300978665412415,-0.014726475250489571,-0.003917579227229158,-7.86366806369676e-05
alpha191_017,120,0.04648448605763311,-0.0277751616642914,0.03333333333333333,4.303713717107531e-05,0,0.729431135919717,-15.813891042402778,-4.784892267296659,-0.06922365013420198,50.25937614031726,0.09565730676916899,-0.0017482465726665628,-0.031750696403928,0.09565730676916899,-0.0012528701821786067,-0.022295341286866662
alpha191_104,120,0.0030382964267726964,0.03617016782091721,0.38333333333333336,4.212668179765692e-05,1,0.840177097041383,-16.36059852316324,-3.65712081589753,-0.12828819401962396,52.984849591342645,0.017053493119375283,0.005395577620957745,0.0015676275601367166,0.008236536621984623,0.017053493119375283,0.013879276394123464
alpha191_115,120,-0.0008076669664301171,-0.14049296909204065,0.35833333333333334,4.066063163755944e-05,0,0.905567147496692,-17.56799242987143,-3.875817159721451,-0.21049789013966277,52.647847053616516,0.03771349477524497,-0.03194484811535319,0.009594467167585627,0.03771349477524497,-0.015832405428698928,0.001301386230314732
alpha191_188,120,0.0019961406728136503,-0.042305406404141856,0.4166666666666667,3.51864760013411e-05,0,0.9067870903760799,-19.3550802221393,-5.644459415652969,-0.3015400456006357,49.94825606801356,0.014461238770281232,-0.0020411304196314346,0.014461238770281232,-0.01795071188483579,-0.017027047592232437,-0.007857434885105504
alpha191_045,120,0.0008584049542749588,0.04229435986464374,0.4083333333333333,1.4824822618660082e-05,1,0.9686826630147113,-18.754009088902457,-4.107527224120022,-0.19978496907224938,58.39218330394198,-0.005810938098153631,-0.005810938098153631,-0.010917098572613693,-0.010018075823494187,-0.009071676764948263,-0.0059546614640768455
alpha191_002,120,-0.0013054836782267858,-0.02273389317755367,0.43333333333333335,1.2860781477200626e-05,0,0.9061610305815014,-20.842738466850133,-7.141583684457831,-0.3126726631811302,54.76672011455048,0.027134902742360682,0.027134902742360682,0.016210141990864298,0.005593760745000994,0.014338798919369187,0.009421724030580251
alpha191_119,120,0.0005657352257010807,-0.035840913463081644,0.375,7.603675225263524e-06,0,0.9373375649346279,-16.817039917464918,-2.644495935653346,-0.19063390179004833,47.75285922535437,0.006907776082262038,-0.0009862070092917577,-0.003858510731906123,0.006907776082262038,-0.0028906079183059576,0.00018074003167809586
alpha191_186,120,-0.0011657308578504574,0.009989387706286549,0.375,4.366851562593837e-06,1,0.7987220284401336,-11.19654405068279,0.88013301933203,0.029788521335062157,45.64865880751731,0.00012320661514739483,-0.006458469597081311,-0.0019412313714265736,-0.04651542713135377,-0.014296536116028427,0.00012320661514739483
alpha191_163,120,-7.091686039512232e-05,0.002236106075753436,0.4,6.34310489611565e-08,1,0.7443281980210239,-28.676662182928492,-17.42241982885061,-0.4714011463225002,69.19532812545398,-0.06630523870821411,-0.06630523870821411,-0.10043832959574175,-0.09535178926481717,-0.10733390978323569,-0.12229739107420275
